Employee_ID,Month,Department,Experience_Years,Base_Salary_INR,Attendance_Percent,Working_Days,Leave_Days,OT_Hours,Bonus_INR,Deductions_INR,Previous_Payroll_INR,Payroll_Cost_INR,Absenteeism_Risk,Anomaly
1,Jun,HR,12,39329,81,20,4,34,771,1497,25000,47496,High,1
2,Jan,IT,6,19228,82,23,5,26,572,985,47496,24700,High,1
3,Sep,Operations,1,45094,98,20,1,14,5166,2569,24700,51584,Low,0
4,Jan,IT,12,19624,87,20,3,35,7032,545,51584,34654,Medium,0
5,Jul,HR,3,36707,89,24,3,11,844,2382,34654,38288,Medium,0
6,Nov,HR,11,21192,97,25,1,4,4623,244,38288,27038,Low,0
7,Apr,Operations,13,43468,90,23,3,37,7564,1856,27038,58366,Low,1
8,May,HR,5,40904,87,20,3,36,2459,2151,58366,50425,Medium,1
9,Jun,Operations,9,37954,82,20,4,32,3425,675,50425,49454,High,1
10,Jun,HR,15,31818,81,25,5,4,6263,2285,49454,37169,High,1
11,Jun,Finance,11,37476,95,24,2,29,563,383,37169,44658,Low,0
12,Aug,Sales,1,41958,89,25,3,36,5580,1825,44658,54495,Medium,1
13,Dec,Operations,11,18739,94,22,2,10,5004,479,54495,25975,Low,0
14,Jan,HR,9,22238,87,23,3,25,7510,2033,25975,33330,Medium,0
15,Mar,Operations,12,36004,88,21,3,27,7077,2253,33330,47348,Medium,0
16,Dec,Operations,11,40371,92,21,2,9,679,721,47348,42088,Low,0
17,Apr,HR,0,33891,98,21,1,16,2309,16,42088,39682,Low,0
18,Jul,IT,11,37982,98,22,1,8,5656,2111,39682,43991,Low,0
19,Nov,Sales,14,47475,97,23,1,25,3268,1614,43991,54791,Low,0
20,Aug,Operations,1,24245,82,21,4,28,1329,450,54791,32020,High,1
21,Oct,Sales,3,18007,98,21,1,34,831,1489,32020,26305,Low,0
22,Jan,Sales,6,38121,92,21,2,40,2066,1422,26305,49198,Low,1
23,Jun,Operations,3,21779,95,23,2,30,3963,1277,49198,31340,Low,0
24,Mar,Sales,10,42259,88,23,3,10,4229,94,31340,48514,Medium,0
25,Sep,Finance,4,40612,97,20,1,33,2441,2633,48514,48056,Low,0
26,Dec,Finance,11,47761,85,22,4,14,4362,2218,48056,54200,Medium,0
27,Sep,Finance,7,38094,86,26,4,15,6703,1641,54200,47621,Medium,0
28,Apr,HR,15,29651,80,20,4,17,3868,1061,47621,36304,High,1
29,Dec,IT,11,32654,91,22,2,5,1806,418,36304,34956,Low,0
30,Aug,HR,10,24696,95,24,2,39,6884,7,34956,41504,Low,1
31,Nov,Finance,2,45349,83,23,4,12,3916,731,41504,51622,High,0
32,Nov,Finance,2,44241,92,23,2,25,6089,347,51622,56917,Low,0
33,Mar,HR,4,18902,84,24,4,29,6606,2686,56917,29571,High,0
34,Oct,IT,15,39537,91,21,2,35,4491,536,29571,51485,Low,0
35,Jan,Sales,4,32215,86,26,4,13,229,1031,51485,34298,Medium,0
36,May,IT,7,43024,98,22,1,16,4459,1716,34298,49235,Low,0
37,Jan,Finance,14,39707,98,26,1,33,3445,2054,49235,48815,Low,0
38,Sep,HR,0,46600,94,26,2,11,4985,16,48815,55108,Low,0
39,Mar,HR,4,33515,99,25,1,7,4558,252,55108,39438,Low,0
40,Nov,IT,15,43699,83,24,5,3,2035,783,39438,45468,High,0
41,Jan,Sales,14,36406,80,26,6,4,3631,1333,45468,40158,High,1
42,Sep,IT,6,40699,88,23,3,32,4368,1958,40158,51348,Medium,0
43,Apr,IT,8,48237,97,21,1,28,1123,1706,51348,54103,Low,0
44,Jul,Operations,10,20377,87,23,3,4,1742,2742,54103,20197,Medium,0
45,Feb,HR,11,22685,88,21,3,29,1798,385,20197,31363,Medium,0
46,Aug,HR,7,23290,93,24,2,25,2778,1725,31363,30193,Low,0
47,Jun,Finance,2,41663,91,20,2,21,4538,1878,30193,49675,Low,0
48,Dec,Sales,12,28862,96,24,1,18,4196,263,49675,36726,Low,0
49,Apr,Sales,2,26702,88,20,3,11,2215,530,36726,31201,Medium,0
50,Nov,Finance,12,22894,97,24,1,36,4051,2868,31201,32946,Low,1
51,Feb,Finance,1,44200,85,23,4,4,2203,68,32946,47834,Medium,0
52,Feb,Finance,2,37928,87,20,3,16,7067,498,47834,48626,Medium,0
53,Jan,Finance,13,48365,88,24,3,8,353,2158,48626,49213,Medium,0
54,Apr,Sales,5,26581,81,21,4,12,7636,1277,49213,36427,High,1
55,May,IT,6,27501,94,24,2,11,2216,1421,36427,30283,Low,0
56,May,Sales,0,18604,96,24,1,12,4212,1944,30283,23575,Low,0
57,Aug,Sales,13,39512,95,24,2,25,7948,2075,23575,51465,Low,0
58,Dec,HR,7,29229,86,26,4,40,1144,1657,51465,38627,Medium,1
59,Jan,HR,0,20317,100,25,0,16,3528,668,38627,26490,Low,0
60,Feb,Operations,9,37620,87,25,4,18,370,1881,26490,40188,Medium,0
61,Mar,Finance,14,18118,88,22,3,21,7967,2240,40188,28957,Medium,0
62,Apr,Sales,9,25139,91,21,2,0,2747,1563,28957,25694,Low,0
63,Aug,Finance,6,26132,96,26,2,0,744,1082,25694,25177,Low,0
64,Mar,Operations,1,30909,80,22,5,19,5158,953,25177,39237,High,1
65,Oct,IT,4,39546,99,23,1,20,5903,2024,39237,47931,Low,0
66,May,IT,4,19434,96,25,1,27,6011,2871,47931,29559,Low,0
67,Mar,IT,0,45079,98,26,1,14,697,127,29559,48434,Low,0
68,Mar,Finance,3,30341,94,24,2,3,5142,77,48434,36638,Low,0
69,Sep,HR,15,26643,80,23,5,4,6129,2060,36638,32008,High,1
70,Feb,IT,2,42436,95,22,2,4,6931,1087,32008,48960,Low,0
71,Dec,HR,7,42242,100,23,0,31,6926,1566,48960,54709,Low,0
72,Aug,Finance,1,38217,100,25,0,12,634,2456,54709,38896,Low,0
73,Jun,Finance,9,38353,98,21,1,0,3951,248,38896,42250,Low,0
74,May,Sales,6,40141,95,22,2,33,2339,1903,42250,48981,Low,0
75,Aug,Sales,6,28212,82,23,5,1,2372,1879,48981,28311,High,1
76,Sep,Operations,8,30676,86,21,3,4,4763,369,28311,35560,Medium,0
77,Dec,IT,8,49219,91,21,2,38,6719,2587,35560,63092,Low,1
78,May,Sales,11,25581,95,23,2,25,203,651,63092,30590,Low,0
79,Aug,Operations,12,27894,84,23,4,22,3081,1294,30590,34628,High,0
80,Jun,Sales,10,42600,90,26,3,25,983,801,34628,49692,Low,0
81,Jan,Finance,8,30196,82,23,5,24,7126,2413,49692,40265,High,1
82,Jun,Operations,8,45992,81,22,5,6,422,2711,40265,44987,High,1
83,Nov,HR,7,49818,88,23,3,32,2585,777,44987,60409,Medium,0
84,Jun,Operations,0,44606,100,23,0,35,4499,833,60409,57695,Low,0
85,Feb,Sales,13,32773,99,26,1,8,5279,1172,57695,39074,Low,0
86,Jan,IT,4,23595,95,23,2,21,2308,1219,39074,29657,Low,0
87,Dec,Finance,12,39495,87,22,3,30,4565,2739,29657,48828,Medium,0
88,Feb,HR,5,20463,86,24,4,31,4508,901,48828,31947,Medium,0
89,Jun,Operations,13,22574,97,21,1,15,743,715,31947,26252,Low,0
90,Sep,Sales,10,25835,91,22,2,36,1655,82,26252,37143,Low,1
91,Jul,Operations,13,42439,96,21,1,24,2213,1385,37143,50007,Low,0
92,Jan,Operations,8,36818,91,21,2,32,4335,2578,50007,46217,Low,0
93,Feb,Finance,7,30601,92,25,2,28,3537,1278,46217,39104,Low,0
94,Mar,Sales,13,41249,95,24,2,31,1,299,39104,48702,Low,0
95,Sep,Operations,14,26141,83,21,4,9,1245,2139,48702,28093,High,0
96,Feb,Operations,2,36071,81,20,4,8,1905,2332,28093,36920,High,1
97,Nov,Finance,4,38528,88,24,3,40,3583,2861,36920,50014,Medium,1
98,Feb,Sales,2,27841,96,24,1,12,3179,1068,50014,32609,Low,0
99,Oct,Sales,0,35612,89,23,3,17,7855,1295,32609,46942,Medium,0
100,Apr,Operations,7,35924,87,20,3,26,5772,2660,46942,45365,Medium,0
101,Jan,Sales,6,34328,100,23,0,5,2107,933,45365,37318,Low,0
102,Jul,Finance,7,34152,81,25,5,21,5884,1722,37318,43506,High,1
103,Nov,Operations,6,18221,89,25,3,32,552,840,43506,26148,Medium,0
104,Apr,Finance,6,25563,94,21,2,16,6229,1208,26148,34007,Low,0
105,Oct,Operations,5,47375,87,23,3,26,7457,2725,34007,57922,Medium,0
106,Oct,HR,12,19781,86,20,3,38,1162,1701,57922,28048,Medium,1
107,Dec,Sales,5,30888,94,25,2,20,6002,463,28048,40789,Low,0
108,Mar,Finance,6,24078,100,24,0,29,261,1277,40789,30872,Low,0
109,Dec,Operations,11,28869,94,21,2,6,23,320,30872,29845,Low,0
110,Feb,Finance,13,49310,83,24,5,13,3114,1460,29845,54988,High,0
111,May,Operations,2,19614,95,21,2,23,4436,1828,54988,27567,Low,0
112,Jun,Finance,15,18992,100,23,0,15,6650,2561,27567,27601,Low,0
113,Jul,Sales,12,19142,94,20,2,3,2105,798,27601,21929,Low,0
114,Feb,IT,10,29893,88,22,3,39,357,1073,21929,39655,Medium,1
115,Dec,Finance,8,27745,80,25,5,38,7507,2596,39655,41489,High,1
116,Jan,HR,3,33570,94,26,2,24,6470,1028,41489,45092,Low,0
117,Aug,HR,15,23994,80,26,6,19,6740,2834,45092,33432,High,1
118,Mar,IT,7,28741,90,23,3,23,6421,2440,33432,37833,Low,0
119,Sep,HR,12,42670,85,21,4,26,530,2660,37833,46309,Medium,0
120,Aug,IT,10,23265,93,20,2,4,2169,2558,46309,23248,Low,0
121,Apr,Sales,13,34334,94,21,2,14,1088,1707,23248,37358,Low,0
122,Oct,HR,3,43550,89,22,3,17,4643,1096,37358,51310,Medium,0
123,May,Finance,6,32398,87,21,3,15,1929,628,51310,37225,Medium,0
124,Oct,HR,10,20123,92,22,2,15,4156,2155,37225,25547,Low,0
125,Nov,Sales,14,19213,83,20,4,30,7232,946,25547,33117,High,0
126,Jun,Sales,9,25631,83,20,4,12,4919,2388,33117,30759,High,0
127,Feb,Finance,5,32716,99,22,1,0,866,2611,30759,31391,Low,0
128,Dec,IT,11,25131,81,22,5,21,1158,180,31391,30976,High,1
129,May,Sales,6,44697,80,26,6,20,3350,2778,30976,50230,High,1
130,Mar,IT,9,20553,86,20,3,31,4489,1980,50230,30141,Medium,0
131,Jul,Sales,12,39758,97,21,1,40,4374,373,30141,54296,Low,1
132,Mar,Operations,8,31427,89,25,3,19,3422,210,54296,39228,Medium,0
133,Dec,IT,11,31568,93,20,2,23,5279,807,39228,41790,Low,0
134,Dec,Operations,6,48867,80,23,5,10,3471,465,41790,53758,High,1
135,Jul,IT,11,33102,85,21,4,0,423,2259,53758,30757,Medium,0
136,Nov,Operations,2,36771,99,22,1,32,1406,597,30757,45492,Low,0
137,May,HR,5,48326,82,20,4,24,4018,808,45492,57353,High,1
138,Mar,Sales,15,28306,81,24,5,40,3177,353,57353,41788,High,1
139,Oct,HR,7,38350,92,24,2,12,6792,1937,41788,45779,Low,0
140,Oct,HR,1,31098,96,21,1,24,2942,504,45779,39042,Low,0
141,Apr,HR,1,46962,97,26,1,2,5471,1327,39042,51047,Low,0
142,Jul,IT,14,36024,100,26,0,19,5316,1720,51047,44201,Low,0
143,Oct,HR,13,30753,91,23,3,32,3590,732,44201,40858,Low,0
144,Jan,IT,15,33246,87,23,3,39,6389,1877,40858,47075,Medium,1
145,Aug,Operations,3,20199,84,22,4,27,2992,375,47075,29671,High,0
146,Sep,IT,1,19332,100,21,0,5,7554,1285,29671,27643,Low,0
147,Dec,IT,2,19778,96,23,1,8,211,271,27643,22175,Low,0
148,Dec,Sales,6,22312,95,22,2,10,5620,2953,22175,27131,Low,0
149,Feb,Finance,8,23202,90,24,3,17,7414,1869,27131,32491,Low,0
150,May,IT,15,24826,98,22,1,39,4145,972,32491,37602,Low,1
151,Jun,Sales,6,23966,92,21,2,40,7671,1139,37602,41089,Low,1
152,Jun,Operations,5,43956,88,20,3,33,397,2606,41089,49933,Medium,0
153,Aug,IT,3,26258,97,25,1,25,6045,1521,49933,36774,Low,0
154,Jul,Finance,4,29804,90,26,3,5,3623,942,36774,33296,Low,0
155,Oct,Sales,9,44864,96,22,1,19,5236,2399,33296,53010,Low,0
156,Jun,Sales,1,25262,84,22,4,39,5125,1770,53010,38422,High,1
157,Sep,Finance,1,22326,95,21,2,39,5350,186,38422,36485,Low,1
158,Jan,Sales,11,27952,83,24,5,22,4375,918,36485,36955,High,0
159,Oct,Finance,4,24690,91,24,3,30,1299,551,36955,32166,Low,0
160,Apr,HR,14,21139,82,25,5,9,7137,2725,32166,27553,High,1
161,Jul,Finance,0,19839,100,26,0,35,7312,1434,27553,34884,Low,0
162,Nov,IT,14,37722,96,25,1,31,2035,676,34884,46031,Low,0
163,Jan,Sales,0,31303,85,21,4,10,478,429,46031,33077,Medium,0
164,Oct,IT,6,22661,93,21,2,33,4981,2632,33077,33498,Low,0
165,Nov,Operations,5,34665,89,20,3,19,5127,198,33498,45027,Medium,0
166,Aug,IT,0,30293,93,25,2,29,659,2685,45027,35643,Low,0
167,Mar,HR,3,26566,87,25,4,2,1009,1374,35643,27436,Medium,0
168,Dec,Finance,1,26715,100,24,0,27,5617,2143,27436,36682,Low,0
169,May,HR,2,46837,96,20,1,10,2132,967,36682,51225,Low,0
170,Apr,HR,10,24289,92,22,2,38,1959,1554,51225,34685,Low,1
171,Dec,IT,15,33471,96,25,1,0,7024,108,34685,40482,Low,0
172,Dec,HR,9,43860,86,23,4,39,4795,318,40482,58444,Medium,1
173,Mar,HR,1,18881,83,20,4,39,7609,662,58444,35484,High,1
174,Mar,Sales,0,19364,84,25,4,40,349,2854,35484,26197,High,1
175,Dec,Sales,2,46065,98,26,1,23,1632,2186,26197,51821,Low,0
176,Feb,Operations,3,26079,86,21,3,7,277,141,51821,28708,Medium,0
177,Nov,Sales,9,33634,83,21,4,6,6487,2647,28708,38593,High,0
178,May,Finance,10,31885,88,20,3,22,2102,1157,38593,37629,Medium,0
179,Dec,Finance,10,43206,99,24,1,30,6974,1178,37629,56968,Low,0
180,Dec,Sales,13,19023,93,24,2,6,2840,1920,56968,22086,Low,0
181,Jan,IT,6,41409,82,24,5,18,1395,1786,22086,44720,High,1
182,Sep,HR,9,42975,81,20,4,22,4020,391,44720,52310,High,1
183,Dec,HR,15,37416,91,26,3,32,2134,2367,52310,44708,Low,0
184,May,HR,7,34328,85,20,3,40,6281,331,44708,50482,Medium,1
185,Dec,IT,3,38576,90,22,3,6,3287,1616,50482,42473,Low,0
186,Feb,Operations,0,30188,86,22,4,16,3506,2232,42473,35688,Medium,0
187,Mar,Operations,7,48930,94,21,2,34,4866,2823,35688,60215,Low,0
188,Oct,Sales,11,37057,90,24,3,9,7110,1844,60215,45128,Low,0
189,Sep,Finance,5,33176,94,25,2,16,4744,946,45128,40432,Low,0
190,Jun,Operations,7,34636,86,22,4,19,6182,2880,40432,43152,Medium,0
191,Mar,HR,7,41696,90,24,3,33,2855,659,43152,51825,Low,0
192,Jun,HR,8,49953,83,21,4,6,1600,1573,51825,50989,High,0
193,Mar,Finance,9,32251,88,21,3,6,5226,437,50989,38315,Medium,0
194,Apr,Operations,14,19111,80,23,5,27,5680,911,38315,30854,High,1
195,Nov,Finance,14,18724,84,22,4,38,6047,1657,30854,31825,High,1
196,Dec,HR,13,40975,98,24,1,26,6930,936,31825,54036,Low,0
197,Dec,IT,7,40269,85,25,4,7,3718,1771,54036,43807,Medium,0
198,May,Sales,13,25942,92,25,2,40,1281,1024,43807,36266,Low,1
199,Aug,Operations,0,38367,93,24,2,11,7327,2680,36266,45635,Low,0
200,Jan,Operations,15,47759,83,20,4,16,4451,892,45635,54847,High,0
201,Dec,HR,11,21312,98,23,1,34,1679,2938,54847,28727,Low,0
202,Sep,Sales,11,35094,90,23,3,29,1721,2803,28727,40838,Low,0
203,Jul,IT,3,41891,99,22,1,40,463,1034,40838,51081,Low,1
204,Jul,Operations,1,18436,82,23,5,26,5149,2860,51081,27807,High,1
205,Jun,IT,8,21580,87,22,3,25,7699,2158,27807,33019,Medium,0
206,Jul,Operations,6,23391,84,26,5,4,6632,2598,33019,28020,High,0
207,Aug,IT,7,44694,84,22,4,40,6805,1692,28020,59965,High,1
208,May,IT,4,43554,95,22,2,14,2190,2884,59965,46330,Low,0
209,Nov,Finance,13,40243,85,23,4,0,6598,2956,46330,43660,Medium,0
210,Jun,HR,9,28496,95,23,2,27,5106,2610,43660,37116,Low,0
211,Nov,Finance,4,48432,89,26,3,24,467,349,37116,54906,Medium,0
212,Jun,HR,11,38747,98,20,1,0,1718,294,54906,40714,Low,0
213,May,Finance,3,36955,84,26,5,14,1520,1851,40714,40033,High,0
214,Mar,HR,12,43941,97,21,1,39,7300,2818,40033,58618,Low,1
215,Feb,IT,9,24467,95,25,2,13,4348,322,58618,32462,Low,0
216,Aug,Sales,3,26666,93,21,2,8,3876,2019,32462,30864,Low,0
217,Jan,Operations,14,47670,84,25,4,31,2019,2040,30864,54936,High,0
218,Sep,IT,0,23254,90,23,3,36,4076,2725,54936,33412,Low,1
219,Aug,Finance,13,31723,82,21,4,40,2952,2605,33412,42594,High,1
220,Jan,Sales,1,40367,90,26,3,6,4183,1983,42594,44259,Low,0
221,Mar,Sales,6,41533,93,25,2,8,2773,386,44259,46469,Low,0
222,Jun,Finance,15,43510,96,24,1,13,2327,1782,46469,47205,Low,0
223,Jul,Finance,1,45090,89,22,3,22,6780,2022,47205,55374,Medium,0
224,Jun,IT,8,46605,96,22,1,13,5362,2016,55374,52642,Low,0
225,Jun,HR,10,41369,89,21,3,37,7968,2600,52642,55366,Medium,1
226,Jan,Operations,12,35871,98,20,1,25,2460,444,55366,43349,Low,0
227,Jan,HR,15,37945,81,26,5,32,7453,2226,43349,51624,High,1
228,Jul,IT,4,38539,99,25,1,5,1740,161,51624,41934,Low,0
229,Nov,Operations,5,21321,85,26,4,2,3453,412,41934,25404,Medium,0
230,Jan,Finance,4,43773,89,24,3,16,7065,1237,25404,53179,Medium,0
231,Jul,Sales,10,18668,93,24,2,37,7650,223,53179,35564,Low,1
232,Oct,IT,1,45025,83,26,5,26,4713,2849,35564,53417,High,0
233,Aug,Sales,0,40281,92,24,2,37,7681,2700,53417,54030,Low,1
234,Aug,Operations,3,20717,100,23,0,13,7338,621,54030,31167,Low,0
235,Jan,Operations,0,18305,83,26,5,5,1787,497,31167,20309,High,0
236,Aug,Sales,8,41571,98,21,1,28,6009,767,20309,53115,Low,0
237,Jun,HR,2,27605,100,24,0,31,3773,2742,53115,36106,Low,0
238,Jan,Sales,0,19984,80,25,5,39,652,1593,36106,28630,High,1
239,May,IT,5,49381,95,24,2,3,2590,1505,28630,51593,Low,0
240,Dec,Operations,15,40179,85,21,4,7,2975,2641,51593,41798,Medium,0
241,Nov,Operations,15,30639,94,22,2,36,2735,1197,41798,40950,Low,1
242,Jan,IT,10,46493,99,25,1,0,6809,618,40950,53115,Low,0
243,May,IT,13,49994,87,23,3,24,5610,1540,53115,60496,Medium,0
244,Apr,Operations,9,40562,80,22,5,16,2195,1730,60496,44549,High,1
245,Oct,Sales,9,45303,84,26,5,36,1204,1121,44549,54707,High,1
246,Nov,Operations,11,35516,82,24,5,35,3971,1563,54707,46284,High,1
247,Dec,HR,9,37886,81,25,5,25,3811,2901,46284,44669,High,1
248,May,IT,0,43941,92,23,2,34,718,2196,44669,50890,Low,0
249,Feb,HR,12,36992,96,22,1,33,2629,1952,50890,46155,Low,0
250,Oct,HR,6,24969,86,20,3,11,6601,2871,46155,31242,Medium,0
251,Jun,IT,11,31188,96,26,2,9,2017,182,31242,35483,Low,0
252,Jun,Sales,11,38733,94,26,2,5,1279,1293,35483,40392,Low,0
253,Jan,Finance,8,35021,99,20,1,6,275,838,40392,36316,Low,0
254,Aug,IT,6,26572,88,23,3,6,7753,1830,36316,34766,Medium,0
255,Oct,IT,4,26322,81,22,5,12,1480,1549,34766,28624,High,1
256,Jan,Sales,1,36264,91,26,3,29,3988,262,28624,47664,Low,0
257,Nov,Operations,3,41146,82,22,4,20,4624,955,47664,50327,High,1
258,Feb,IT,12,23985,94,26,2,10,3038,963,50327,29236,Low,0
259,Apr,HR,1,48858,88,22,3,3,7395,2264,29236,53995,Medium,0
260,Jan,Finance,15,19827,83,21,4,20,6184,23,53995,30595,High,0
261,Nov,Finance,14,42834,100,20,0,30,2653,1522,30595,51191,Low,0
262,Jul,Sales,11,33771,92,21,2,28,1953,586,51191,42725,Low,0
263,Jan,Operations,6,44176,81,21,4,14,637,2534,42725,45743,High,1
264,Dec,HR,14,49390,83,23,4,1,5147,307,45743,54606,High,0
265,Jun,Finance,7,33647,83,25,5,23,1169,1359,54606,38860,High,0
266,Dec,Sales,5,41387,94,24,2,9,3596,611,38860,46367,Low,0
267,Jul,Operations,7,23101,80,22,5,36,6877,1214,46367,37649,High,1
268,Mar,Finance,15,21579,90,23,3,30,935,628,37649,29637,Low,0
269,Jan,HR,15,45370,89,20,3,16,6183,825,29637,54674,Medium,0
270,Jul,Finance,7,48313,87,20,3,24,2370,1702,54674,54513,Medium,0
271,Jan,Finance,4,38965,80,23,5,32,2792,2092,54513,47152,High,1
272,Aug,Sales,9,24088,91,23,3,2,7470,1675,47152,30030,Low,0
273,May,IT,5,22524,85,24,4,14,5829,719,30030,30736,Medium,0
274,Oct,Sales,2,47141,99,25,1,31,6236,1121,30736,59565,Low,0
275,Apr,HR,6,37101,89,21,3,0,538,2835,59565,35504,Medium,0
276,Sep,Operations,1,34988,91,22,2,18,6896,2618,35504,43975,Low,0
277,Feb,Sales,13,47825,95,21,2,17,2034,762,43975,53700,Low,0
278,Jun,Sales,5,41011,91,24,3,38,7029,19,53700,57450,Low,1
279,Sep,Operations,2,21957,91,25,3,15,6689,1314,57450,31877,Low,0
280,Dec,Operations,1,27553,83,25,5,31,3657,2102,31877,36110,High,0
281,Sep,IT,4,18677,87,20,3,14,5071,747,36110,26044,Medium,0
282,Feb,Finance,8,36198,80,20,4,6,7588,2862,26044,43136,High,1
283,Apr,Finance,0,45437,99,25,1,36,3800,2141,43136,55784,Low,1
284,Dec,Operations,3,29491,83,25,5,11,370,1118,55784,30945,High,0
285,Aug,Operations,8,21605,83,20,4,25,7245,560,30945,34849,High,0
286,Oct,HR,7,22824,98,23,1,25,1346,75,34849,30845,Low,0
287,Jul,Operations,1,30964,81,26,5,23,2773,1641,30845,37538,High,1
288,Jun,Operations,10,44707,92,26,3,35,438,1330,37538,52824,Low,0
289,Mar,Finance,7,46524,93,25,2,40,94,1492,52824,54549,Low,1
290,Sep,HR,2,28628,93,21,2,32,5481,85,54549,41685,Low,0
291,Mar,Operations,12,43446,94,25,2,2,6629,164,41685,49681,Low,0
292,Nov,IT,8,48078,99,22,1,40,4442,146,49681,62846,Low,1
293,Feb,Finance,3,35049,80,23,5,15,7789,161,62846,46215,High,1
294,Feb,Finance,11,39217,85,20,3,3,4868,2104,46215,42480,Medium,0
295,Feb,Operations,4,32417,83,24,5,8,7251,1202,42480,40498,High,0
296,Oct,Finance,8,25975,82,25,5,34,2352,1860,40498,35416,High,1
297,Dec,IT,7,39310,92,21,2,35,5819,1502,35416,52520,Low,0
298,Sep,Finance,15,33367,89,20,3,15,2733,907,52520,38529,Medium,0
299,Sep,IT,12,49772,98,23,1,0,7570,1444,38529,55430,Low,0
300,Apr,Finance,10,34102,88,22,3,13,2420,233,55430,40320,Medium,0
301,Jan,HR,2,37854,91,23,3,3,4235,1588,40320,41351,Low,0
302,Jun,Sales,7,49434,84,23,4,21,5474,1443,41351,58202,High,0
303,Nov,HR,8,44908,96,20,1,30,2201,2583,58202,52677,Low,0
304,Nov,HR,13,46535,83,20,4,26,6272,2252,52677,57454,High,0
305,Feb,Operations,12,49547,98,21,1,26,6962,1144,57454,62337,Low,0
306,Oct,Sales,12,45908,94,25,2,29,2359,2961,62337,52478,Low,0
307,May,Finance,12,35239,97,24,1,24,5310,1318,52478,44444,Low,0
308,Dec,Operations,12,32550,89,21,3,34,2490,593,44444,43039,Medium,0
309,Oct,Operations,7,20881,90,22,3,38,6866,993,43039,36121,Low,1
310,Apr,Operations,0,18838,81,22,5,36,7339,2037,36121,32954,High,1
311,Sep,Finance,13,34955,96,25,1,27,3190,1901,32954,42926,Low,0
312,Jan,IT,11,32846,80,25,5,4,4302,939,42926,36611,High,1
313,Jul,Finance,12,39251,97,24,1,9,7207,770,36611,48000,Low,0
314,Aug,Operations,14,43143,99,24,1,21,5665,2171,48000,52615,Low,0
315,Feb,HR,11,28422,91,20,2,19,4199,719,52615,36078,Low,0
316,Nov,Finance,10,44887,96,23,1,40,1281,2146,36078,53815,Low,1
317,Sep,HR,6,31508,85,20,3,40,4628,2470,53815,43084,Medium,1
318,Jun,IT,1,40666,93,20,2,0,2512,2910,43084,40882,Low,0
319,Sep,Sales,9,31027,83,24,5,0,5473,120,40882,35982,High,0
320,Mar,Operations,8,46545,100,24,0,32,1177,2353,35982,52975,Low,0
321,Jul,IT,3,22762,85,24,4,32,873,118,52975,30922,Medium,0
322,Feb,HR,15,44972,94,24,2,27,6607,254,30922,58606,Low,0
323,Jan,IT,10,22716,87,22,3,17,1387,134,58606,27965,Medium,0
324,Nov,Sales,2,29432,86,23,4,39,3159,80,27965,41572,Medium,1
325,Apr,Operations,1,32406,81,24,5,15,2042,912,41572,36576,High,1
326,Mar,IT,5,28315,80,26,6,29,2487,1713,36576,36773,High,1
327,May,Operations,2,25960,92,25,2,37,1813,1693,36773,35163,Low,1
328,Jul,Operations,0,43977,87,20,3,11,1392,1467,35163,46628,Medium,0
329,Mar,Sales,9,30977,97,22,1,7,2744,2186,46628,33274,Low,0
330,Jun,Operations,2,49497,83,23,4,22,4537,1003,33274,58524,High,0
331,Apr,Operations,9,29287,87,23,3,2,2286,2720,58524,28604,Medium,0
332,Jun,HR,7,41129,84,20,4,12,2209,2231,28604,43568,High,0
333,Sep,Operations,14,45404,87,21,3,23,2891,886,43568,53838,Medium,0
334,Jul,Operations,6,27740,95,24,2,13,1861,1854,53838,31580,Low,0
335,Mar,Finance,14,37253,91,24,3,15,3310,2491,31580,42066,Low,0
336,Apr,HR,3,40211,96,20,1,34,6978,1107,42066,55289,Low,0
337,Jul,Sales,4,28183,80,23,5,5,5690,725,55289,35187,High,1
338,Apr,Finance,6,39716,83,20,4,35,7486,1480,35187,54696,High,0
339,May,HR,2,41550,89,20,3,14,2363,516,54696,47564,Medium,0
340,Jul,Finance,11,31217,94,26,2,40,7231,2574,47564,45344,Low,1
341,May,HR,0,30012,91,23,3,1,5399,2882,45344,33411,Low,0
342,Aug,HR,12,29538,100,20,0,11,2387,471,33411,33958,Low,0
343,Oct,HR,1,31259,81,24,5,10,3528,811,33958,37226,High,1
344,May,HR,12,42193,81,24,5,19,5156,2614,37226,49052,High,1
345,Oct,HR,15,41482,96,22,1,27,5489,2803,49052,51296,Low,0
346,Jun,Sales,3,45337,100,22,0,2,7168,2396,51296,51052,Low,0
347,Dec,Sales,7,40317,83,20,4,20,1721,1415,51052,46358,High,0
348,Feb,Operations,12,42496,99,26,1,14,2303,2159,46358,45524,Low,0
349,Jun,Operations,14,48481,90,25,3,32,6050,2819,45524,60198,Low,0
350,Nov,Operations,1,40170,86,23,4,32,6935,522,60198,54785,Medium,0
351,Apr,Sales,8,23719,97,21,1,40,1933,2227,54785,33158,Low,1
352,Apr,Sales,5,29725,91,23,3,5,1649,2607,33158,29853,Low,0
353,Mar,HR,15,39965,95,21,2,15,48,2111,29853,42268,Low,0
354,Aug,HR,11,40873,89,21,3,9,4813,2307,42268,45322,Medium,0
355,Jun,Sales,13,42920,85,25,4,9,4904,1888,45322,48955,Medium,0
356,Jul,HR,3,40614,89,20,3,23,3986,845,48955,48793,Medium,0
357,Jan,Finance,9,24459,83,25,5,19,3670,462,48793,31947,High,0
358,Jun,Operations,14,36651,91,22,2,10,4567,294,31947,42717,Low,0
359,Jan,Operations,15,20751,90,25,3,36,2166,445,42717,31993,Low,1
360,Aug,Operations,15,24219,97,22,1,0,2943,372,31993,27309,Low,0
361,May,IT,8,39399,87,20,3,8,6123,113,27309,46660,Medium,0
362,Jul,HR,9,30054,85,25,4,33,6928,2793,46660,41984,Medium,0
363,Feb,Finance,10,30431,85,25,4,22,2622,943,41984,37564,Medium,0
364,Mar,IT,11,45453,88,21,3,3,337,439,37564,46461,Medium,0
365,Nov,Operations,1,48963,86,23,4,27,4092,2993,46461,56334,Medium,0
366,May,IT,2,22649,87,21,3,8,3630,2608,56334,25693,Medium,0
367,Feb,Sales,14,33709,86,21,3,23,22,131,25693,39800,Medium,0
368,Sep,Operations,4,27281,82,25,5,3,4215,2911,39800,29397,High,1
369,Jun,Sales,14,18288,85,25,4,10,3103,1211,29397,21888,Medium,0
370,Aug,IT,11,36596,86,23,4,5,4445,1325,21888,41224,Medium,0
371,Aug,Operations,4,49928,92,24,2,39,667,245,41224,60780,Low,1
372,Nov,Finance,9,36514,98,23,1,23,3938,2689,60780,44038,Low,0
373,Mar,Finance,10,35380,100,20,0,12,1822,2779,44038,38137,Low,0
374,Aug,Sales,4,39642,98,22,1,35,4757,1705,38137,51381,Low,0
375,Sep,HR,14,30987,88,20,3,14,1478,830,51381,35457,Medium,0
376,Dec,Sales,7,46251,88,25,3,6,1536,2174,35457,47685,Medium,0
377,May,Operations,7,36154,94,21,2,34,4691,2853,47685,45923,Low,0
378,Dec,IT,2,45903,93,25,2,4,6556,1800,45923,51134,Low,0
379,Sep,IT,3,38532,96,20,1,29,6801,2809,51134,49776,Low,0
380,Sep,HR,6,36449,95,26,2,5,1120,1529,49776,38079,Low,0
381,Oct,Sales,12,25762,81,22,5,2,124,2875,38079,23928,High,1
382,Apr,Operations,9,21949,84,23,4,5,5088,825,23928,27814,High,0
383,Feb,Finance,5,30025,90,26,3,0,6763,1047,27814,35192,Low,0
384,Apr,Finance,11,41651,95,20,1,38,2895,408,35192,53566,Low,1
385,Sep,Finance,3,19118,87,22,3,22,1582,2842,53566,23472,Medium,0
386,Jan,IT,14,21721,80,23,5,7,604,1058,23472,22596,High,1
387,Mar,IT,9,46630,92,26,3,9,4819,1025,22596,52976,Low,0
388,Dec,Finance,14,18452,80,22,5,9,3990,2055,52976,22828,High,1
389,Jan,Sales,2,23973,99,26,1,38,3215,1948,22828,34264,Low,1
390,Dec,Operations,12,25510,99,24,1,4,2956,1348,34264,28399,Low,0
391,Apr,Finance,4,37307,99,20,1,13,1390,1478,28399,41158,Low,0
392,Aug,Finance,14,30710,91,22,2,0,2748,2372,41158,31276,Low,0
393,Jun,HR,0,26150,94,24,2,2,5168,597,31276,31909,Low,0
394,Nov,HR,8,30597,88,20,3,32,2146,1461,31909,39647,Medium,0
395,Oct,IT,4,40892,81,24,5,6,7146,816,39647,49507,High,1
396,Jul,IT,3,29891,89,26,3,15,7150,578,49507,40808,Medium,0
397,Feb,Finance,10,42232,91,24,3,40,2008,1435,40808,53132,Low,1
398,Dec,Operations,10,19980,90,25,3,20,7238,1972,53132,30477,Low,0
399,Jun,HR,7,29443,84,21,4,13,59,2750,30477,30130,High,0
400,Jul,Operations,12,36636,89,21,3,37,543,589,30130,45657,Medium,1
401,Dec,Finance,8,41811,98,24,1,21,602,779,45657,47278,Low,0
402,Feb,IT,5,27969,98,22,1,29,2924,2827,47278,35393,Low,0
403,Dec,Sales,15,28461,85,22,4,16,4476,94,35393,37596,Medium,0
404,Mar,Finance,7,41081,80,21,5,3,3273,1834,37596,42880,High,1
405,Oct,Finance,3,24445,87,25,4,3,7890,528,42880,32987,Medium,0
406,Jan,Sales,2,44524,98,22,1,8,41,770,32987,45549,Low,0
407,Sep,Sales,10,48241,80,21,5,20,2676,110,45549,56336,High,1
408,Aug,Operations,10,23718,81,26,5,26,6522,186,56336,35932,High,1
409,Nov,IT,10,43426,95,24,2,25,2105,1897,35932,49111,Low,0
410,Jan,Finance,10,19835,93,24,2,21,1283,382,49111,25224,Low,0
411,Mar,HR,4,35350,82,22,4,23,3467,1409,25224,43461,High,1
412,Nov,IT,4,39540,99,24,1,21,1884,2534,43461,43868,Low,0
413,Dec,Operations,1,43427,100,22,0,35,5786,1856,43868,56452,Low,0
414,May,Finance,8,22320,88,20,3,35,3897,408,56452,35101,Medium,0
415,Jun,HR,7,31134,82,20,4,39,1098,500,35101,40805,High,1
416,Sep,IT,6,36194,85,22,4,38,2995,611,40805,47641,Medium,1
417,Dec,HR,0,29495,87,23,3,31,1746,2605,47641,36290,Medium,0
418,Jul,Operations,6,28611,80,20,4,0,536,2643,36290,26526,High,1
419,Nov,Finance,1,25474,98,23,1,26,7430,1538,26526,38411,Low,0
420,Nov,HR,0,26255,80,22,5,27,1981,947,38411,33964,High,1
421,Apr,Finance,13,39060,88,22,3,31,1774,2332,33964,45772,Medium,0
422,Aug,Finance,4,44962,89,22,3,5,2715,16,45772,49105,Medium,0
423,Apr,HR,10,40373,99,24,1,28,1737,2372,49105,46044,Low,0
424,Apr,Finance,1,43552,94,21,2,27,7077,572,46044,56616,Low,0
425,Nov,Sales,3,22978,80,21,5,19,1235,2058,56616,27612,High,1
426,Jun,Sales,5,33220,92,20,2,26,2781,2630,27612,40433,Low,0
427,Dec,Operations,10,47326,81,24,5,15,1649,2569,40433,50768,High,1
428,Jan,Sales,4,34540,99,21,1,36,3526,2860,50768,43620,Low,1
429,Dec,Sales,1,47294,90,20,2,7,986,1996,43620,47512,Low,0
430,Sep,Operations,0,23864,87,25,4,34,1211,2593,47512,31693,Medium,0
431,Sep,IT,3,35364,91,26,3,31,7841,316,31693,50554,Low,0
432,Apr,HR,2,26944,85,20,3,16,2203,282,50554,32153,Medium,0
433,Apr,IT,1,31373,97,22,1,17,86,1334,32153,34984,Low,0
434,Jan,Operations,9,35983,90,25,3,26,7160,2939,34984,46454,Low,0
435,Jul,Operations,10,35694,93,23,2,9,3170,1578,46454,39575,Low,0
436,Mar,Sales,7,37917,96,22,1,39,5980,1544,39575,51796,Low,1
437,Apr,Sales,2,45625,99,26,1,2,7442,2934,51796,49934,Low,0
438,Jul,IT,10,40441,100,23,0,35,5472,1292,49934,53503,Low,0
439,Oct,Sales,15,42451,100,26,0,30,4178,1402,53503,53140,Low,0
440,Sep,Operations,7,45033,100,26,0,24,2909,2917,53140,50356,Low,0
441,Jul,IT,8,38080,90,20,2,40,6531,2224,50356,52947,Low,1
442,Apr,IT,8,26594,95,26,2,22,4276,2414,52947,34132,Low,0
443,Oct,HR,4,20157,96,22,1,33,1678,2160,34132,27471,Low,0
444,Jun,HR,5,22995,94,21,2,40,7760,2670,27471,37373,Low,1
445,Jun,Operations,11,45266,93,20,2,26,1260,2877,37373,49864,Low,0
446,Jul,Sales,11,29686,96,24,1,19,3709,2712,49864,34813,Low,0
447,May,Operations,9,32621,83,23,4,40,3918,2992,34813,43104,High,1
448,Sep,HR,0,40288,84,22,4,31,4265,2704,43104,49285,High,0
449,Oct,Finance,10,44265,92,22,2,1,4556,822,49285,47450,Low,0
450,Oct,Finance,1,37352,85,22,4,34,2249,1327,47450,46497,Medium,0
451,Apr,Finance,14,20992,96,25,1,31,7036,363,46497,35028,Low,0
452,Mar,Operations,9,38246,91,20,2,28,3077,1503,35028,46105,Low,0
453,Dec,Finance,13,32121,100,24,0,16,2886,977,46105,38019,Low,0
454,Oct,HR,6,49830,98,22,1,4,5452,832,38019,55324,Low,0
455,Feb,Sales,14,30432,92,24,2,26,4068,2633,55324,39117,Low,0
456,Jan,Sales,14,48640,94,25,2,27,3398,1939,39117,56409,Low,0
457,Feb,Operations,12,34097,84,24,4,0,5491,951,56409,39353,High,0
458,Apr,Operations,1,48335,89,24,3,21,6301,1587,39353,59075,Medium,0
459,Aug,Sales,2,25232,82,24,5,0,833,2035,59075,23410,High,1
460,Apr,IT,14,19802,86,25,4,21,3955,224,23410,29110,Medium,0
461,Dec,Operations,4,31334,81,26,5,40,1192,1312,29110,41098,High,1
462,Apr,IT,0,24099,97,22,1,33,2149,354,41098,33985,Low,0
463,Jul,Finance,9,36208,92,24,2,26,5579,209,33985,47906,Low,0
464,May,HR,12,44279,93,26,2,34,2106,1249,47906,53249,Low,0
465,Mar,Sales,6,35591,100,22,0,29,5376,2002,53249,46868,Low,0
466,Oct,HR,11,48489,90,21,3,29,7531,2895,46868,60713,Low,0
467,Nov,Sales,10,18278,97,20,1,26,7794,2313,60713,30121,Low,0
468,Jan,Finance,7,44086,94,22,2,12,5820,857,30121,52461,Low,0
469,Oct,Operations,12,48633,94,21,2,13,472,737,52461,51706,Low,0
470,Nov,Sales,1,22489,82,26,5,38,4072,737,51706,34553,High,1
471,Dec,IT,5,34325,87,25,4,18,6569,864,34553,44824,Medium,0
472,Mar,HR,6,34915,83,23,4,6,1651,374,44824,36995,High,0
473,Jul,HR,8,41141,94,25,2,27,1268,232,36995,49551,Low,0
474,Mar,Sales,5,45398,94,22,2,14,7165,2384,49551,53531,Low,0
475,Dec,IT,4,28143,88,22,3,35,6891,878,53531,42417,Medium,0
476,Nov,HR,12,49921,81,22,5,24,1277,2624,42417,54370,High,1
477,Apr,IT,2,24493,94,21,2,11,3521,1364,54370,29990,Low,0
478,Jul,Sales,1,45148,91,20,2,13,5374,2147,29990,51902,Low,0
479,Feb,Finance,15,29401,80,26,6,31,7285,380,51902,43666,High,1
480,Aug,Finance,9,37587,98,24,1,5,1649,572,43666,40077,Low,0
481,May,HR,9,19061,98,24,1,6,7924,5,40077,28385,Low,0
482,Apr,HR,9,19640,85,22,4,22,3683,1970,28385,26559,Medium,0
483,Jun,Finance,5,21592,89,26,3,4,5928,2290,26559,26361,Medium,0
484,Feb,IT,3,43820,85,24,4,25,3779,147,26361,52971,Medium,0
485,Jan,IT,3,31533,100,25,0,8,3402,2367,52971,34490,Low,0
486,Feb,Finance,5,29778,85,25,4,5,2716,20,34490,34244,Medium,0
487,Aug,Finance,4,26561,83,20,4,15,959,626,34244,30860,High,0
488,May,IT,3,28625,94,21,2,10,4656,2193,30860,32874,Low,0
489,Sep,Finance,11,49109,86,22,4,25,4548,833,32874,58534,Medium,0
490,Apr,IT,7,47183,83,20,4,6,7727,219,58534,56391,High,0
491,Dec,IT,6,40575,87,20,3,10,1258,1082,56391,42514,Medium,0
492,Jul,Operations,3,27566,98,20,1,5,5438,2369,42514,31530,Low,0
493,Apr,HR,1,44914,87,20,3,38,2763,401,31530,56060,Medium,1
494,Apr,IT,5,44694,89,22,3,5,6640,1891,56060,51105,Medium,0
495,Mar,Sales,10,48812,93,26,2,26,264,360,51105,54917,Low,0
496,Mar,IT,5,22955,91,26,3,8,1669,811,54917,25462,Low,0
497,Nov,Finance,2,18093,95,20,1,31,4305,1351,25462,28138,Low,0
498,Oct,Sales,6,46397,100,20,0,23,6443,1684,28138,56295,Low,0
499,Nov,Finance,5,44323,95,25,2,31,1105,1062,56295,52736,Low,0
500,May,Sales,14,45277,98,21,1,27,3160,2620,52736,52817,Low,0
501,May,IT,3,20229,88,26,4,14,1966,811,52817,25287,Medium,0
502,Aug,IT,7,46755,95,24,2,3,3211,2718,25287,48006,Low,0
503,Nov,Finance,12,31311,82,21,4,21,5433,2436,48006,39631,High,1
504,May,Sales,9,34025,99,20,1,7,7194,1947,39631,41079,Low,0
505,Jul,IT,9,32990,84,22,4,34,1750,340,41079,42824,High,0
506,Jul,Operations,1,27572,90,20,2,17,1534,2872,42824,30589,Low,0
507,Jul,IT,7,21955,86,25,4,40,340,1538,30589,30334,Medium,1
508,Jul,Finance,10,49382,84,22,4,10,1836,1439,30334,52728,High,0
509,Jul,Finance,15,28436,96,26,2,38,1551,664,52728,38823,Low,1
510,Sep,Sales,0,45967,85,20,3,15,3723,2315,38823,51670,Medium,0
511,May,Finance,3,36110,96,25,1,24,1106,1037,51670,42743,Low,0
512,Jul,Sales,10,32552,88,22,3,23,2501,2708,42743,38747,Medium,0
513,Nov,Operations,1,47726,100,23,0,31,2979,2832,38747,54859,Low,0
514,Jan,Sales,12,32671,89,26,3,32,7299,623,54859,48039,Medium,0
515,Oct,Operations,1,49071,90,23,3,8,57,1111,48039,49512,Low,0
516,Apr,IT,1,30852,85,25,4,37,5255,1150,49512,44691,Medium,1
517,Apr,Finance,0,31785,97,23,1,5,6593,2770,44691,37367,Low,0
518,Jul,Operations,11,40637,88,22,3,10,6828,2355,37367,47825,Medium,0
519,Jan,IT,11,47285,84,21,4,33,6614,252,47825,61429,High,0
520,May,IT,5,40328,89,20,3,37,2438,1568,61429,51239,Medium,1
521,Jun,HR,8,28138,95,21,2,39,2628,1795,51239,38746,Low,1
522,Feb,Finance,11,30909,90,23,3,30,2186,460,38746,39752,Low,0
523,Oct,Operations,13,38876,85,26,4,20,360,622,39752,43385,Medium,0
524,Sep,Operations,13,42662,82,22,4,25,2971,2938,43385,48955,High,1
525,Sep,Finance,3,26510,94,26,2,0,338,2179,48955,25298,Low,0
526,Oct,Finance,11,37731,91,22,2,15,7257,286,25298,48775,Low,0
527,Feb,IT,13,45341,83,22,4,10,5281,722,48775,53080,High,0
528,Nov,Sales,12,30926,90,23,3,25,4094,1379,53080,39807,Low,0
529,Mar,HR,13,39935,89,21,3,13,2774,2793,39807,42501,Medium,0
530,Jul,Sales,0,45916,98,25,1,15,4733,1771,42501,52654,Low,0
531,Apr,IT,8,43729,84,21,4,14,5501,977,52654,51978,High,0
532,Feb,Finance,1,42346,100,23,0,18,1075,2651,51978,45912,Low,0
533,Dec,Operations,8,41331,82,26,5,38,4954,2085,45912,53459,High,1
534,Oct,HR,7,28133,83,22,4,36,7985,322,53459,44732,High,1
535,Jan,IT,2,21992,90,21,3,0,3749,2577,44732,23928,Low,0
536,Mar,Operations,8,34494,81,23,5,37,4545,2439,23928,45116,High,1
537,Jan,IT,14,21622,95,21,2,18,5156,1393,45116,29762,Low,0
538,Sep,IT,7,25138,97,26,1,13,2307,2365,29762,28629,Low,0
539,Dec,Sales,7,43496,85,20,3,32,2195,1736,28629,51921,Medium,0
540,Feb,Finance,2,37166,83,23,4,24,4195,2411,51921,44987,High,0
541,Apr,Sales,11,49501,97,22,1,16,584,2628,44987,51635,Low,0
542,Oct,HR,13,32875,99,23,1,12,2799,2521,51635,35741,Low,0
543,Feb,Operations,5,27259,86,20,3,33,135,1796,35741,34640,Medium,0
544,Apr,HR,8,24592,97,26,1,18,6124,93,34640,35837,Low,0
545,Dec,IT,0,20055,91,21,2,26,106,2627,35837,24712,Low,0
546,Dec,IT,8,36276,91,25,3,10,4631,2589,24712,40664,Low,0
547,Jun,Finance,3,19449,85,25,4,22,3448,120,40664,28937,Medium,0
548,Aug,Sales,10,21496,84,22,4,30,3981,338,28937,32530,High,0
549,Jun,Operations,4,45851,83,24,5,36,2058,2080,32530,54825,High,1
550,Apr,Finance,8,39506,80,21,5,17,7744,2125,54825,49469,High,1
551,Dec,Operations,5,44603,93,21,2,8,105,455,49469,45891,Low,0
552,Dec,IT,12,18904,80,26,6,5,3798,177,45891,23392,High,1
553,Oct,IT,2,46131,90,22,3,39,4584,1891,23392,58766,Low,1
554,Nov,HR,0,25976,86,22,4,24,7213,426,58766,38163,Medium,0
555,Oct,HR,6,32419,94,24,2,37,7540,2606,38163,47206,Low,1
556,Dec,Operations,2,36683,81,26,5,30,1384,1639,47206,44463,High,1
557,Nov,HR,15,40676,95,24,2,9,969,2039,44463,42282,Low,0
558,Jul,Sales,7,44213,87,20,3,25,4637,918,42282,54680,Medium,0
559,Dec,Sales,7,21073,86,26,4,0,311,1910,54680,18773,Medium,0
560,Jul,HR,7,43406,81,24,5,40,4735,1694,18773,56185,High,1
561,Jan,HR,14,18597,95,26,2,6,6221,2908,56185,22807,Low,0
562,Mar,HR,5,38181,96,22,1,6,4176,1563,22807,41498,Low,0
563,Feb,Sales,2,34465,97,24,1,39,4870,2201,41498,46242,Low,1
564,Dec,Sales,9,32977,92,25,2,0,4586,854,46242,35958,Low,0
565,Mar,IT,14,24840,83,25,5,13,5502,1757,35958,31261,High,0
566,Oct,Sales,11,40205,83,20,4,15,6960,415,31261,49883,High,0
567,Jun,Finance,9,28132,89,21,3,31,4967,2360,49883,38374,Medium,0
568,Apr,Sales,2,20457,81,20,4,38,1752,2130,38374,29568,High,1
569,Aug,Operations,6,48028,82,20,4,3,5870,2986,29568,50924,High,1
570,Nov,HR,13,44251,81,21,4,39,7722,1201,50924,60626,High,1
571,May,HR,8,43810,89,26,3,22,232,1328,60626,48196,Medium,0
572,Feb,HR,14,23339,100,25,0,30,6245,2552,48196,35274,Low,0
573,Jun,Finance,7,18431,93,24,2,1,2791,945,35274,20841,Low,0
574,Jun,Finance,0,43245,87,22,3,5,4358,660,20841,47607,Medium,0
575,Jan,Finance,13,38544,90,22,3,4,4401,499,47607,43584,Low,0
576,Mar,HR,1,39297,97,21,1,26,7629,2125,43584,51913,Low,0
577,Nov,Sales,6,25145,89,26,3,0,5851,1065,51913,30014,Medium,0
578,Dec,Sales,5,38008,94,24,2,10,5657,1164,30014,45743,Low,0
579,Jul,HR,10,26425,80,20,4,13,5252,1062,45743,34331,High,1
580,Nov,IT,4,39499,82,24,5,4,5692,1602,34331,44411,High,1
581,Feb,Sales,2,35553,80,20,4,23,610,582,44411,41672,High,1
582,Feb,Operations,8,48169,94,21,2,6,2088,1241,41672,50524,Low,0
583,Jul,HR,14,41865,83,26,5,29,2804,1321,50524,50219,High,0
584,Jan,Operations,7,21492,86,26,4,22,5494,1374,50219,30880,Medium,0
585,Oct,Sales,6,20380,82,21,4,37,2555,2708,30880,29215,High,1
586,Mar,Sales,4,33774,83,26,5,3,3137,1040,29215,37156,High,0
587,Feb,IT,7,20033,82,22,4,0,2198,532,37156,21626,High,1
588,Jun,IT,5,22533,91,26,3,16,3034,1500,21626,27607,Low,0
589,Sep,Sales,7,47793,85,22,4,24,7637,123,27607,60965,Medium,0
590,Nov,HR,7,42990,92,26,3,23,1973,2627,60965,48252,Low,0
591,May,Sales,1,21263,92,26,3,23,1923,1154,48252,27042,Low,0
592,Aug,Operations,15,21795,83,23,4,35,5828,2015,27042,33749,High,0
593,Jul,Sales,15,33712,85,21,4,27,3606,248,33749,43262,Medium,0
594,Apr,Sales,8,29833,94,23,2,15,7672,1386,43262,40205,Low,0
595,Jan,Sales,7,33858,86,24,4,39,7128,1540,40205,48621,Medium,1
596,Jan,Operations,1,25855,96,21,1,32,7083,1295,48621,39277,Low,0
597,Feb,Sales,15,26693,94,23,2,8,609,1855,39277,27939,Low,0
598,Jun,Sales,6,27195,91,20,2,7,5762,1945,27939,32948,Low,0
599,May,HR,0,38563,100,26,0,32,7394,100,32948,54375,Low,0
600,Aug,Sales,7,43315,95,25,2,38,1141,2667,54375,51235,Low,1
601,Mar,Operations,10,42260,81,26,5,23,5377,2665,51235,50294,High,1
602,Dec,HR,0,37593,94,25,2,5,3681,888,50294,40909,Low,0
603,May,Operations,4,45501,86,22,4,20,4778,816,40909,53798,Medium,0
604,Jul,Sales,5,18413,91,23,3,14,539,1954,53798,20463,Low,0
605,Sep,Operations,6,38356,86,21,3,30,1654,1269,20463,46376,Medium,0
606,May,HR,10,19040,93,21,2,21,3383,2738,46376,25586,Low,0
607,Jan,IT,11,43232,85,21,4,0,1268,2488,25586,41740,Medium,0
608,Oct,Operations,15,36411,97,25,1,24,1127,1069,41740,42161,Low,0
609,Sep,Sales,8,49465,93,21,2,8,4277,554,42161,55578,Low,0
610,Jun,Sales,5,25677,93,21,2,5,4797,1853,55578,29908,Low,0
611,May,IT,7,46187,84,25,4,17,7927,2916,29908,55483,High,0
612,Feb,Sales,13,47975,83,20,4,18,577,1183,55483,52612,High,0
613,Mar,HR,13,20403,96,23,1,19,6611,2716,52612,29586,Low,0
614,Dec,IT,3,32623,87,23,3,33,4802,2784,29586,42847,Medium,0
615,Sep,IT,6,32286,82,24,5,16,4672,1564,42847,38965,High,1
616,Dec,Finance,7,31501,91,24,3,16,5549,300,38965,41385,Low,0
617,Dec,Sales,15,24957,90,26,3,0,3644,1947,41385,26550,Low,0
618,Nov,HR,14,49407,90,26,3,14,3527,364,26550,55694,Low,0
619,Sep,Operations,12,49509,84,25,4,14,3037,2900,55694,53082,High,0
620,Jul,Operations,11,22180,87,25,4,13,7200,1089,53082,30972,Medium,0
621,Jan,IT,4,46985,92,24,2,26,5295,318,30972,58623,Low,0
622,Oct,Operations,10,36905,97,22,1,22,5770,1790,58623,46229,Low,0
623,Mar,Operations,0,40165,85,23,4,23,959,2577,46229,45067,Medium,0
624,May,IT,6,38794,87,25,4,37,7916,804,45067,55112,Medium,1
625,May,Finance,5,44921,82,24,5,29,6960,2727,55112,57174,High,1
626,Oct,Sales,6,47395,80,24,5,34,3377,2972,57174,56648,High,1
627,May,Sales,2,44161,80,26,6,11,702,2850,56648,44472,High,1
628,Jan,HR,7,23719,88,25,3,15,158,98,44472,26962,Medium,0
629,Feb,Sales,6,22869,95,22,2,4,4278,1429,26962,26573,Low,0
630,May,Operations,15,46664,88,22,3,3,7595,343,26573,54406,Medium,0
631,Mar,Finance,2,20077,99,20,1,16,1079,2985,54406,22044,Low,0
632,Jun,IT,15,22622,86,24,4,35,6595,209,22044,38496,Medium,0
633,Mar,Operations,12,27671,80,21,5,19,6530,295,38496,38823,High,1
634,Feb,Sales,4,24268,94,26,2,29,6482,947,38823,37527,Low,0
635,Feb,Operations,13,22528,80,21,5,37,1767,441,37527,33602,High,1
636,Aug,HR,8,34426,93,24,2,34,2718,2967,33602,41993,Low,0
637,Jan,HR,0,25241,96,22,1,13,5241,2940,41993,31407,Low,0
638,Aug,IT,6,47550,85,21,4,19,5427,1068,31407,56127,Medium,0
639,Mar,Sales,7,33169,90,26,3,19,3248,1292,56127,40145,Low,0
640,Dec,Finance,1,43383,99,22,1,5,2404,201,40145,46701,Low,0
641,Sep,HR,4,23743,100,21,0,29,247,809,46701,30287,Low,0
642,Feb,IT,11,40471,95,24,2,19,6352,306,30287,50684,Low,0
643,Nov,Sales,12,32329,95,20,1,16,6582,2738,50684,40424,Low,0
644,Apr,Operations,10,45927,95,25,2,26,6310,2888,40424,55810,Low,0
645,Sep,Operations,10,38275,81,20,4,29,719,2608,55810,43406,High,1
646,Mar,Sales,4,20070,94,25,2,39,287,1228,43406,29425,Low,1
647,Feb,Finance,13,35032,82,21,4,25,5713,385,29425,47276,High,1
648,Dec,Sales,1,27438,84,24,4,6,5735,289,47276,34231,High,0
649,Mar,IT,13,23541,87,21,3,24,6266,1744,34231,34712,Medium,0
650,Jun,Finance,3,47200,87,23,3,35,958,375,34712,56264,Medium,0
651,Dec,Operations,15,25421,85,24,4,18,6215,1905,56264,34236,Medium,0
652,Dec,HR,4,42543,86,23,4,6,7105,2101,34236,48940,Medium,0
653,Apr,Sales,8,34804,95,26,2,9,7997,2520,48940,42388,Low,0
654,Jun,HR,10,40368,86,25,4,26,461,0,42388,47003,Medium,0
655,Oct,Finance,0,43803,88,24,3,2,7367,153,47003,51386,Medium,0
656,Apr,Finance,8,49116,91,22,2,23,5061,1445,51386,58489,Low,0
657,Jul,Finance,3,48892,87,20,3,26,6195,2604,58489,59759,Medium,0
658,Oct,HR,1,47147,85,26,4,9,6660,1256,59759,54519,Medium,0
659,Sep,Finance,12,32319,89,21,3,15,4416,2921,54519,37452,Medium,0
660,Nov,Sales,11,47356,85,26,4,20,7199,569,37452,59710,Medium,0
661,Nov,IT,1,44004,97,23,1,21,3852,1891,59710,51948,Low,0
662,Apr,Finance,11,26170,82,20,4,7,2679,106,51948,29745,High,1
663,Apr,Finance,2,38154,82,23,5,3,1625,1892,29745,39147,High,1
664,Jul,Finance,15,49262,92,22,2,40,5179,2362,39147,62242,Low,1
665,Jun,Finance,9,42217,91,24,3,6,4914,2406,62242,46486,Low,0
666,Feb,Operations,14,31645,80,25,5,14,1703,853,46486,35937,High,1
667,Sep,Finance,3,39456,98,20,1,29,4840,2331,35937,49300,Low,0
668,Jan,HR,13,21025,85,24,4,18,6720,2110,49300,30860,Medium,0
669,Jun,Sales,7,44014,99,26,1,3,1794,1502,30860,45766,Low,0
670,Jul,HR,12,38871,82,23,5,12,2680,1236,45766,43188,High,1
671,Sep,HR,15,35919,96,20,1,9,4955,1548,43188,41925,Low,0
672,Mar,HR,0,47825,100,24,0,7,7114,2331,41925,54298,Low,0
673,Jan,Sales,6,34544,80,24,5,13,4184,1894,54298,39600,High,1
674,Sep,HR,4,23020,100,23,0,1,3472,558,39600,26617,Low,0
675,Dec,Finance,8,25660,93,21,2,32,5148,1918,26617,36200,Low,0
676,Feb,Sales,10,47597,85,25,4,15,4411,1047,36200,54386,Medium,0
677,Sep,HR,7,37756,85,26,4,12,7995,2398,54386,47030,Medium,0
678,Dec,Sales,14,41333,99,25,1,13,2232,1738,47030,45323,Low,0
679,Jan,Operations,0,32503,82,26,5,4,7353,2290,45323,39153,High,1
680,Jul,HR,10,33072,85,25,4,13,4448,1376,39153,39430,Medium,0
681,Dec,HR,6,25460,85,26,4,26,2920,2532,39430,32440,Medium,0
682,May,Finance,5,38807,86,23,4,5,1167,791,32440,40840,Medium,0
683,Jun,Sales,9,24016,93,23,2,28,6297,2425,40840,35083,Low,0
684,Aug,Finance,15,34990,86,23,4,37,4169,592,35083,48041,Medium,1
685,Mar,HR,2,29527,92,20,2,25,822,1450,48041,35852,Low,0
686,Jul,Finance,11,41100,92,25,2,9,3811,2345,35852,45138,Low,0
687,Jan,Sales,15,29615,96,25,1,25,7799,1771,45138,42362,Low,0
688,May,HR,0,49106,84,25,4,23,5552,1633,42362,58643,High,0
689,Oct,IT,7,29143,85,24,4,35,3297,2666,58643,38097,Medium,0
690,May,Sales,4,47410,80,24,5,20,6607,1964,38097,57155,High,1
691,Aug,Finance,11,35087,80,22,5,35,4357,1331,57155,47372,High,1
692,Aug,Sales,10,26341,92,24,2,38,4630,1067,47372,38638,Low,1
693,Jun,Operations,2,29890,100,24,0,0,2259,1361,38638,30577,Low,0
694,Aug,HR,12,18712,82,21,4,13,487,575,30577,21374,High,1
695,May,HR,7,19887,93,22,2,7,6008,2949,21374,24115,Low,0
696,Mar,IT,2,43326,84,23,4,12,326,2035,24115,45312,High,0
697,Jul,Operations,2,38629,85,24,4,8,2471,156,45312,42316,Medium,0
698,Jan,HR,3,19278,80,22,5,40,1380,460,42316,30346,High,1
699,Mar,Sales,5,24470,99,22,1,12,2954,495,30346,30018,Low,0
700,Jun,Operations,13,26300,94,21,2,30,7984,100,30018,42262,Low,0
701,Dec,HR,5,23894,84,26,5,22,5128,2683,42262,31159,High,0
702,Aug,IT,1,43663,94,24,2,36,113,1849,31159,51026,Low,1
703,Jan,IT,10,39633,92,24,2,9,7040,197,51026,49074,Low,0
704,Sep,HR,15,23735,92,21,2,0,4098,2874,49074,25213,Low,0
705,Jan,Finance,13,41120,86,24,4,24,5966,2714,25213,50409,Medium,0
706,Jun,Operations,5,28366,92,21,2,17,7403,864,50409,39715,Low,0
707,Oct,Sales,10,28429,100,26,0,35,2148,2502,39715,36714,Low,0
708,Mar,IT,15,49196,88,26,4,5,4030,190,36714,53791,Medium,0
709,Jul,Sales,13,47727,89,24,3,32,3500,2887,53791,55548,Medium,0
710,Feb,IT,4,21371,92,22,2,7,4965,1783,55548,26407,Low,0
711,Dec,Finance,2,41931,94,25,2,23,799,146,26407,48545,Low,0
712,Dec,Finance,6,20131,100,22,0,17,6406,1517,48545,28891,Low,0
713,Sep,IT,13,43194,98,25,1,17,3737,2634,28891,48397,Low,0
714,Jul,Operations,3,19518,84,26,5,18,438,2465,48397,22298,High,0
715,Dec,HR,11,38868,92,26,3,15,2127,2074,22298,41939,Low,0
716,Aug,Operations,0,20847,82,26,5,2,1764,1902,41939,21639,High,1
717,Aug,Sales,9,29246,99,21,1,8,5285,491,21639,36561,Low,0
718,Mar,IT,8,29021,85,21,4,14,3882,916,36561,35199,Medium,0
719,May,Sales,7,23278,99,22,1,4,5167,1569,35199,28167,Low,0
720,Oct,Operations,6,21222,93,23,2,20,5586,247,28167,32286,Low,0
721,Jul,HR,14,33757,96,21,1,16,1314,2132,32286,37539,Low,0
722,Feb,IT,10,31275,85,21,4,30,3846,2019,37539,40350,Medium,0
723,Oct,Finance,3,36154,95,26,2,37,2691,664,40350,47333,Low,1
724,Feb,Finance,12,49449,83,21,4,31,4770,1157,47333,60688,High,0
725,Jul,IT,5,28284,80,22,5,13,3754,507,60688,34563,High,1
726,Aug,Finance,11,33751,100,21,0,34,7849,2723,34563,47948,Low,0
727,Mar,Finance,6,37818,86,22,4,18,7940,2907,47948,47051,Medium,0
728,Dec,IT,2,31778,80,21,5,35,580,842,47051,40520,High,1
729,Sep,Sales,7,39923,83,25,5,18,7591,412,40520,51197,High,0
730,Nov,IT,0,26734,81,23,5,5,7938,1148,51197,34615,High,1
731,Oct,Sales,13,29469,98,24,1,11,107,2347,34615,29594,Low,0
732,Mar,HR,3,24899,83,22,4,37,7212,2111,29594,39112,High,1
733,Nov,Operations,12,40853,80,20,4,38,6802,2857,39112,54367,High,1
734,Feb,Finance,4,32018,91,26,3,1,7811,111,54367,39279,Low,0
735,Jul,IT,12,23279,91,25,3,23,4515,546,39279,32933,Low,0
736,Jun,Finance,4,23327,85,21,4,9,904,2410,32933,23526,Medium,0
737,Mar,Finance,3,36365,95,23,2,29,4453,61,23526,48696,Low,0
738,Jan,HR,13,22603,87,26,4,0,1981,1463,48696,22815,Medium,0
739,Feb,Operations,12,32069,90,23,3,2,1821,2744,22815,30946,Low,0
740,Aug,IT,7,48265,81,24,5,11,1623,284,30946,52086,High,1
741,Feb,Finance,2,29102,100,20,0,27,6180,1263,52086,40120,Low,0
742,Sep,Operations,7,40482,84,21,4,19,3538,1328,40120,46859,High,0
743,Dec,IT,13,48420,85,24,4,2,4077,501,46859,53201,Medium,0
744,Nov,HR,1,27335,96,20,1,21,391,419,53201,32823,Low,0
745,Dec,HR,12,23508,87,25,4,13,3549,1060,32823,29801,Medium,0
746,Aug,Sales,7,47576,94,20,2,14,5421,1631,29801,54272,Low,0
747,Apr,Operations,2,35569,89,22,3,21,2032,1090,54272,42315,Medium,0
748,Nov,Finance,7,19241,92,23,2,27,566,637,42315,25293,Low,0
749,Feb,Sales,6,26622,100,20,0,24,4114,2787,25293,34149,Low,0
750,May,HR,3,39948,95,24,2,28,2391,259,34149,49486,Low,0
751,Aug,HR,4,20199,95,23,2,8,5406,2808,49486,24048,Low,0
752,Dec,HR,1,43868,82,20,4,20,1966,220,24048,50266,High,1
753,Oct,Finance,11,23588,91,23,3,17,1325,1793,50266,27466,Low,0
754,Mar,Sales,4,20997,97,25,1,27,7083,963,27466,34371,Low,0
755,Mar,Finance,3,21775,92,20,2,14,29,626,34371,23964,Low,0
756,Jun,Sales,9,37338,90,26,3,35,7086,2409,23964,50870,Low,0
757,Nov,IT,6,28196,96,21,1,30,5959,1381,50870,39732,Low,0
758,Jun,Finance,7,38300,88,25,3,32,1054,2063,39732,44536,Medium,0
759,Jul,Operations,5,19428,97,22,1,17,974,2573,44536,22720,Low,0
760,Aug,Finance,15,26158,96,24,1,24,4456,1189,22720,35225,Low,0
761,Jul,Sales,8,33813,90,25,3,13,5974,1851,35225,41119,Low,0
762,Dec,Finance,14,29778,82,26,5,23,6007,2679,41119,38480,High,1
763,Apr,Operations,8,38815,91,25,3,1,2234,2246,38480,38377,Low,0
764,Jun,Finance,13,19060,93,24,2,33,7290,2745,38377,31680,Low,0
765,Apr,Finance,10,33474,83,25,5,11,3994,418,31680,39756,High,0
766,Apr,Finance,15,19416,84,22,4,26,7107,1799,39756,31014,High,0
767,Jul,HR,10,23043,100,21,0,10,2885,1150,31014,26602,Low,0
768,Nov,HR,10,19202,85,20,3,27,3473,787,26602,28149,Medium,0
769,Jun,IT,3,21649,88,23,3,32,3256,2438,28149,30189,Medium,0
770,Jan,Operations,12,24089,92,26,3,0,6027,1522,30189,28027,Low,0
771,Jun,Finance,4,40268,81,24,5,12,1694,83,28027,45265,High,1
772,Nov,IT,7,27627,83,21,4,15,1911,1930,45265,31758,High,0
773,Oct,Finance,3,19192,98,22,1,33,5278,2465,31758,29639,Low,0
774,Sep,Operations,3,25778,86,23,4,19,3411,1487,29639,31683,Medium,0
775,Apr,Sales,10,31088,87,25,4,27,1995,1366,31683,38869,Medium,0
776,Apr,Operations,1,35029,97,26,1,19,2205,1922,38869,40851,Low,0
777,Dec,Operations,14,18446,81,25,5,24,3784,933,40851,27723,High,1
778,Oct,HR,15,35968,92,21,2,6,2129,1803,27723,37180,Low,0
779,May,Operations,6,40713,80,20,4,5,7413,372,37180,48580,High,1
780,Jun,Sales,13,31446,96,23,1,18,7529,2875,48580,40512,Low,0
781,Sep,Finance,5,21283,96,24,1,31,933,1522,40512,28238,Low,0
782,Sep,HR,7,46757,92,22,2,21,4931,2518,28238,54765,Low,0
783,Oct,Finance,9,42951,82,24,5,23,6908,468,54765,55090,High,1
784,Nov,IT,10,22507,90,25,3,7,2773,661,55090,26423,Low,0
785,Jan,Finance,7,31173,80,21,5,12,5445,2177,26423,37555,High,1
786,Jun,Operations,8,25625,85,26,4,29,1348,1535,37555,33390,Medium,0
787,Jan,Sales,12,25199,90,25,3,25,5535,172,33390,37029,Low,0
788,Sep,Operations,6,35746,85,20,3,11,5683,762,37029,43146,Medium,0
789,Nov,IT,4,41007,99,26,1,10,5395,2087,43146,46658,Low,0
790,May,IT,4,41479,95,25,2,39,911,551,46658,51349,Low,1
791,May,Finance,6,35897,99,26,1,36,6827,910,51349,51389,Low,1
792,Aug,Finance,4,42678,91,23,3,28,4504,672,51389,52831,Low,0
793,Nov,Sales,2,38049,99,20,1,37,7650,2821,52831,52376,Low,1
794,Dec,HR,8,44424,82,21,4,33,191,64,52376,53267,High,1
795,Apr,Operations,2,45203,94,24,2,15,7065,747,53267,54886,Low,0
796,Jun,Finance,0,22315,90,22,3,4,7451,295,54886,29717,Low,0
797,Oct,Sales,1,23232,89,25,3,17,2463,357,29717,29207,Medium,0
798,Aug,IT,8,36122,80,26,6,3,5997,1172,29207,41363,High,1
799,May,Sales,15,38065,99,26,1,9,3128,2864,41363,40890,Low,0
800,Aug,Operations,14,45181,86,21,3,17,2217,2090,40890,49265,Medium,0
801,Mar,Finance,12,19494,87,20,3,13,3602,1508,49265,24983,Medium,0
802,Sep,Finance,15,18870,99,26,1,22,3286,859,24983,26324,Low,0
803,Jun,Operations,12,23121,96,26,2,9,3482,755,26324,28264,Low,0
804,Sep,HR,6,39419,87,22,3,36,6655,386,28264,54428,Medium,1
805,May,Finance,3,33807,89,23,3,37,4740,891,54428,46752,Medium,1
806,Jul,Sales,9,26320,84,24,4,35,4927,2307,46752,38172,High,0
807,Mar,HR,9,40027,83,26,5,27,6677,1913,38172,51635,High,0
808,Nov,Operations,6,45778,83,21,4,26,1411,2087,51635,51107,High,0
809,Jun,HR,13,30713,88,21,3,6,1498,2956,51107,31137,Medium,0
810,Apr,HR,15,37214,97,21,1,28,5290,2063,31137,47636,Low,0
811,Feb,Sales,6,32559,81,26,5,36,834,2203,47636,40281,High,1
812,Apr,Finance,7,48785,98,21,1,22,3044,427,40281,57084,Low,0
813,Feb,HR,9,23026,88,24,3,6,490,2345,57084,21974,Medium,0
814,Apr,HR,6,20754,88,22,3,5,2153,2004,21974,21726,Medium,0
815,May,Sales,9,48078,94,21,2,23,1987,2960,21726,52901,Low,0
816,Feb,HR,0,21750,90,25,3,6,3704,2855,52901,24303,Low,0
817,Jan,HR,6,29492,81,22,5,24,3373,2668,24303,36489,High,1
818,Jul,HR,9,31694,82,24,5,32,6128,1805,36489,44603,High,1
819,Jul,IT,15,26995,85,26,4,26,7419,1669,44603,38877,Medium,0
820,Nov,Sales,6,33117,98,21,1,35,4166,484,38877,44912,Low,0
821,Nov,Finance,13,18291,80,22,5,40,3999,2588,44912,29225,High,1
822,Apr,Operations,4,46663,89,23,3,40,5966,837,29225,61284,Medium,1
823,Nov,Operations,0,39554,89,20,3,24,3617,2949,61284,46087,Medium,0
824,Sep,IT,7,29033,82,21,4,3,5491,323,46087,34738,High,1
825,Jan,Finance,9,44067,97,25,1,10,946,375,34738,47835,Low,0
826,Nov,Sales,9,18824,91,25,3,11,5047,1617,47835,25507,Low,0
827,Sep,Operations,3,21859,96,23,1,19,3990,1818,25507,28765,Low,0
828,Feb,Operations,7,30454,86,22,4,30,5294,2916,28765,40307,Medium,0
829,Jul,IT,8,45331,83,24,5,2,5338,1838,40307,49068,High,0
830,Apr,HR,14,30771,99,22,1,23,1250,2471,49068,35563,Low,0
831,Mar,Operations,4,48752,88,26,4,15,1005,2297,35563,50444,Medium,0
832,Jul,Sales,1,38115,94,25,2,19,7462,2400,50444,48027,Low,0
833,Dec,Sales,3,48281,83,23,4,19,4146,2932,48027,53484,High,0
834,Jul,Finance,4,44163,95,20,1,1,221,618,53484,44247,Low,0
835,Apr,Sales,2,36112,86,24,4,33,577,560,44247,44172,Medium,0
836,Jul,Operations,8,37201,87,22,3,3,4614,399,44172,42478,Medium,0
837,Nov,Operations,9,37583,81,26,5,7,822,1752,42478,37734,High,1
838,Oct,HR,8,40204,95,22,2,11,4705,1790,37734,45112,Low,0
839,May,Operations,10,27800,97,22,1,40,5263,2085,45112,40353,Low,1
840,Feb,IT,15,29154,87,22,3,7,2593,2083,40353,31645,Medium,0
841,May,Finance,11,26107,93,24,2,17,4874,2450,31645,32474,Low,0
842,Jul,Operations,8,49002,99,26,1,13,1105,2243,32474,51640,Low,0
843,Mar,IT,0,20605,88,26,4,11,2952,1061,51640,25858,Medium,0
844,Oct,HR,12,33156,85,25,4,6,2460,2706,25858,33823,Medium,0
845,Mar,Operations,13,19413,86,23,4,25,5612,1740,33823,29135,Medium,0
846,Jun,IT,9,31184,98,23,1,32,3241,769,29135,41655,Low,0
847,Mar,IT,10,36225,94,20,2,5,1971,2797,41655,37370,Low,0
848,Feb,IT,5,45308,91,26,3,17,7308,1880,37370,55159,Low,0
849,Jun,Finance,11,44177,85,26,4,34,5484,724,55159,56985,Medium,0
850,Feb,HR,6,33676,90,26,3,6,4297,633,56985,38333,Low,0
851,Dec,IT,7,45784,90,26,3,18,2479,336,38333,52174,Low,0
852,Apr,Operations,0,49102,93,21,2,24,3820,51,52174,58973,Low,0
853,Nov,Operations,0,21077,87,23,3,16,1970,99,58973,27363,Medium,0
854,Feb,Operations,13,37071,96,20,1,15,3673,1174,27363,42956,Low,0
855,Jan,Finance,1,47055,83,26,5,37,172,2575,42956,54558,High,1
856,Oct,Operations,4,44635,92,21,2,34,3791,1088,54558,55746,Low,0
857,Jul,HR,6,20948,98,26,1,40,2751,2454,55746,31333,Low,1
858,Apr,Finance,10,19553,96,22,1,32,836,156,31333,28115,Low,0
859,May,Finance,8,48714,93,26,2,33,3649,1841,28115,58917,Low,0
860,Aug,IT,10,48145,83,25,5,39,1435,464,58917,58574,High,1
861,Dec,HR,6,22447,86,23,4,21,1540,1365,58574,28562,Medium,0
862,Aug,Operations,1,38700,85,26,4,3,1429,1826,28562,38408,Medium,0
863,Feb,Operations,0,18584,95,25,2,26,4130,352,38408,28909,Low,0
864,Apr,HR,1,37211,93,21,2,21,2497,2582,28909,42582,Low,0
865,Jul,Operations,1,39154,96,20,1,20,305,2485,42582,42057,Low,0
866,Apr,HR,10,18394,80,20,4,3,6989,1732,42057,24604,High,1
867,Dec,Operations,11,45425,83,24,5,24,4754,1292,24604,54112,High,0
868,Jul,Finance,13,38339,82,23,5,34,4317,1538,54112,49030,High,1
869,Aug,Sales,12,39580,83,23,4,27,6556,2066,49030,51245,High,0
870,Jan,Sales,15,46540,89,20,3,38,7196,1725,51245,62072,Medium,1
871,Oct,Finance,0,45069,95,21,2,22,4726,1919,62072,53351,Low,0
872,Feb,Finance,1,28872,89,24,3,15,7604,2321,53351,37923,Medium,0
873,Oct,Sales,13,33072,97,25,1,37,7935,599,37923,50134,Low,1
874,Dec,Operations,9,38783,97,20,1,18,7757,2728,50134,47540,Low,0
875,Mar,Finance,1,43073,87,20,3,10,6556,1075,47540,50741,Medium,0
876,Dec,Operations,7,42433,96,24,1,20,5034,2403,50741,49554,Low,0
877,Feb,HR,14,34909,92,22,2,9,6581,1836,49554,41462,Low,0
878,Sep,Finance,11,18609,96,22,1,31,429,500,41462,25822,Low,0
879,Jan,Operations,2,28695,90,20,2,9,3110,548,25822,33328,Low,0
880,Sep,Sales,3,45958,94,24,2,9,3991,494,33328,51348,Low,0
881,Mar,Finance,7,47569,80,20,4,16,799,745,51348,52406,High,1
882,Aug,IT,10,45326,84,21,4,20,5785,2799,52406,53316,High,0
883,Nov,HR,14,27032,88,24,3,34,1502,554,53316,36938,Medium,0
884,Jun,HR,7,40763,80,25,5,7,1652,1254,36938,43680,High,1
885,Jan,Finance,10,21216,89,26,3,29,6605,2213,43680,32384,Medium,0
886,Aug,Sales,2,29436,92,21,2,10,1698,300,32384,34075,Low,0
887,Jan,Sales,12,20734,84,21,4,29,5436,215,34075,33243,High,0
888,Nov,Operations,3,19018,92,22,2,12,1982,2407,33243,21685,Low,0
889,Dec,Finance,14,35423,91,25,3,8,7181,1577,21685,42364,Low,0
890,May,Operations,9,27567,83,21,4,27,2665,1820,42364,34940,High,0
891,Apr,Operations,9,30446,99,20,1,7,3683,256,34940,35983,Low,0
892,Aug,Operations,8,34203,88,23,3,6,1897,2056,35983,36179,Medium,0
893,Nov,HR,13,24252,80,23,5,24,6847,1404,36179,35665,High,1
894,Nov,Sales,2,48252,92,25,2,9,2520,1680,35665,51596,Low,0
895,Mar,Finance,10,32614,94,22,2,37,3915,2507,51596,43744,Low,1
896,Mar,HR,8,38980,96,26,2,1,3386,2905,43744,38962,Low,0
897,May,IT,15,30262,86,23,4,1,3837,1683,38962,33357,Medium,0
898,Apr,Sales,2,38871,87,22,3,24,1661,1698,33357,44795,Medium,0
899,Oct,Operations,13,29979,92,20,2,14,563,1263,44795,33041,Low,0
900,Feb,IT,14,42906,93,25,2,22,4672,1712,33041,51861,Low,0
901,Mar,HR,13,28797,88,23,3,20,4043,2995,51861,34958,Medium,0
902,Jan,Operations,6,39677,81,26,5,10,461,1416,34958,41032,High,1
903,Feb,HR,7,34330,89,23,3,34,3353,2182,41032,43358,Medium,0
904,Jan,Sales,5,39874,86,25,4,5,3115,625,43358,43894,Medium,0
905,Dec,Finance,11,20193,84,24,4,20,5360,1753,43894,28459,High,0
906,Feb,Sales,2,33961,90,20,2,25,5124,2977,28459,42129,Low,0
907,Jun,Operations,7,26748,85,23,4,11,1305,1856,42129,29612,Medium,0
908,Jun,HR,12,42986,97,20,1,12,2487,1485,29612,47564,Low,0
909,May,IT,7,38929,83,24,5,21,3144,944,47564,46847,High,0
910,Jun,Sales,0,32569,93,26,2,40,5888,1522,46847,46752,Low,1
911,Aug,HR,7,27786,86,25,4,40,2867,2298,46752,39112,Medium,1
912,Aug,IT,11,44720,92,20,2,0,4712,121,39112,49717,Low,0
913,Sep,Operations,10,34314,86,23,4,35,4899,857,49717,47308,Medium,0
914,Jan,Operations,6,28688,95,26,2,0,5694,1060,47308,33120,Low,0
915,Nov,HR,14,44268,99,25,1,13,2335,2191,33120,47869,Low,0
916,Oct,HR,6,28182,92,22,2,1,785,1215,47869,27915,Low,0
917,Dec,HR,4,23667,93,25,2,18,956,1529,27915,28332,Low,0
918,Oct,HR,3,27941,88,26,4,32,3387,1106,28332,38737,Medium,0
919,Aug,Finance,10,26353,80,21,5,21,1879,1314,38737,32964,High,1
920,Apr,Operations,8,47431,90,20,2,19,2309,55,32964,54685,Low,0
921,May,HR,6,29970,83,25,5,23,2803,489,54685,38274,High,0
922,Mar,Operations,8,20841,98,23,1,31,2498,1499,38274,29867,Low,0
923,Sep,Sales,10,31786,99,26,1,16,4601,743,29867,39817,Low,0
924,Aug,Finance,4,26003,88,24,3,6,1929,1014,39817,28123,Medium,0
925,Jan,HR,7,22284,97,25,1,31,2871,2041,28123,30828,Low,0
926,Nov,Sales,6,39794,100,21,0,27,4240,1950,30828,48418,Low,0
927,Jan,Finance,1,20802,88,22,3,7,3976,609,48418,26169,Medium,0
928,Sep,HR,3,34937,99,21,1,24,1036,1242,26169,40376,Low,0
929,Oct,Finance,15,20588,95,22,2,25,1697,1408,40376,26367,Low,0
930,Aug,Operations,6,24521,97,24,1,7,5645,1885,26367,30816,Low,0
931,Dec,HR,3,29043,84,20,4,12,6418,2288,30816,36854,High,0
932,Nov,Finance,11,40435,82,23,5,6,6150,2215,36854,45158,High,1
933,May,Operations,14,33452,88,26,4,21,2467,2232,45158,38188,Medium,0
934,Apr,Operations,5,20594,86,26,4,22,5548,2382,38188,29330,Medium,0
935,Apr,Sales,2,35318,81,24,5,8,129,2157,29330,35489,High,1
936,Aug,IT,8,27018,80,23,5,36,2216,2163,35489,35355,High,1
937,May,HR,14,24790,86,21,3,9,228,2604,35355,25225,Medium,0
938,Nov,IT,8,22298,95,23,2,23,7753,13,25225,35878,Low,0
939,Jul,Sales,3,34331,98,26,1,2,3319,2848,35878,34780,Low,0
940,Aug,Operations,5,22757,96,23,1,8,4125,1720,34780,26931,Low,0
941,May,Sales,7,21776,94,25,2,23,4668,401,26931,32040,Low,0
942,Sep,IT,5,34966,86,21,3,1,755,1345,32040,34299,Medium,0
943,Jun,HR,3,19542,93,21,2,2,758,1956,34299,19035,Low,0
944,Nov,HR,13,27883,100,21,0,9,4545,2790,19035,32307,Low,0
945,Aug,Operations,5,19390,91,24,3,13,6590,1368,32307,27304,Low,0
946,Dec,HR,14,21493,83,25,5,21,5309,2130,27304,30718,High,0
947,Sep,IT,4,48180,100,20,0,17,4823,29,30718,57435,Low,0
948,Oct,Operations,1,22226,90,23,3,40,3451,274,57435,35488,Low,1
949,Apr,IT,11,34951,92,21,2,27,2140,1521,35488,42129,Low,0
950,Oct,Sales,14,18554,90,25,3,7,3237,2030,42129,21630,Low,0
951,Mar,IT,3,30025,81,21,4,36,125,619,21630,37836,High,1
952,Dec,Finance,14,40071,90,20,2,15,6852,2741,37836,47625,Low,0
953,Aug,Finance,15,32559,92,20,2,14,1525,1496,47625,35522,Low,0
954,Jun,IT,14,47981,84,20,4,27,5995,883,35522,59183,High,0
955,Dec,Operations,15,43827,99,21,1,6,5701,2410,59183,47834,Low,0
956,Jul,Operations,7,34494,83,24,5,14,3600,1403,47834,39836,High,0
957,Oct,Finance,2,32404,99,26,1,11,5964,2949,39836,38429,Low,0
958,Jun,Sales,10,46575,99,20,1,7,2051,1681,38429,49171,Low,0
959,Mar,IT,10,45623,81,23,5,7,2638,2295,49171,47336,High,1
960,Mar,Finance,4,47515,96,22,1,16,7472,2399,47336,57188,Low,0
961,May,Operations,4,27606,88,25,3,28,1742,2490,57188,33396,Medium,0
962,Oct,HR,14,22315,86,25,4,21,1420,1618,33396,28122,Medium,0
963,May,Operations,15,30990,84,26,5,23,7398,198,28122,44011,High,0
964,Nov,Finance,5,48026,96,22,1,13,3123,1112,44011,52763,Low,0
965,Mar,Finance,14,34804,96,24,1,13,1125,725,52763,38972,Low,0
966,Jun,IT,8,18077,93,21,2,4,7880,1064,38972,25280,Low,0
967,Apr,Sales,9,36023,95,22,2,38,2036,1192,25280,46140,Low,1
968,Jun,Sales,3,36764,81,20,4,10,4639,1057,46140,43127,High,1
969,Feb,IT,13,24314,87,23,3,34,6171,1397,43127,37718,Medium,0
970,Jan,Finance,8,45776,83,23,4,22,6409,2265,37718,55228,High,0
971,Dec,Sales,6,49194,99,25,1,20,2310,1122,55228,55140,Low,0
972,Oct,Sales,7,43520,81,20,4,39,3128,1433,55140,55341,High,1
973,Mar,Operations,10,48499,88,21,3,40,1348,2578,55341,57814,Medium,1
974,Sep,IT,9,23885,98,26,1,7,4528,713,57814,28712,Low,0
975,Apr,Finance,15,22450,97,25,1,26,7323,2376,28712,34056,Low,0
976,Mar,Sales,11,45225,82,20,4,20,6854,586,34056,55745,High,1
977,Oct,Sales,5,22221,89,22,3,6,4149,2811,55745,24582,Medium,0
978,Jul,HR,9,28459,85,21,4,28,1349,1824,24582,35008,Medium,0
979,Mar,HR,9,30619,84,24,4,20,4522,983,35008,39184,High,0
980,Jun,Sales,10,37859,94,26,2,6,6269,2194,39184,43768,Low,0
981,Nov,IT,3,36592,88,24,3,6,1244,1344,43768,37851,Medium,0
982,Jul,Sales,3,21306,85,25,4,26,6521,1064,37851,33112,Medium,0
983,Jan,HR,8,40714,83,22,4,22,2812,2668,33112,45872,High,0
984,Aug,Operations,1,29132,89,22,3,32,829,1288,45872,35986,Medium,0
985,Jun,IT,12,40404,91,26,3,35,4548,2419,35986,51225,Low,0
986,Aug,Finance,4,46998,82,26,5,19,5147,346,51225,57169,High,1
987,Apr,Operations,1,19318,96,22,1,35,7511,2209,57169,32939,Low,0
988,Jul,IT,2,22369,87,20,3,8,7812,2754,32939,29532,Medium,0
989,Nov,IT,0,48496,87,20,3,14,87,2962,29532,48806,Medium,0
990,Mar,Operations,4,23120,96,26,2,36,3260,1961,48806,33188,Low,1
991,Jan,HR,10,27967,97,25,1,31,7571,142,33188,43091,Low,0
992,Jul,HR,14,22234,98,24,1,33,2714,2666,43091,29746,Low,0
993,Dec,Operations,4,18293,90,23,3,25,3054,2321,29746,24532,Low,0
994,Nov,Operations,1,48004,83,23,4,4,724,2334,24532,47413,High,0
995,Jun,HR,8,39459,94,25,2,5,3643,2207,47413,42489,Low,0
996,Aug,IT,9,35377,99,24,1,22,3984,2976,42489,41530,Low,0
997,Jul,Sales,13,22052,96,22,1,8,4442,1730,41530,27328,Low,0
998,Apr,HR,7,25873,87,22,3,1,3287,1120,27328,28076,Medium,0
999,Jan,Sales,13,27849,97,23,1,38,5959,1228,28076,42837,Low,1
1000,Dec,IT,5,33437,94,23,2,18,3287,164,42837,40459,Low,0
1001,Aug,IT,10,24098,100,26,0,32,7200,113,40459,39864,Low,0
1002,Aug,HR,7,26884,91,25,3,39,4933,455,39864,40985,Low,1
1003,Jan,IT,11,47982,91,23,3,38,6156,460,40985,63070,Low,1
1004,Jun,Finance,9,22658,85,26,4,1,4828,258,63070,27623,Medium,0
1005,Sep,Finance,7,48690,96,20,1,0,3057,883,27623,50901,Low,0
1006,Sep,Finance,10,26305,97,20,1,4,7751,2184,50901,32612,Low,0
1007,Dec,IT,11,20388,98,24,1,24,7184,2357,32612,30940,Low,0
1008,Jan,Finance,13,18803,89,22,3,1,3008,202,30940,22250,Medium,0
1009,Jan,HR,14,21114,99,22,1,4,4361,2853,22250,23343,Low,0
1010,Jun,Sales,4,49393,82,25,5,29,3681,967,23343,58922,High,1
1011,Dec,IT,8,48654,96,22,1,30,5486,1027,58922,60650,Low,0
1012,Oct,IT,6,20782,80,24,5,34,7021,2354,60650,33266,High,1
1013,Mar,Operations,10,24064,93,23,2,37,2424,1757,33266,33575,Low,1
1014,Jan,Sales,4,22194,88,23,3,37,7058,2782,33575,36386,Medium,1
1015,Mar,Sales,0,37624,91,22,2,1,493,1767,36386,36339,Low,0
1016,Apr,HR,3,32783,86,20,3,40,5689,940,36339,46952,Medium,1
1017,Apr,HR,3,32391,98,20,1,20,3562,1293,46952,39833,Low,0
1018,Mar,Operations,15,40947,85,22,4,24,6523,1834,39833,51213,Medium,0
1019,Sep,Sales,3,32841,97,23,1,6,600,984,51213,34528,Low,0
1020,Jun,HR,2,38049,93,23,2,30,3092,2808,34528,45313,Low,0
1021,Oct,Operations,15,24097,94,22,2,35,780,2457,45313,31510,Low,0
1022,Mar,Finance,11,25298,99,25,1,15,2029,1825,31510,29865,Low,0
1023,Jul,IT,15,32306,97,25,1,9,1665,932,29865,35196,Low,0
1024,Jun,Sales,2,28032,83,23,4,11,6101,1893,35196,35481,High,0
1025,Nov,Operations,0,31211,82,24,5,2,4270,1768,35481,33797,High,1
1026,Jan,IT,4,24628,91,23,3,20,7863,857,33797,36566,Low,0
1027,Nov,IT,6,35756,88,21,3,0,7712,1022,36566,42302,Medium,0
1028,Dec,IT,1,19196,89,20,3,39,5793,446,42302,33543,Medium,1
1029,Jul,IT,13,42448,94,22,2,1,7519,2600,33543,48323,Low,0
1030,Oct,Operations,4,37263,81,21,4,40,3804,1280,48323,50156,High,1
1031,May,IT,14,18648,89,22,3,22,147,276,50156,24797,Medium,0
1032,Feb,Operations,0,35179,93,26,2,7,6463,2972,24797,40602,Low,0
1033,Feb,Sales,8,18438,92,20,2,34,6792,2576,40602,31411,Low,0
1034,Apr,Operations,7,21944,90,24,3,0,5639,2125,31411,25507,Low,0
1035,Dec,IT,5,35349,100,25,0,0,672,721,25507,36037,Low,0
1036,Apr,HR,5,28636,90,23,3,3,2832,1781,36037,30999,Low,0
1037,Mar,IT,15,24527,89,24,3,0,6284,829,30999,29871,Medium,0
1038,Jul,HR,14,41024,87,22,3,2,6948,1387,29871,47794,Medium,0
1039,Jul,IT,7,31373,98,23,1,4,747,397,47794,32139,Low,0
1040,May,IT,3,33935,81,26,5,5,5991,2841,32139,38796,High,1
1041,Jan,HR,1,41658,84,26,5,39,4335,931,38796,55283,High,1
1042,Oct,Operations,12,25834,88,22,3,9,5259,1390,55283,32447,Medium,0
1043,Aug,HR,14,26656,96,23,1,3,7013,1238,32447,32827,Low,0
1044,Sep,HR,15,27881,98,25,1,40,4750,2396,32827,40566,Low,1
1045,Jun,Sales,4,20408,83,21,4,40,1073,81,40566,30929,High,1
1046,Aug,HR,0,35766,88,22,3,24,6711,840,30929,47827,Medium,0
1047,Jan,Finance,7,46059,90,21,3,26,2156,1474,47827,53110,Low,0
1048,Jun,HR,0,34555,89,25,3,38,4037,2714,53110,44583,Medium,1
1049,Nov,HR,2,47510,95,23,2,13,6821,1983,44583,55076,Low,0
1050,Feb,IT,14,36391,83,20,4,20,1509,2532,55076,40676,High,0
1051,Nov,HR,12,35382,82,25,5,1,1603,2350,40676,34693,High,1
1052,Feb,Sales,5,32559,91,20,2,12,4616,1562,34693,38382,Low,0
1053,Apr,Finance,12,36814,83,25,5,26,1914,1036,38382,44173,High,0
1054,Jul,Sales,13,44104,96,21,1,10,1114,1138,44173,46087,Low,0
1055,Nov,HR,6,34174,97,21,1,13,1980,757,46087,38147,Low,0
1056,Jul,Sales,15,29477,90,25,3,5,1794,261,38147,32671,Low,0
1057,Sep,Sales,0,40086,83,24,5,36,7854,2462,32671,55223,High,1
1058,Feb,Sales,11,25875,98,23,1,33,7894,1392,55223,40593,Low,0
1059,Dec,Operations,13,36362,97,26,1,10,6304,2791,40593,42678,Low,0
1060,Dec,Sales,9,42903,86,21,3,10,4657,1631,42678,48529,Medium,0
1061,Apr,Operations,15,25246,82,23,5,27,3382,2894,48529,32233,High,1
1062,Dec,Finance,13,44212,88,25,3,31,5702,176,32233,57603,Medium,0
1063,Aug,Finance,0,39414,95,21,2,34,6832,1262,57603,53295,Low,0
1064,Feb,Operations,15,20456,82,21,4,28,3637,1425,53295,29847,High,1
1065,Sep,Finance,10,30730,99,21,1,29,150,2564,29847,35911,Low,0
1066,Feb,Finance,9,22924,91,26,3,20,2627,1688,35911,29073,Low,0
1067,Oct,Sales,4,22347,86,22,4,14,3272,1355,29073,27753,Medium,0
1068,Mar,IT,14,37137,98,24,1,2,5258,2427,27753,40885,Low,0
1069,Apr,Finance,1,41604,84,24,4,37,4625,272,40885,55932,High,1
1070,May,Finance,13,39069,95,22,2,24,7521,2067,55932,50478,Low,0
1071,Apr,Finance,7,25295,95,22,2,11,3988,2243,50478,29226,Low,0
1072,Apr,Operations,2,31576,96,26,2,16,6497,290,29226,41223,Low,0
1073,Feb,Finance,15,44679,87,23,3,5,7301,1957,41223,51227,Medium,0
1074,May,HR,15,22141,81,26,5,10,5719,825,51227,29910,High,1
1075,Aug,IT,4,25356,95,22,2,29,49,441,29910,32228,Low,0
1076,May,HR,9,46208,83,22,4,38,6985,206,32228,62199,High,1
1077,Nov,HR,7,39117,84,24,4,32,7491,2386,62199,52364,High,0
1078,Mar,Operations,0,22616,86,25,4,34,2823,1265,52364,32458,Medium,0
1079,Jan,Finance,14,20258,87,23,3,16,3685,639,32458,27029,Medium,0
1080,Dec,Sales,4,26083,96,21,1,28,1368,428,27029,33866,Low,0
1081,Aug,Finance,12,43745,85,21,4,9,2289,1650,33866,45858,Medium,0
1082,Oct,Operations,3,20136,82,23,5,10,1829,428,45858,23703,High,1
1083,Apr,Sales,10,20826,100,20,0,24,7904,2133,23703,32523,Low,0
1084,Feb,Sales,4,35674,96,20,1,30,4750,1827,32523,45967,Low,0
1085,Feb,Finance,2,21943,92,20,2,21,429,964,45967,26397,Low,0
1086,Oct,IT,1,49744,90,26,3,22,1019,2564,26397,54459,Low,0
1087,Aug,HR,15,21877,86,21,3,8,38,2500,54459,20889,Medium,0
1088,Oct,Sales,0,20532,85,22,4,36,2164,857,20889,30267,Medium,1
1089,Feb,Finance,7,36424,99,26,1,0,1486,2484,30267,35026,Low,0
1090,Oct,Operations,1,21732,83,21,4,11,5349,203,35026,28990,High,0
1091,Dec,Sales,9,26220,92,24,2,25,2923,1951,28990,32708,Low,0
1092,Oct,HR,2,36529,94,26,2,3,3018,2778,32708,37608,Low,0
1093,Aug,IT,12,37742,100,23,0,11,429,2384,37608,38395,Low,0
1094,Oct,Operations,0,41362,84,20,4,32,2138,1286,38395,50507,High,0
1095,Oct,Operations,14,47883,100,20,0,18,937,1048,50507,51739,Low,0
1096,Sep,Sales,7,30618,95,21,2,22,2699,1038,51739,37258,Low,0
1097,May,Finance,7,28136,82,24,5,40,5098,101,37258,42386,High,1
1098,Nov,Finance,10,38219,94,22,2,19,1312,1548,42386,42680,Low,0
1099,Apr,Sales,14,37180,83,20,4,13,4228,1050,42680,42872,High,0
1100,May,IT,15,48286,95,24,2,26,3841,72,42872,58814,Low,0
1101,Jun,Finance,1,33213,81,23,5,25,17,1317,58814,38087,High,1
1102,Apr,Sales,0,34686,97,23,1,22,7594,1023,38087,47518,Low,0
1103,Mar,Sales,12,19004,91,25,3,24,4888,417,47518,30011,Low,0
1104,Oct,IT,1,19173,92,23,2,33,6844,73,30011,34626,Low,0
1105,Mar,Sales,11,22077,82,24,5,10,1577,2894,34626,23781,High,1
1106,Feb,Finance,14,49468,93,22,2,9,1494,2376,23781,51478,Low,0
1107,Jun,Sales,3,20084,97,26,1,39,3608,430,51478,33457,Low,1
1108,Oct,Finance,5,42678,90,21,3,29,5822,189,33457,56105,Low,0
1109,Nov,HR,4,43168,83,20,4,37,4447,1550,56105,55252,High,1
1110,Aug,Sales,10,41071,85,26,4,34,5983,586,55252,55176,Medium,0
1111,Sep,Finance,8,39701,89,25,3,14,3769,2309,55176,44425,Medium,0
1112,Jul,Finance,7,23252,85,22,4,30,2976,2695,44425,31009,Medium,0
1113,Feb,Finance,15,49836,81,22,5,40,2503,435,31009,61279,High,1
1114,Feb,Operations,4,46492,90,20,2,39,3509,1975,61279,58337,Low,1
1115,Apr,IT,5,20405,95,21,2,19,2397,470,58337,27445,Low,0
1116,Sep,Operations,15,22212,92,24,2,1,5535,1439,27445,26541,Low,0
1117,Jan,Finance,2,39423,91,21,2,31,7005,991,26541,52966,Low,0
1118,Aug,Sales,5,37823,100,22,0,18,6834,2222,52966,47685,Low,0
1119,Apr,Finance,0,31457,91,22,2,35,630,2340,47685,39101,Low,0
1120,May,Operations,13,35868,96,23,1,4,433,1465,39101,35184,Low,0
1121,Nov,HR,1,34297,88,26,4,14,6576,2745,35184,40952,Medium,0
1122,Jun,Sales,10,27062,99,24,1,12,854,404,40952,30447,Low,0
1123,May,Sales,3,49358,94,26,2,15,2980,1131,30447,54264,Low,0
1124,Dec,IT,7,20255,100,21,0,24,3483,1271,54264,28913,Low,0
1125,Jun,IT,11,47334,97,22,1,13,71,2280,28913,48901,Low,0
1126,Dec,IT,2,34128,82,21,4,23,4099,1936,48901,41269,High,1
1127,Apr,IT,6,20016,90,24,3,32,6052,2123,41269,31467,Low,0
1128,Mar,Finance,4,49042,91,25,3,12,4485,1912,31467,55103,Low,0
1129,Nov,IT,5,46427,90,20,2,20,3943,819,55103,54346,Low,0
1130,Aug,IT,1,19722,81,23,5,20,5968,316,54346,30758,High,1
1131,Mar,Finance,12,29972,82,24,5,13,5164,1801,30758,36905,High,1
1132,Aug,IT,8,39425,96,25,1,30,1155,843,36905,46736,Low,0
1133,Sep,IT,2,44171,92,23,2,2,483,1670,46736,42965,Low,0
1134,Dec,Sales,4,46007,88,24,3,26,889,1896,42965,51591,Medium,0
1135,Dec,Operations,10,31185,96,26,2,17,501,2103,51591,33422,Low,0
1136,Dec,HR,11,24336,91,20,2,22,5542,1492,33422,33457,Low,0
1137,May,Operations,6,28402,97,24,1,7,2301,2742,33457,29918,Low,0
1138,Jul,Finance,9,25330,94,24,2,35,2900,2943,29918,34498,Low,0
1139,Nov,Operations,13,20814,89,20,3,30,1201,1430,34498,27661,Medium,0
1140,Oct,HR,10,25661,87,26,4,15,6835,749,27661,35645,Medium,0
1141,Mar,IT,8,20747,82,25,5,31,3511,2489,35645,30286,High,1
1142,Nov,IT,14,42242,82,26,5,23,3896,1529,30286,49798,High,1
1143,Nov,Sales,2,31094,82,26,5,23,2547,1523,49798,38118,High,1
1144,May,Sales,6,46278,84,20,4,32,1947,1534,38118,54824,High,0
1145,Mar,Operations,0,46057,84,21,4,23,7158,1174,54824,58252,High,0
1146,May,IT,10,32297,84,23,4,37,1193,2734,58252,40328,High,1
1147,Aug,Finance,6,21993,88,26,4,27,4707,2384,40328,31837,Medium,0
1148,May,IT,8,19365,82,21,4,9,4545,1333,31837,24143,High,1
1149,Feb,HR,15,48604,96,26,2,13,3084,759,24143,54428,Low,0
1150,May,HR,1,25607,86,25,4,8,262,2092,54428,25145,Medium,0
1151,Dec,IT,15,29750,83,24,5,30,2621,1602,25145,38910,High,0
1152,Sep,Sales,13,40677,96,24,1,2,3164,2905,38910,41823,Low,0
1153,Jun,Sales,9,48798,85,26,4,24,7619,2470,41823,59257,Medium,0
1154,Sep,HR,1,22397,85,24,4,32,140,1592,59257,28189,Medium,0
1155,Mar,HR,3,36368,93,24,2,11,107,1677,28189,37749,Low,0
1156,Jan,HR,15,20713,86,20,3,25,6498,307,37749,33554,Medium,0
1157,Oct,Operations,7,19395,94,21,2,24,5651,1972,33554,29538,Low,0
1158,Feb,Operations,9,33358,81,23,5,23,7323,2049,29538,44783,High,1
1159,Sep,IT,7,26569,95,20,1,7,7781,599,44783,35393,Low,0
1160,Sep,Sales,15,45517,99,26,1,37,3723,1618,35393,56669,Low,1
1161,Jul,IT,6,19042,80,21,5,29,4958,398,56669,31137,High,1
1162,Mar,Sales,1,46905,98,21,1,5,1097,1532,31137,48463,Low,0
1163,Nov,Operations,0,36122,91,25,3,32,906,2210,48463,42871,Low,0
1164,Aug,HR,13,24027,83,26,5,28,7607,2568,42871,36824,High,0
1165,Feb,IT,15,29581,91,20,2,39,756,2158,36824,38233,Low,1
1166,Dec,IT,5,29879,94,26,2,12,3931,592,38233,36379,Low,0
1167,Mar,HR,10,38011,96,25,1,15,3676,1699,36379,43556,Low,0
1168,Aug,Operations,0,31750,92,21,2,30,3564,2892,43556,40085,Low,0
1169,Jun,Operations,0,25009,91,22,2,34,2366,679,40085,34819,Low,0
1170,Feb,Sales,6,29667,84,26,5,5,4237,588,34819,33851,High,0
1171,Nov,Finance,10,23712,89,21,3,28,4576,955,33851,34756,Medium,0
1172,Feb,Sales,0,39229,99,20,1,35,3648,1267,34756,50686,Low,0
1173,Dec,IT,5,47801,99,24,1,11,3374,759,50686,52540,Low,0
1174,Dec,HR,2,35358,93,20,2,18,3828,2092,52540,41940,Low,0
1175,Dec,Sales,8,20242,99,26,1,24,2162,1942,41940,25815,Low,0
1176,Sep,HR,5,33650,85,20,3,20,5973,2959,25815,42163,Medium,0
1177,Jun,IT,1,44409,84,21,4,4,286,2853,42163,43602,High,0
1178,Jan,HR,6,42646,88,20,3,7,1741,1464,43602,44515,Medium,0
1179,Feb,IT,15,22255,91,23,3,7,4037,2093,44515,25297,Low,0
1180,Mar,Operations,2,47320,87,24,4,33,1287,696,25297,55805,Medium,0
1181,Jun,Sales,7,41623,86,22,4,39,198,1328,55805,49581,Medium,1
1182,Jun,IT,11,20865,91,26,3,18,4159,1442,49581,28576,Low,0
1183,Apr,Operations,8,22592,87,22,3,1,1223,2587,28576,21794,Medium,0
1184,May,Sales,10,18211,95,24,2,30,4573,298,21794,30230,Low,0
1185,Mar,Finance,8,33995,86,21,3,14,3819,2535,30230,38723,Medium,0
1186,Dec,Sales,8,26736,97,26,1,0,7952,2991,38723,32189,Low,0
1187,Feb,IT,15,33404,89,24,3,35,5100,1826,32189,44776,Medium,0
1188,Mar,Operations,4,27973,88,25,3,7,7046,1634,44776,34378,Medium,0
1189,Feb,Finance,7,19024,97,25,1,12,3814,1615,34378,24086,Low,0
1190,Oct,HR,12,38247,95,24,2,32,4410,883,24086,49508,Low,0
1191,Aug,HR,10,40852,88,25,3,4,4178,2614,49508,43789,Medium,0
1192,Mar,IT,0,48049,94,22,2,27,1685,1433,43789,55208,Low,0
1193,Jan,Sales,9,26355,94,26,2,9,268,1221,55208,28073,Low,0
1194,Jul,HR,8,34879,93,22,2,33,3689,2723,28073,44410,Low,0
1195,Jun,Sales,3,20864,80,25,5,16,3386,433,44410,27176,High,1
1196,Apr,IT,6,42693,90,26,3,33,7390,310,27176,58710,Low,0
1197,Jan,Sales,7,40631,90,21,3,8,7078,1331,58710,49093,Low,0
1198,Aug,IT,5,22413,82,21,4,30,655,59,49093,30849,High,1
1199,Jan,Sales,14,39861,84,22,4,8,2816,1292,30849,44125,High,0
1200,Sep,IT,1,38221,97,23,1,32,7994,2467,44125,51479,Low,0
1201,May,Finance,13,45957,90,25,3,7,1491,2813,51479,47065,Low,0
1202,Oct,IT,3,27448,99,22,1,22,5512,256,47065,37621,Low,0
1203,Aug,Finance,12,28687,94,21,2,34,6649,2409,37621,42029,Low,0
1204,Aug,Finance,9,27005,85,25,4,7,4418,114,42029,32751,Medium,0
1205,Mar,Finance,0,47628,97,22,1,18,2487,2047,32751,51904,Low,0
1206,Apr,HR,0,37681,88,26,4,30,4623,2792,51904,47773,Medium,0
1207,Mar,Sales,10,48251,82,21,4,7,5725,422,47773,55723,High,1
1208,Jan,IT,15,45641,87,25,4,39,2456,451,55723,57417,Medium,1
1209,Feb,Operations,1,21962,91,21,2,8,7497,2879,57417,27875,Low,0
1210,Oct,Sales,13,39178,84,26,5,18,5508,1984,27875,46876,High,0
1211,Jul,Operations,6,30664,100,25,0,39,1411,249,46876,41464,Low,1
1212,Oct,IT,6,37350,99,23,1,35,4367,1085,41464,49150,Low,0
1213,Apr,IT,6,32999,80,23,5,33,5438,2946,49150,43248,High,1
1214,Apr,IT,1,33074,96,25,1,29,7218,28,43248,47770,Low,0
1215,Jan,Sales,13,21918,88,23,3,20,2345,1450,47770,27453,Medium,0
1216,Aug,Finance,14,26028,89,22,3,34,5734,2050,27453,38060,Medium,0
1217,Mar,Finance,12,35117,83,26,5,20,5688,591,38060,45384,High,0
1218,Oct,Operations,14,29477,91,23,3,26,7325,1601,45384,41930,Low,0
1219,Jun,HR,11,22587,80,20,4,12,2593,1393,41930,26350,High,1
1220,Nov,Operations,15,22319,100,25,0,26,1847,1011,26350,29506,Low,0
1221,Nov,Sales,10,27060,80,26,6,13,6177,2934,29506,34297,High,1
1222,May,Finance,7,40819,92,21,2,0,7918,2675,34297,45303,Low,0
1223,Sep,HR,1,20659,89,26,3,27,5188,593,45303,32470,Medium,0
1224,Oct,Sales,7,42483,85,21,4,15,1976,303,32470,47186,Medium,0
1225,Sep,Sales,6,24171,85,20,3,5,2340,626,47186,26472,Medium,0
1226,Mar,HR,2,30493,99,26,1,19,807,6,26472,36358,Low,0
1227,May,Finance,1,19238,83,24,5,8,4153,814,36358,24548,High,0
1228,May,HR,3,23074,84,25,4,2,4845,1910,24548,27203,High,0
1229,May,HR,0,24464,88,20,3,30,5243,1482,27203,36347,Medium,0
1230,Aug,Sales,5,45473,98,22,1,33,1058,2666,36347,52169,Low,0
1231,Nov,IT,14,43193,95,20,1,12,4483,2032,52169,48691,Low,0
1232,Apr,Finance,12,18963,87,26,4,19,6536,882,48691,29957,Medium,0
1233,Aug,HR,4,20811,96,21,1,6,6398,1586,29957,27249,Low,0
1234,Mar,IT,15,39402,82,22,4,7,248,2336,27249,38638,High,1
1235,Jul,Finance,4,42759,97,24,1,37,6167,2444,38638,55206,Low,1
1236,Mar,IT,4,24215,82,22,4,38,2086,1994,55206,34580,High,1
1237,May,Operations,2,27777,81,20,4,40,2596,2187,34580,37537,High,1
1238,May,Operations,2,46421,82,24,5,37,6515,478,37537,62209,High,1
1239,Sep,Finance,6,44383,84,21,4,14,7154,1715,62209,52814,High,0
1240,Dec,Finance,5,49233,92,23,2,0,647,1714,52814,47490,Low,0
1241,Jan,Sales,4,48582,85,20,3,19,4704,2154,47490,55745,Medium,0
1242,Sep,HR,0,35039,83,21,4,12,3315,167,55745,40575,High,0
1243,Oct,Operations,11,44119,81,24,5,11,642,305,40575,47613,High,1
1244,Sep,IT,0,43481,92,20,2,15,4420,2111,47613,49473,Low,0
1245,May,Sales,14,26407,93,22,2,33,4525,1550,49473,36946,Low,0
1246,Oct,Operations,2,45067,93,21,2,6,3269,2072,36946,48142,Low,0
1247,May,Operations,0,30492,81,25,5,12,1997,2527,48142,32635,High,1
1248,Jan,IT,6,49523,85,22,4,22,7611,486,32635,61390,Medium,0
1249,Feb,Sales,11,49097,99,26,1,4,7707,2478,61390,55443,Low,0
1250,Jan,Sales,6,43586,100,25,0,20,6361,1308,55443,53144,Low,0
1251,Jan,Sales,0,35141,92,24,2,33,5630,1712,53144,46875,Low,0
1252,Oct,Finance,6,26292,85,26,4,21,7870,2755,46875,36758,Medium,0
1253,Jul,Operations,3,25679,82,24,5,17,6403,711,36758,35799,High,1
1254,Jun,IT,15,36450,94,23,2,15,40,2310,35799,37768,Low,0
1255,Apr,Sales,12,38863,90,22,3,26,6025,2221,37768,48669,Low,0
1256,Sep,Finance,13,49370,96,21,1,33,6877,2308,48669,62123,Low,0
1257,Apr,Operations,10,42971,93,24,2,21,5693,149,62123,54089,Low,0
1258,Apr,HR,14,39797,81,20,4,11,7593,1557,54089,49246,High,1
1259,Mar,Operations,11,19966,99,22,1,14,4841,890,49246,27097,Low,0
1260,Nov,Finance,0,35862,98,20,1,31,6216,1725,27097,47984,Low,0
1261,Jan,Finance,13,35148,95,22,2,12,7199,1393,47984,44570,Low,0
1262,Mar,HR,10,34119,91,23,3,7,3428,920,44570,37603,Low,0
1263,Nov,Operations,3,32856,100,24,0,25,4556,2031,37603,40978,Low,0
1264,Feb,Finance,5,38153,81,23,5,12,2237,1954,40978,41387,High,1
1265,Mar,HR,8,43591,90,22,3,38,7611,1347,41387,58593,Low,1
1266,Apr,Sales,9,40245,90,20,2,12,5520,2342,58593,47195,Low,0
1267,Apr,Sales,15,31805,86,21,3,7,3633,995,47195,36252,Medium,0
1268,Dec,IT,4,21080,89,21,3,4,5915,1934,36252,25311,Medium,0
1269,Mar,Operations,6,40801,88,21,3,19,5146,1910,25311,49205,Medium,0
1270,Sep,HR,1,28311,80,20,4,31,869,571,49205,36824,High,1
1271,Dec,HR,13,18791,81,25,5,16,7857,799,36824,30236,High,1
1272,Oct,Operations,10,29323,83,22,4,21,521,2201,30236,33544,High,0
1273,Jan,IT,7,42439,81,24,5,22,1821,621,33544,48500,High,1
1274,Oct,Finance,14,33376,83,20,4,35,921,1085,48500,42084,High,0
1275,May,Finance,11,38259,97,23,1,16,3696,2910,42084,43129,Low,0
1276,Apr,Finance,10,43512,81,23,5,19,6289,2913,43129,52207,High,1
1277,Apr,HR,0,23704,88,26,4,9,2701,1885,52207,26098,Medium,0
1278,Dec,Finance,4,34043,84,23,4,17,5334,1547,26098,42625,High,0
1279,Sep,HR,9,21331,81,26,5,40,4575,2939,42625,33590,High,1
1280,Feb,Operations,14,18566,84,21,4,1,2047,2271,33590,18347,High,0
1281,Sep,HR,7,49735,96,23,1,0,3991,148,18347,53773,Low,0
1282,Oct,Sales,12,39488,97,24,1,21,4410,946,53773,48715,Low,0
1283,Mar,Operations,3,23044,83,22,4,17,7543,1701,48715,33763,High,0
1284,Dec,Operations,1,35162,87,26,4,40,474,1314,33763,44626,Medium,1
1285,Dec,IT,1,41526,90,24,3,38,5781,1300,44626,55488,Low,1
1286,May,Sales,11,23355,96,25,1,30,3126,1105,55488,33616,Low,0
1287,May,Operations,12,38219,100,23,0,9,2810,943,33616,42566,Low,0
1288,Feb,HR,13,48809,80,22,5,24,5215,2340,42566,57069,High,1
1289,May,HR,14,28395,80,20,4,15,5636,1381,57069,36930,High,1
1290,Mar,HR,7,33894,84,22,4,36,2641,2818,36930,42570,High,1
1291,Sep,HR,8,38406,82,23,5,30,4404,1271,42570,49028,High,1
1292,Jun,Sales,7,34098,100,24,0,0,4063,673,49028,37601,Low,0
1293,Oct,Operations,15,30202,83,21,4,29,5670,874,37601,42732,High,0
1294,Jun,Sales,9,26862,92,24,2,18,3888,1202,42732,33392,Low,0
1295,Oct,Sales,11,37308,85,23,4,8,2994,921,33392,41355,Medium,0
1296,Mar,IT,14,45525,89,24,3,33,7254,292,41355,61325,Medium,0
1297,Jan,Sales,3,32285,89,23,3,8,1162,1768,61325,33353,Medium,0
1298,Jun,Operations,2,31779,100,21,0,30,5001,620,33353,42902,Low,0
1299,May,HR,5,22967,81,26,5,4,6062,2533,42902,27300,High,1
1300,Jan,Sales,9,44038,90,22,3,0,2395,383,27300,46685,Low,0
1301,Oct,Finance,11,37246,90,21,3,25,2990,905,46685,45188,Low,0
1302,Dec,Operations,14,33417,89,26,3,9,6878,1921,45188,40276,Medium,0
1303,Feb,Operations,8,31830,91,26,3,23,5773,579,40276,43466,Low,0
1304,Sep,Operations,5,18229,90,24,3,19,2910,1,43466,25406,Low,0
1305,Jan,Finance,14,48539,89,20,3,23,6478,35,25406,61310,Medium,0
1306,Nov,Finance,15,44283,82,21,4,36,6235,2820,61310,56876,High,1
1307,Sep,HR,13,34200,90,23,3,36,3969,2782,56876,45094,Low,1
1308,Dec,Operations,10,37151,86,23,4,24,47,2847,45094,41074,Medium,0
1309,Feb,Operations,11,46148,93,24,2,36,276,2233,41074,52972,Low,1
1310,Sep,Sales,6,29848,92,25,2,2,6168,1837,52972,34741,Low,0
1311,Oct,Sales,6,46007,97,21,1,13,4973,2045,34741,52331,Low,0
1312,Sep,Finance,15,44368,94,23,2,31,5135,973,52331,56953,Low,0
1313,Mar,HR,1,30488,99,24,1,36,5326,1338,56953,43291,Low,1
1314,Oct,HR,11,45430,95,24,2,6,2295,941,43291,47493,Low,0
1315,May,Sales,2,39172,87,26,4,24,3993,1597,47493,47567,Medium,0
1316,Aug,HR,11,44433,93,22,2,23,7550,1401,47567,55846,Low,0
1317,Jul,HR,1,23986,82,26,5,35,4163,2630,55846,34606,High,1
1318,May,HR,12,47598,95,26,2,14,6258,1026,34606,55784,Low,0
1319,Sep,IT,14,41986,100,25,0,11,30,1463,55784,43944,Low,0
1320,Oct,Finance,5,19574,97,20,1,20,5904,1075,43944,29835,Low,0
1321,Dec,Finance,6,42559,100,23,0,12,259,2398,29835,42776,Low,0
1322,Sep,IT,13,40461,97,25,1,27,71,2159,42776,45182,Low,0
1323,Oct,IT,13,29545,87,23,3,38,1438,39,45182,40920,Medium,1
1324,Mar,Operations,4,33736,86,22,4,12,2058,436,40920,37634,Medium,0
1325,Feb,Finance,8,28387,96,26,2,11,3705,1183,37634,32989,Low,0
1326,Jun,Sales,10,29593,97,21,1,18,358,1738,32989,33100,Low,0
1327,Aug,Sales,4,45713,81,22,5,21,536,1123,33100,49895,High,1
1328,Dec,Sales,5,31188,93,25,2,3,7636,359,49895,39135,Low,0
1329,Jan,Operations,10,34740,96,25,1,31,3257,1232,39135,44546,Low,0
1330,Oct,IT,11,29291,90,23,3,25,7384,860,44546,41434,Low,0
1331,Jun,HR,15,25229,89,20,3,37,4883,997,41434,37801,Medium,1
1332,Oct,Operations,6,25845,100,25,0,14,3959,944,37801,32707,Low,0
1333,May,Finance,8,30907,94,25,2,12,5962,1885,32707,38464,Low,0
1334,Aug,Sales,12,35292,86,26,4,19,4294,1996,38464,42726,Medium,0
1335,Jan,HR,12,44243,95,25,2,16,4063,1027,42726,51061,Low,0
1336,Oct,Sales,7,34170,91,20,2,35,7195,299,51061,49256,Low,0
1337,Oct,Sales,15,42628,94,23,2,6,7148,2501,49256,48633,Low,0
1338,Apr,IT,2,32759,83,26,5,16,3668,2067,48633,37666,High,0
1339,Sep,IT,0,25539,86,23,4,10,739,509,37666,28608,Medium,0
1340,Oct,Sales,6,38405,98,20,1,4,2729,670,28608,42069,Low,0
1341,Nov,Operations,7,42780,80,20,4,8,7014,714,42069,51386,High,1
1342,Jun,Operations,10,33222,96,20,1,33,6186,1038,51386,46568,Low,0
1343,Feb,Sales,0,22945,92,21,2,29,6610,670,46568,35571,Low,0
1344,Dec,IT,10,38413,82,20,4,8,5324,2773,35571,43153,High,1
1345,Mar,IT,3,47395,90,26,3,27,271,2096,43153,52522,Low,0
1346,Mar,Operations,1,26363,83,20,4,16,1672,2104,52522,29418,High,0
1347,Mar,Finance,6,29548,87,25,4,5,3554,2121,29418,31646,Medium,0
1348,Dec,Finance,9,27533,84,23,4,32,2212,2441,31646,34601,High,0
1349,Nov,Finance,2,40527,84,24,4,3,2325,1490,34601,42889,High,0
1350,Jul,Sales,10,36285,89,20,3,24,4549,2831,42889,43441,Medium,0
1351,Dec,Operations,0,45717,92,26,3,11,1586,389,43441,49679,Low,0
1352,Feb,Finance,3,28311,92,23,2,13,6329,1754,49679,35378,Low,0
1353,Mar,Operations,11,47226,99,22,1,2,191,2722,35378,45009,Low,0
1354,Nov,Sales,4,38495,88,21,3,33,7750,2874,45009,52185,Medium,0
1355,Feb,Finance,5,46254,100,20,0,19,7369,2539,52185,55605,Low,0
1356,Jul,Operations,14,48804,81,22,5,30,4662,1222,55605,59358,High,1
1357,Dec,IT,1,48217,87,20,3,27,957,616,59358,55825,Medium,0
1358,Jun,HR,12,18419,92,26,3,4,3658,2070,55825,21304,Low,0
1359,Feb,IT,2,36508,81,25,5,7,5879,2699,21304,41377,High,1
1360,Apr,Operations,3,23415,84,25,4,18,3876,2803,41377,29285,High,0
1361,Jul,Sales,11,31403,84,22,4,4,1364,2689,29285,31212,High,0
1362,Mar,IT,15,35827,83,22,4,2,1745,1787,31212,36977,High,0
1363,Feb,HR,6,24517,100,24,0,35,3200,2521,36977,34703,Low,0
1364,Mar,IT,15,30987,99,25,1,15,6635,1368,34703,40001,Low,0
1365,Jan,IT,15,35211,96,23,1,0,7620,435,40001,42864,Low,0
1366,Aug,Finance,12,32796,95,20,1,27,665,1627,42864,39339,Low,0
1367,Jun,HR,10,22654,82,22,4,20,2847,2134,39339,29108,High,1
1368,Sep,IT,6,45779,90,25,3,36,6500,177,29108,61510,Low,1
1369,Mar,Operations,4,30836,81,24,5,3,6217,1129,61510,36706,High,1
1370,Mar,IT,9,21881,80,22,5,4,3021,1711,36706,24902,High,1
1371,Jun,Finance,3,23923,94,26,2,16,1429,594,24902,28672,Low,0
1372,Oct,Sales,11,40647,98,23,1,7,4332,392,28672,46762,Low,0
1373,Jul,Finance,13,42752,98,25,1,29,3406,622,46762,53548,Low,0
1374,Dec,IT,5,42437,99,20,1,15,6010,2824,53548,48880,Low,0
1375,May,Finance,2,49876,100,26,0,23,2123,1876,48880,55748,Low,0
1376,Oct,Finance,13,22298,85,21,4,27,4266,594,55748,32269,Medium,0
1377,Mar,Finance,0,19557,98,26,1,39,3979,1620,32269,32179,Low,1
1378,Nov,IT,2,33516,90,20,2,10,4538,1468,32179,38563,Low,0
1379,Feb,IT,4,30371,91,25,3,31,7139,334,38563,45284,Low,0
1380,Apr,Operations,11,33966,92,22,2,21,7915,2144,45284,45288,Low,0
1381,May,Sales,8,47201,99,25,1,6,4858,41,45288,53551,Low,0
1382,Nov,Operations,12,49548,94,23,2,6,5847,2356,53551,53917,Low,0
1383,Jan,Finance,9,24336,84,26,5,4,3316,329,53917,27983,High,0
1384,Jan,HR,13,25070,99,20,1,9,93,2354,27983,24847,Low,0
1385,Apr,Finance,14,31218,85,23,4,37,5804,741,24847,45314,Medium,1
1386,Nov,Finance,14,34506,87,26,4,27,2155,2899,45314,40745,Medium,0
1387,Mar,Sales,5,29435,98,20,1,14,6955,1587,40745,38463,Low,0
1388,Sep,Sales,11,21912,85,25,4,9,536,1088,38463,23289,Medium,0
1389,Feb,IT,6,31417,100,21,0,20,6591,246,23289,42607,Low,0
1390,Apr,Sales,11,30760,94,22,2,36,5653,2977,42607,42799,Low,1
1391,Apr,Finance,5,31081,90,25,3,29,4156,1856,42799,40055,Low,0
1392,Nov,Finance,15,40721,82,22,4,31,1530,1722,40055,48030,High,1
1393,Sep,Operations,15,47911,93,23,2,4,2810,720,48030,50726,Low,0
1394,Nov,Operations,15,32523,94,26,2,1,7707,929,50726,38800,Low,0
1395,Dec,Operations,14,28148,97,24,1,35,20,1255,38800,35684,Low,0
1396,Oct,IT,14,19765,81,26,5,9,1226,427,35684,23202,High,1
1397,May,IT,12,42460,94,26,2,18,3606,701,23202,49968,Low,0
1398,Nov,Sales,0,49885,93,20,2,14,83,1152,49968,51523,Low,0
1399,Jun,Operations,11,21314,83,24,5,5,5113,1054,51523,26931,High,0
1400,Jun,Sales,14,30313,83,23,4,17,565,857,26931,34203,High,0
1401,Apr,Finance,13,42678,92,25,2,40,840,165,34203,53880,Low,1
1402,Mar,Sales,6,31670,90,22,3,2,4342,1412,53880,35008,Low,0
1403,Nov,IT,13,30809,91,22,2,15,7574,2539,35008,40212,Low,0
1404,Aug,Finance,5,33288,96,22,1,33,7101,2990,40212,45601,Low,0
1405,Nov,HR,13,35770,94,22,2,23,4168,675,45601,45373,Low,0
1406,Jul,Finance,6,36055,82,26,5,14,6752,912,45373,45755,High,1
1407,Jul,IT,4,22585,82,26,5,40,5301,2655,45755,34523,High,1
1408,May,Operations,7,35274,90,22,3,32,6327,2780,34523,46270,Low,0
1409,Dec,Sales,12,28763,80,23,5,27,4903,2050,46270,38177,High,1
1410,Jan,Finance,6,45223,91,24,3,40,3817,1735,38177,56778,Low,1
1411,Jan,Operations,12,49968,88,23,3,38,5057,1450,56778,62882,Medium,1
1412,Oct,Operations,13,18074,83,21,4,0,3646,1953,62882,19926,High,0
1413,Nov,Operations,9,18981,83,25,5,0,3928,194,19926,22918,High,0
1414,Jun,Operations,1,36786,96,21,1,19,5236,975,22918,45880,Low,0
1415,Feb,Finance,3,32268,89,21,3,13,6819,124,45880,42795,Medium,0
1416,May,Finance,15,44667,85,26,4,1,5462,2402,42795,47287,Medium,0
1417,Aug,IT,13,21508,82,24,5,4,2882,1337,47287,24268,High,1
1418,Aug,IT,5,47648,82,26,5,29,5355,122,24268,59352,High,1
1419,Mar,Operations,13,43109,94,21,2,32,3781,2798,59352,52386,Low,0
1420,Jul,Finance,4,18556,85,21,4,38,347,2147,52386,26049,Medium,1
1421,Dec,Sales,1,42509,90,26,3,11,7042,2950,26049,49663,Low,0
1422,Jul,HR,3,40880,87,23,3,28,952,1912,49663,46339,Medium,0
1423,Dec,HR,11,28885,87,21,3,16,1014,2418,46339,31579,Medium,0
1424,Apr,HR,14,21622,86,25,4,4,1100,904,31579,22114,Medium,0
1425,Feb,IT,2,22587,88,24,3,27,7637,244,22114,36719,Medium,0
1426,Nov,IT,7,27528,98,20,1,29,5763,2726,36719,38554,Low,0
1427,Nov,IT,3,32913,91,23,3,2,1145,2940,38554,31435,Low,0
1428,Sep,Operations,4,39214,95,21,2,31,6515,1586,31435,51680,Low,0
1429,May,Operations,6,24816,89,23,3,40,1916,1263,51680,36153,Medium,1
1430,May,IT,13,29740,95,21,2,20,6743,2822,36153,38622,Low,0
1431,May,HR,14,18843,94,24,2,35,6631,2161,38622,31765,Low,0
1432,Nov,Finance,12,25837,82,23,5,26,6154,1421,31765,36917,High,1
1433,Mar,IT,14,47361,100,20,0,38,3536,1091,36917,58975,Low,1
1434,Mar,IT,13,34959,94,26,2,8,2432,1837,58975,36972,Low,0
1435,May,IT,1,39246,90,21,3,40,2928,1726,36972,50331,Low,1
1436,Dec,IT,12,41812,98,24,1,24,1578,605,50331,48631,Low,0
1437,Jun,Operations,10,41185,80,23,5,29,4298,1966,48631,50374,High,1
1438,Dec,Sales,2,36164,84,24,4,34,333,2996,50374,42117,High,0
1439,Sep,Operations,10,46151,86,23,4,26,2815,2169,42117,53385,Medium,0
1440,Jun,HR,14,38551,96,20,1,23,4207,1463,53385,47764,Low,0
1441,Sep,Operations,7,31773,94,26,2,36,5377,2288,47764,44132,Low,1
1442,Feb,IT,7,42962,87,22,3,18,2291,2439,44132,47598,Medium,0
1443,Jan,Sales,7,35156,99,21,1,19,2517,2271,47598,39727,Low,0
1444,Dec,IT,5,31470,82,21,4,14,6882,2598,39727,39168,High,1
1445,Jul,Sales,9,41825,91,25,3,37,1508,597,39168,52060,Low,1
1446,Oct,HR,9,25748,87,21,3,0,7961,2266,52060,31764,Medium,0
1447,Mar,IT,15,25031,87,25,4,13,5034,1550,31764,31177,Medium,0
1448,Dec,IT,6,41426,90,23,3,6,7591,942,31177,49845,Low,0
1449,Jun,Operations,6,35410,87,21,3,31,3621,591,49845,45978,Medium,0
1450,Apr,Sales,0,32123,99,21,1,26,5816,1653,45978,42515,Low,0
1451,Jul,Operations,15,24977,84,20,4,6,7080,1325,42515,32182,High,0
1452,May,Operations,11,31087,97,21,1,8,578,1686,32182,32596,Low,0
1453,May,Operations,7,24315,81,21,4,8,3277,2664,32596,27653,High,1
1454,Sep,IT,11,25425,80,21,5,34,4980,1844,27653,37115,High,1
1455,Jan,HR,5,24040,85,26,4,34,3579,1857,37115,33581,Medium,0
1456,Apr,IT,4,28491,94,22,2,1,4610,175,33581,33129,Low,0
1457,May,Operations,5,21924,93,23,2,9,252,631,33129,23703,Low,0
1458,Apr,HR,5,45671,97,23,1,8,253,761,23703,47828,Low,0
1459,Dec,IT,13,31823,93,22,2,6,1388,1075,47828,34143,Low,0
1460,Apr,Finance,8,47518,81,26,5,40,7541,2774,34143,61772,High,1
1461,Jul,HR,9,26760,87,24,4,1,4218,2185,61772,29734,Medium,0
1462,Sep,Sales,6,31651,88,26,4,40,2067,707,29734,42325,Medium,1
1463,Aug,Finance,13,43807,84,23,4,36,5760,1209,42325,57975,High,1
1464,Feb,Sales,12,26893,94,21,2,26,7510,315,57975,40508,Low,0
1465,Oct,IT,7,49409,94,24,2,2,2499,2789,40508,50057,Low,0
1466,Feb,IT,1,21889,92,23,2,9,5875,2237,50057,27992,Low,0
1467,Oct,Finance,10,37930,93,20,2,7,7151,2373,27992,44893,Low,0
1468,Oct,Operations,8,36022,89,23,3,10,4938,1968,44893,40916,Medium,0
1469,Dec,Operations,11,30190,80,24,5,27,5058,2215,40916,39831,High,1
1470,Apr,IT,0,32143,99,21,1,11,4637,1340,39831,37668,Low,0
1471,Jun,IT,7,46945,93,20,2,26,1216,1009,37668,54069,Low,0
1472,Nov,Operations,5,48256,86,25,4,2,2824,2201,54069,49298,Medium,0
1473,Nov,Operations,12,48843,91,22,2,37,5669,2410,49298,61714,Low,1
1474,Jun,Finance,15,26373,95,22,2,1,1577,1811,61714,27024,Low,0
1475,Dec,Sales,11,38908,83,20,4,38,4332,1381,27024,52060,High,1
1476,Sep,Sales,0,21702,81,22,5,17,7109,2067,52060,30373,High,1
1477,Dec,HR,13,33563,82,22,4,29,744,25,30373,40848,High,1
1478,Oct,Operations,11,29514,87,24,4,7,2247,545,40848,33746,Medium,0
1479,Oct,HR,12,33073,98,22,1,27,2791,1835,33746,40532,Low,0
1480,Mar,Finance,8,37435,88,22,3,11,7342,296,40532,47598,Medium,0
1481,Jul,Finance,10,18048,97,20,1,38,6784,1842,47598,32280,Low,1
1482,Jan,Finance,14,35069,91,25,3,18,6713,2779,32280,43311,Low,0
1483,May,Sales,10,23993,83,22,4,12,7816,2338,43311,32493,High,0
1484,Jun,HR,11,35785,80,26,6,0,5026,2259,32493,37812,High,1
1485,Mar,IT,13,18839,86,23,4,20,5069,61,37812,29152,Medium,0
1486,Aug,HR,15,45477,94,21,2,2,7634,1927,29152,51637,Low,0
1487,Feb,IT,7,31559,82,21,4,14,2607,1847,51637,36133,High,1
1488,Apr,Finance,10,18128,92,26,3,6,6332,2124,36133,23470,Low,0
1489,Oct,Finance,10,35472,99,23,1,9,7965,2314,23470,43424,Low,0
1490,Jun,Finance,11,40289,93,25,2,12,3151,288,43424,46818,Low,0
1491,Jul,Finance,11,25621,96,20,1,4,4532,163,46818,30538,Low,0
1492,Jun,Finance,8,27750,82,22,4,34,3412,2044,30538,37895,High,1
1493,Sep,IT,12,18379,97,23,1,33,5338,2098,37895,30310,Low,0
1494,Jun,Sales,5,40795,86,21,3,5,563,1165,30310,40710,Medium,0
1495,Jan,IT,13,20840,98,20,1,15,6191,2058,40710,28848,Low,0
1496,May,IT,0,32097,89,25,3,39,990,2247,28848,41378,Medium,1
1497,May,HR,12,30143,87,22,3,2,5442,1834,41378,33694,Medium,0
1498,May,Operations,1,45859,93,22,2,27,2600,2786,33694,53047,Low,0
1499,Apr,Operations,10,42605,82,21,4,13,2682,20,53047,48798,High,1
1500,May,IT,4,47302,85,20,3,15,2195,1411,48798,52238,Medium,0
1501,Jul,Operations,2,23416,81,25,5,13,6657,2524,52238,31206,High,1
1502,Jan,IT,0,27347,89,20,3,26,4807,2497,31206,36058,Medium,0
1503,Dec,Operations,13,25150,90,20,2,40,2056,1882,36058,35827,Low,1
1504,Sep,IT,2,37187,95,25,2,23,3951,2016,35827,45431,Low,0
1505,Oct,HR,9,29764,95,25,2,14,4539,1246,45431,36364,Low,0
1506,Mar,Operations,13,23649,93,21,2,16,6479,1968,36364,32510,Low,0
1507,Oct,Sales,3,39590,86,26,4,15,469,156,32510,43201,Medium,0
1508,Aug,Sales,13,18701,98,20,1,38,7735,181,43201,35236,Low,1
1509,Jan,IT,11,41136,98,23,1,16,2772,540,35236,47645,Low,0
1510,Nov,IT,12,28970,82,22,4,17,1835,2896,47645,32222,High,1
1511,Jan,Operations,7,47072,88,23,3,10,193,322,32222,49062,Medium,0
1512,Jul,IT,7,20838,92,22,2,25,7299,1971,49062,32319,Low,0
1513,Jan,Sales,5,35403,92,22,2,11,258,913,32319,37867,Low,0
1514,Nov,IT,1,23875,89,21,3,37,5760,1704,37867,37649,Medium,1
1515,Apr,Finance,2,23217,90,25,3,19,2077,1925,37649,28736,Low,0
1516,Mar,Sales,3,25636,83,22,4,24,7019,2078,28736,36185,High,0
1517,Jun,Operations,11,49051,93,24,2,35,4009,2074,36185,60288,Low,0
1518,Sep,Operations,3,48107,88,26,4,18,4182,1472,60288,55931,Medium,0
1519,Mar,HR,8,43436,86,20,3,6,5319,1203,55931,49302,Medium,0
1520,Jun,IT,5,42447,100,25,0,28,4051,2131,49302,51616,Low,0
1521,Mar,Finance,7,49726,91,21,2,22,7191,2700,51616,59553,Low,0
1522,Apr,HR,7,31992,98,26,1,4,7636,737,59553,40686,Low,0
1523,Sep,HR,6,33986,83,26,5,4,1869,1976,40686,35575,High,0
1524,Oct,Sales,7,31239,100,25,0,34,3662,1131,35575,42639,Low,0
1525,Mar,IT,11,25248,82,20,4,26,6328,1233,42639,36933,High,1
1526,Sep,HR,15,40661,90,26,3,14,7916,163,36933,51527,Low,0
1527,Aug,IT,3,46108,98,20,1,21,2775,988,51527,53116,Low,0
1528,Jul,Finance,11,27782,93,25,2,11,6523,2181,53116,35311,Low,0
1529,Feb,Finance,9,32892,96,23,1,28,4837,2321,35311,42192,Low,0
1530,Mar,Finance,2,49627,89,25,3,33,4135,1634,42192,60386,Medium,0
1531,Dec,HR,0,42497,88,23,3,40,2281,184,60386,55392,Medium,1
1532,Jun,Operations,0,30921,84,20,4,33,4057,76,55392,42919,High,0
1533,Feb,Finance,12,37528,85,21,4,8,5525,2394,42919,42973,Medium,0
1534,Sep,Operations,11,24801,83,24,5,5,2796,497,42973,28880,High,0
1535,Jul,HR,3,24183,94,25,2,13,5192,1928,28880,30382,Low,0
1536,Jul,IT,12,39373,92,24,2,13,3804,862,30382,45352,Low,0
1537,Dec,HR,9,25583,83,24,5,24,5608,1854,45352,35054,High,0
1538,Jul,Operations,12,39608,93,25,2,21,3758,1630,35054,46641,Low,0
1539,Apr,HR,14,33478,87,25,4,32,867,1951,46641,39820,Medium,0
1540,Mar,IT,11,26504,82,26,5,39,3313,1344,39820,38206,High,1
1541,Oct,Sales,14,24939,99,22,1,40,1135,2424,38206,33685,Low,1
1542,Aug,Finance,13,35665,97,22,1,23,7834,2956,33685,46438,Low,0
1543,Aug,IT,13,31254,98,23,1,7,102,1927,46438,31190,Low,0
1544,May,IT,5,20583,96,25,1,32,4308,2043,31190,31024,Low,0
1545,Nov,IT,13,43583,86,21,3,0,5895,2328,31024,47774,Medium,0
1546,Sep,Operations,11,31077,94,22,2,15,1991,268,47774,36448,Low,0
1547,Jan,Finance,12,36499,93,23,2,0,1077,2199,36448,36079,Low,0
1548,Nov,IT,9,28501,92,22,2,22,898,1334,36079,32943,Low,0
1549,Feb,IT,5,30887,89,20,3,32,717,401,32943,39024,Medium,0
1550,Sep,HR,14,42383,99,21,1,8,5783,495,39024,49660,Low,0
1551,Feb,Operations,10,43000,87,22,3,19,2869,1117,49660,49088,Medium,0
1552,May,Finance,12,38731,97,20,1,39,1282,2133,49088,48101,Low,1
1553,Aug,Finance,4,39030,80,20,4,24,5233,2859,48101,46899,High,1
1554,Sep,Sales,2,29502,90,22,3,37,20,607,46899,37544,Low,1
1555,Feb,Operations,14,39738,82,25,5,28,6451,1765,37544,51081,High,1
1556,Jan,HR,12,18604,89,21,3,17,1133,1184,51081,22603,Medium,0
1557,Aug,IT,14,30617,89,25,3,34,226,2709,22603,35966,Medium,0
1558,Jun,Operations,4,19405,96,26,2,11,2335,224,35966,23813,Low,0
1559,Feb,HR,2,46257,89,24,3,37,2224,2688,23813,54838,Medium,1
1560,May,IT,10,28894,86,24,4,27,894,2556,54838,33182,Medium,0
1561,Apr,Operations,8,24179,96,23,1,0,2166,2625,33182,23391,Low,0
1562,Feb,IT,3,32919,97,23,1,22,4198,1180,23391,41677,Low,0
1563,Jul,Sales,12,28579,84,24,4,28,2175,2918,41677,35508,High,0
1564,Feb,Operations,9,25903,94,25,2,0,6989,401,35508,31867,Low,0
1565,Apr,Sales,12,48463,81,20,4,38,7627,2951,31867,62262,High,1
1566,Jun,Operations,13,37784,85,20,3,32,6139,1300,62262,51266,Medium,0
1567,Dec,IT,4,23703,93,21,2,32,6412,166,51266,37264,Low,0
1568,Feb,Sales,3,26750,91,21,2,7,5080,2859,37264,31163,Low,0
1569,Dec,IT,8,46592,94,20,2,24,855,896,31163,52580,Low,0
1570,Oct,IT,12,40262,100,21,0,17,1331,2348,52580,44171,Low,0
1571,Jul,Finance,1,42051,84,23,4,14,1857,1040,44171,46271,High,0
1572,Feb,Sales,4,46239,91,20,2,9,1309,1396,46271,48943,Low,0
1573,May,Finance,4,44245,93,24,2,15,2023,940,48943,49686,Low,0
1574,Jul,HR,4,31994,99,25,1,39,1996,881,49686,42933,Low,1
1575,Mar,Finance,11,25023,88,24,3,33,5991,954,42933,37704,Medium,0
1576,Oct,Finance,9,33830,85,25,4,0,980,2629,37704,31466,Medium,0
1577,Mar,HR,4,36886,95,24,2,11,7911,46,31466,47453,Low,0
1578,Jun,Sales,2,26961,84,24,4,32,7865,749,47453,41876,High,0
1579,Aug,IT,15,35512,89,23,3,8,1632,1906,41876,37666,Medium,0
1580,Feb,Finance,14,33040,100,22,0,23,4431,2656,37666,40250,Low,0
1581,Aug,Sales,2,43028,93,23,2,15,3235,1581,40250,48082,Low,0
1582,Mar,Sales,7,44126,93,25,2,10,5741,1731,48082,50355,Low,0
1583,Jan,Finance,4,29893,85,23,4,17,5699,2535,50355,37486,Medium,0
1584,Feb,Finance,6,32097,94,21,2,32,828,2601,37486,38598,Low,0
1585,Mar,Finance,14,34416,89,20,3,21,2909,2362,38598,40448,Medium,0
1586,Apr,Sales,0,34432,92,26,3,24,4832,2824,40448,41904,Low,0
1587,Oct,Operations,2,20736,84,20,4,19,4345,1685,41904,27709,High,0
1588,Jun,Finance,3,49077,86,21,3,13,5524,670,27709,57301,Medium,0
1589,Apr,IT,2,28919,83,26,5,22,5616,318,57301,39096,High,0
1590,Dec,HR,15,28529,85,25,4,30,4276,2683,39096,38144,Medium,0
1591,Dec,Finance,2,19791,81,23,5,17,4521,2537,38144,26027,High,1
1592,Mar,HR,3,42202,95,26,2,9,1625,1084,26027,45565,Low,0
1593,Dec,IT,10,48425,85,20,3,33,908,2212,45565,55584,Medium,0
1594,Sep,Finance,12,43177,100,25,0,8,5058,672,55584,48886,Low,0
1595,Oct,Sales,0,47722,89,24,3,2,6112,2599,48886,51159,Medium,0
1596,Jan,Sales,2,41489,97,26,1,24,336,862,51159,47066,Low,0
1597,Apr,Finance,8,22276,82,21,4,13,3626,1845,47066,27020,High,1
1598,Feb,Operations,11,24326,98,23,1,27,1145,1693,27020,30940,Low,0
1599,Jan,IT,13,21792,92,23,2,2,7305,908,30940,29072,Low,0
1600,Dec,Finance,13,18402,87,26,4,33,5948,620,29072,32341,Medium,0
1601,Dec,IT,0,37710,99,21,1,13,6185,1812,32341,44929,Low,0
1602,May,Operations,12,34469,98,22,1,15,1320,1573,44929,38512,Low,0
1603,Sep,HR,9,23902,100,22,0,6,5720,243,38512,31377,Low,0
1604,Sep,HR,10,26501,91,20,2,23,2487,248,31377,34180,Low,0
1605,Dec,HR,15,43088,92,21,2,21,6242,1376,34180,52660,Low,0
1606,Dec,IT,8,25674,93,20,2,14,5546,1054,52660,33539,Low,0
1607,Sep,Sales,7,48784,98,25,1,17,7489,2699,33539,57147,Low,0
1608,Sep,Operations,12,40782,86,20,3,0,2860,756,57147,42233,Medium,0
1609,Nov,Operations,1,46303,87,22,3,3,7901,705,42233,53724,Medium,0
1610,Dec,IT,8,23374,88,22,3,22,6547,2706,53724,33422,Medium,0
1611,Mar,Operations,11,22583,97,24,1,33,4888,766,33422,34674,Low,0
1612,Feb,HR,8,42262,81,22,5,35,2297,2151,34674,50428,High,1
1613,Dec,Finance,9,33219,80,23,5,25,6632,2823,50428,44042,High,1
1614,Jul,HR,15,49266,83,25,5,2,408,2860,44042,47639,High,0
1615,Mar,Finance,1,18912,86,23,4,31,112,793,47639,26522,Medium,0
1616,Feb,HR,4,35796,94,20,2,35,7960,654,26522,51444,Low,0
1617,Jun,Operations,4,28894,82,22,4,40,1459,1048,51444,38548,High,1
1618,Dec,HR,9,43652,93,24,2,6,6784,574,38548,52006,Low,0
1619,Mar,HR,2,25661,95,25,2,0,5964,1442,52006,30542,Low,0
1620,Oct,Finance,10,24958,94,23,2,19,5603,16,30542,34949,Low,0
1621,Oct,IT,12,44302,81,26,5,6,1152,2671,34949,43723,High,1
1622,Feb,Sales,9,45463,98,24,1,34,7710,661,43723,60876,Low,0
1623,Apr,IT,2,36281,83,24,5,25,4656,1197,60876,46342,High,0
1624,Jul,Finance,8,44787,100,26,0,17,1573,2415,46342,47415,Low,0
1625,Apr,Operations,2,27035,87,26,4,13,5337,31,47415,35808,Medium,0
1626,Jan,IT,11,46349,100,20,0,3,192,157,35808,46757,Low,0
1627,Jun,Finance,2,40960,86,24,4,5,2697,159,46757,44255,Medium,0
1628,May,Sales,7,47673,81,21,4,14,5056,2149,44255,53952,High,1
1629,May,Sales,15,28684,96,23,1,16,5389,479,53952,38216,Low,0
1630,Jul,HR,4,35933,97,24,1,36,5991,1420,38216,48795,Low,1
1631,May,IT,8,27823,95,24,2,28,4339,1293,48795,38338,Low,0
1632,Oct,IT,7,47191,96,22,1,29,1075,1806,38338,53270,Low,0
1633,Apr,Sales,12,36192,89,26,3,24,3720,2135,53270,43331,Medium,0
1634,Apr,Sales,13,35114,92,21,2,1,3942,1736,43331,37948,Low,0
1635,Sep,Operations,6,27873,95,20,1,19,7676,1054,37948,38853,Low,0
1636,Oct,Finance,7,38489,89,20,3,7,7833,694,38853,48164,Medium,0
1637,Feb,Sales,5,25954,96,20,1,21,6424,2420,48164,35861,Low,0
1638,Nov,HR,14,19809,84,26,5,1,2158,1038,35861,20712,High,0
1639,Jul,Finance,7,48469,80,22,5,20,2039,2534,20712,52424,High,1
1640,Jul,Finance,3,21367,80,26,6,36,1116,2011,52424,29045,High,1
1641,Jan,Finance,9,26025,86,26,4,13,5870,1108,29045,33795,Medium,0
1642,Mar,Finance,8,27314,99,24,1,16,5857,925,33795,36405,Low,0
1643,Mar,HR,12,48322,94,22,2,10,4483,502,36405,55492,Low,0
1644,Jan,IT,3,24440,83,24,5,29,3532,1070,55492,33692,High,0
1645,Jul,IT,12,32515,80,20,4,38,31,1113,33692,40150,High,1
1646,Apr,Operations,9,19020,92,26,3,24,3337,380,40150,27494,Low,0
1647,Jan,Operations,12,41342,88,21,3,40,4715,2958,27494,53369,Medium,1
1648,Feb,Operations,7,42271,81,22,5,19,3879,1321,53369,48951,High,1
1649,Jul,HR,13,42925,86,21,3,10,2045,704,48951,46490,Medium,0
1650,May,Operations,13,36074,92,26,3,29,7756,144,46490,50836,Low,0
1651,Jun,IT,3,19773,94,23,2,28,5351,1965,50836,30370,Low,0
1652,Oct,Sales,1,40330,98,22,1,21,2310,539,30370,47477,Low,0
1653,Nov,IT,8,33334,84,24,4,35,1333,2349,47477,41602,High,0
1654,Dec,Sales,2,33993,90,26,3,26,6500,1408,41602,45341,Low,0
1655,Aug,Operations,2,43315,95,20,1,9,1154,65,45341,46936,Low,0
1656,Jan,IT,12,21127,94,26,2,0,6726,560,46936,27606,Low,0
1657,Jun,IT,0,49269,90,25,3,24,6501,205,27606,61003,Low,0
1658,Mar,IT,9,24683,85,23,4,40,2958,1017,61003,36334,Medium,1
1659,Sep,HR,6,49595,85,25,4,33,7602,832,36334,64302,Medium,0
1660,Sep,HR,6,25849,87,23,3,2,1947,1809,64302,27044,Medium,0
1661,Mar,HR,15,26726,93,23,2,13,1386,1425,27044,29241,Low,0
1662,Jun,Sales,15,18158,86,25,4,16,402,1264,29241,21478,Medium,0
1663,Apr,IT,9,44125,92,24,2,27,4853,1314,21478,54687,Low,0
1664,Jan,Finance,5,23949,84,24,4,13,3384,1355,54687,29225,High,0
1665,Feb,IT,5,24542,82,24,5,30,5678,2036,29225,36273,High,1
1666,Dec,IT,8,32668,90,21,3,17,348,655,36273,37229,Low,0
1667,Jun,Finance,9,26515,82,21,4,11,4903,1026,37229,33308,High,1
1668,Apr,Sales,14,26130,85,21,4,10,7263,969,33308,34193,Medium,0
1669,Oct,Operations,8,31917,82,23,5,17,1835,2827,34193,34473,High,1
1670,Jul,Sales,6,48248,97,24,1,39,7235,570,34473,64349,Low,1
1671,Nov,Operations,8,44109,85,24,4,17,2008,1443,64349,49111,Medium,0
1672,Aug,HR,15,47409,97,22,1,14,6091,2100,49111,55216,Low,0
1673,Mar,IT,14,46572,86,25,4,32,1787,917,55216,55810,Medium,0
1674,Jun,Finance,9,32506,92,25,2,31,3600,2067,55810,42054,Low,0
1675,Oct,Operations,8,30039,97,26,1,15,3177,1912,42054,35025,Low,0
1676,May,HR,8,41275,97,20,1,16,888,580,35025,45993,Low,0
1677,May,Finance,7,20602,92,24,2,25,5033,298,45993,31668,Low,0
1678,Aug,Finance,11,27922,87,25,4,24,3276,2922,31668,34622,Medium,0
1679,Sep,HR,9,27162,80,26,6,28,7516,2311,34622,38882,High,1
1680,May,Finance,3,22754,86,20,3,24,7777,2941,38882,33790,Medium,0
1681,Oct,IT,4,30334,84,22,4,2,4706,2054,33790,33038,High,0
1682,Nov,Finance,12,28554,89,20,3,21,123,1052,33038,33414,Medium,0
1683,May,HR,1,40992,81,25,5,1,1517,1728,33414,41441,High,1
1684,Nov,Finance,9,47393,92,25,2,29,6100,1623,41441,59479,Low,0
1685,Nov,IT,5,43610,99,26,1,16,1987,2756,59479,46281,Low,0
1686,Apr,Sales,10,25068,89,22,3,1,2530,727,46281,26523,Medium,0
1687,Oct,Finance,6,44977,82,24,5,0,2497,258,26523,47980,High,1
1688,Jun,Finance,7,48856,94,26,2,37,3996,2432,47980,59632,Low,1
1689,Mar,Finance,9,19555,82,23,5,1,7791,2463,59632,25472,High,1
1690,Feb,Operations,6,45326,84,21,4,4,6672,842,25472,51528,High,0
1691,Sep,HR,1,27867,86,21,3,12,647,602,51528,31091,Medium,0
1692,Feb,IT,5,37793,95,21,2,27,4219,614,31091,48038,Low,0
1693,Feb,HR,15,30502,97,22,1,37,31,1220,48038,38489,Low,1
1694,Feb,Operations,4,23416,90,23,3,38,4542,825,38489,37392,Low,1
1695,Nov,Finance,2,42162,83,22,4,12,292,2683,37392,42689,High,0
1696,Oct,HR,6,21530,96,26,2,13,2612,2075,42689,24546,Low,0
1697,Nov,Sales,13,24624,86,22,4,10,821,2411,24546,25696,Medium,0
1698,Jun,IT,6,40913,90,21,3,11,4104,2478,25696,45984,Low,0
1699,Mar,IT,3,21875,84,20,4,7,1972,1482,45984,23968,High,0
1700,Jul,Operations,6,48727,93,21,2,37,2066,1682,23968,58345,Low,1
1701,May,HR,0,30674,88,25,3,18,6544,2810,58345,39513,Medium,0
1702,Feb,Operations,0,31466,86,25,4,15,4550,2406,39513,37945,Medium,0
1703,Jul,Operations,5,34141,93,22,2,26,337,1762,37945,39598,Low,0
1704,Jul,Finance,14,30212,87,24,4,8,4070,1972,39598,34663,Medium,0
1705,Jan,IT,14,38768,94,26,2,0,1731,621,34663,39407,Low,0
1706,Aug,Operations,9,19312,81,26,5,20,751,1424,39407,23051,High,1
1707,Mar,IT,4,25208,86,24,4,17,5814,322,23051,34179,Medium,0
1708,Aug,Finance,12,40621,87,25,4,14,5072,1909,34179,48031,Medium,0
1709,May,Operations,1,44485,86,22,4,34,7109,2290,48031,57346,Medium,0
1710,Aug,Sales,0,38768,81,20,4,37,1798,1845,57346,48045,High,1
1711,Oct,Sales,9,26917,95,23,2,7,2023,2415,48045,28929,Low,0
1712,Dec,Operations,9,34927,80,24,5,10,1790,2733,28929,36633,High,1
1713,Jan,HR,10,48911,98,23,1,36,2010,2651,36633,57213,Low,1
1714,Oct,IT,15,47448,90,26,3,26,2587,1433,57213,55702,Low,0
1715,Aug,HR,9,48872,92,24,2,38,946,1016,55702,59031,Low,1
1716,Nov,Sales,11,33069,91,20,2,1,6916,408,59031,39898,Low,0
1717,Nov,HR,4,43153,88,24,3,26,5063,11,39898,54444,Medium,0
1718,Sep,HR,12,28675,90,20,2,5,1648,917,54444,30871,Low,0
1719,Dec,Operations,10,22646,82,21,4,33,5513,2814,30871,33438,High,1
1720,May,HR,10,22100,90,22,3,24,3243,1882,33438,29152,Low,0
1721,Jun,Finance,6,33504,81,26,5,25,7491,1294,29152,45731,High,1
1722,Jan,Operations,6,36995,94,26,2,40,3272,928,45731,48990,Low,1
1723,Mar,IT,5,28779,97,26,1,26,6254,2886,48990,38447,Low,0
1724,Feb,Finance,2,18148,94,26,2,10,4727,1089,38447,23814,Low,0
1725,Apr,IT,13,34688,88,26,4,10,1248,1908,23814,35874,Medium,0
1726,Aug,Operations,5,18411,92,20,2,34,7097,794,35874,32692,Low,0
1727,Jun,IT,6,48802,86,23,4,35,2836,140,32692,60508,Medium,0
1728,Dec,Finance,3,21793,87,23,3,39,7986,1438,60508,38462,Medium,1
1729,Dec,IT,2,39259,81,24,5,28,4958,1348,38462,50209,High,1
1730,Jul,HR,11,23632,100,23,0,25,4333,1692,50209,32190,Low,0
1731,Sep,Operations,15,26393,80,26,6,3,6578,2723,32190,30625,High,1
1732,Oct,Finance,14,35082,88,20,3,4,3431,1832,30625,37542,Medium,0
1733,Jul,Sales,4,41282,91,26,3,25,1249,490,37542,47910,Low,0
1734,Sep,Finance,4,46909,93,20,2,40,7647,1070,47910,63269,Low,1
1735,Sep,Operations,0,29302,94,25,2,9,4926,901,63269,36309,Low,0
1736,Nov,IT,7,37747,100,25,0,19,5983,439,36309,48383,Low,0
1737,Jul,HR,7,32346,90,22,3,12,5513,2364,48383,38453,Low,0
1738,Jun,Finance,3,19869,89,20,3,7,4302,2021,38453,23367,Medium,0
1739,Sep,Finance,10,22048,94,20,2,16,2132,121,23367,28351,Low,0
1740,Apr,Sales,0,33834,83,24,5,15,6892,2458,28351,41405,High,0
1741,Apr,Operations,0,30345,99,26,1,32,3151,1515,41405,40200,Low,0
1742,Dec,Finance,14,23218,99,20,1,26,4435,2149,40200,31715,Low,0
1743,Apr,Operations,5,20601,89,22,3,1,1239,2580,31715,19781,Medium,0
1744,Sep,HR,2,46902,81,21,4,8,7630,827,19781,55483,High,1
1745,Nov,Finance,2,47881,100,25,0,1,302,56,55483,47860,Low,0
1746,Jul,Sales,11,48710,95,26,2,28,2671,34,47860,57880,Low,0
1747,Jan,IT,12,34955,82,20,4,40,5087,1712,57880,47791,High,1
1748,May,Operations,7,36307,100,24,0,29,6138,1466,47791,48733,Low,0
1749,Jan,HR,8,24102,96,20,1,3,126,301,48733,25305,Low,0
1750,Feb,IT,6,22538,92,24,2,34,1948,1224,25305,32040,Low,0
1751,Apr,IT,8,18404,93,25,2,38,2871,378,32040,30557,Low,1
1752,Oct,IT,13,48061,97,24,1,1,3914,1827,30557,49657,Low,0
1753,Apr,Finance,7,33819,98,20,1,28,2263,474,49657,42419,Low,0
1754,May,IT,8,47997,96,20,1,14,4815,1992,42419,55031,Low,0
1755,Jan,Finance,9,42817,97,21,1,27,7542,2333,55031,54570,Low,0
1756,Feb,IT,13,38035,86,23,4,36,6642,1737,54570,51297,Medium,1
1757,Oct,IT,13,42566,94,20,2,23,1463,2273,51297,48245,Low,0
1758,Dec,IT,12,46699,91,21,2,3,3653,2433,48245,48772,Low,0
1759,Jul,Finance,9,49336,100,21,0,12,1001,2661,48772,50629,Low,0
1760,Sep,Finance,12,40324,80,25,5,23,5152,2134,50629,48521,High,1
1761,Nov,HR,7,39403,91,20,2,33,1061,2057,48521,46384,Low,0
1762,Aug,Sales,14,34190,88,24,3,32,7441,493,46384,49879,Medium,0
1763,Feb,Operations,10,25412,87,21,3,31,4334,635,49879,36661,Medium,0
1764,Aug,Finance,7,30004,88,25,3,8,3556,693,36661,35571,Medium,0
1765,Jun,HR,3,34706,80,22,5,6,3015,2925,35571,36625,High,1
1766,Mar,Finance,14,42580,93,23,2,0,6377,2360,36625,47293,Low,0
1767,Apr,IT,7,25807,90,21,3,39,5849,2886,47293,38897,Low,1
1768,Mar,Finance,10,26614,87,25,4,6,200,1225,38897,26381,Medium,0
1769,Jun,Sales,7,34451,96,26,2,10,2670,2840,26381,37343,Low,0
1770,Apr,Operations,1,23552,86,22,4,40,773,670,37343,33162,Medium,1
1771,Apr,IT,4,41301,90,24,3,23,5761,1612,33162,51481,Low,0
1772,Feb,Sales,15,20870,83,26,5,20,3756,715,51481,29159,High,0
1773,Mar,Operations,12,33900,93,23,2,40,1669,2414,29159,42999,Low,1
1774,May,Finance,8,40144,80,20,4,12,3165,1092,42999,45921,High,1
1775,Feb,Sales,6,49752,86,22,4,11,7988,646,45921,59074,Medium,0
1776,Aug,Sales,6,20523,84,24,4,6,1979,2775,59074,21012,High,0
1777,Nov,HR,10,34810,81,24,5,20,1012,1548,21012,38661,High,1
1778,Mar,Sales,7,35524,89,21,3,23,7404,2974,38661,45593,Medium,0
1779,Sep,IT,10,35534,95,20,1,35,7741,1724,45593,50411,Low,0
1780,May,Finance,13,20437,91,21,2,31,5144,357,50411,33677,Low,0
1781,Sep,Operations,9,34742,81,23,5,30,947,1351,33677,42613,High,1
1782,Jul,IT,10,32484,89,24,3,36,271,198,42613,41061,Medium,1
1783,Sep,Finance,6,22158,98,25,1,11,24,626,41061,23962,Low,0
1784,Apr,IT,10,33897,81,22,5,10,978,1095,23962,35599,High,1
1785,May,Operations,15,46848,81,26,5,27,4058,2382,35599,55163,High,1
1786,Jul,Sales,0,39518,81,25,5,32,1654,2842,55163,47014,High,1
1787,Nov,HR,6,26049,94,20,2,27,5154,732,47014,37602,Low,0
1788,Jul,Finance,2,36015,90,22,3,34,6945,1636,37602,50077,Low,0
1789,Mar,HR,3,47229,92,21,2,7,7113,2871,50077,53134,Low,0
1790,Jan,Finance,13,20123,93,21,2,33,4131,2914,53134,29680,Low,0
1791,Mar,Sales,13,48799,85,23,4,29,4145,79,29680,59675,Medium,0
1792,Dec,Sales,2,46912,84,23,4,26,2040,2582,59675,53437,High,0
1793,Feb,IT,9,22875,81,23,5,10,1057,643,53437,25853,High,1
1794,Aug,HR,0,48414,95,20,1,23,5400,2187,25853,57798,Low,0
1795,Dec,HR,15,44670,98,22,1,29,2052,223,57798,53773,Low,0
1796,Dec,Operations,6,29221,95,24,2,21,2582,716,53773,37070,Low,0
1797,Feb,HR,3,45198,86,25,4,6,4428,283,37070,50225,Medium,0
1798,Feb,Finance,7,29199,91,25,3,24,3020,1018,50225,36711,Low,0
1799,Aug,HR,5,32450,88,24,3,9,6836,2097,36711,40161,Medium,0
1800,Sep,Finance,11,28322,93,24,2,33,1379,625,40161,37195,Low,0
1801,Feb,HR,12,44461,99,24,1,0,3491,2946,37195,44670,Low,0
1802,Jun,Operations,4,27879,95,23,2,13,2649,599,44670,33838,Low,0
1803,Jun,IT,11,18710,96,22,1,19,5304,2192,33838,26717,Low,0
1804,Nov,Sales,1,36199,93,24,2,12,3829,1204,26717,42024,Low,0
1805,Nov,Finance,12,18561,99,21,1,21,4128,1035,42024,26992,Low,0
1806,Nov,Sales,6,48665,83,20,4,21,451,859,26992,53837,High,0
1807,Nov,IT,5,35352,84,24,4,20,7728,1921,53837,46081,High,0
1808,Jul,Finance,6,20633,97,24,1,27,5313,1016,46081,30977,Low,0
1809,Oct,Sales,5,35510,89,21,3,34,2101,2929,30977,43760,Medium,0
1810,May,Operations,6,23177,92,24,2,37,4000,1097,43760,34637,Low,1
1811,Jun,Operations,12,19073,92,24,2,24,5078,1126,34637,29681,Low,0
1812,Mar,Sales,9,34984,88,23,3,1,6147,2600,29681,39010,Medium,0
1813,May,HR,8,22086,97,25,1,40,3715,1248,39010,34485,Low,1
1814,Aug,Operations,8,37436,84,24,4,40,1718,1982,34485,47712,High,1
1815,Feb,Sales,14,26043,83,22,4,17,3509,1983,47712,32221,High,0
1816,Sep,Sales,0,42535,83,20,4,12,1904,2515,32221,45667,High,0
1817,Feb,Finance,5,32568,85,21,4,40,4803,2005,45667,44736,Medium,1
1818,Dec,Sales,1,41285,99,22,1,29,6260,2149,44736,52505,Low,0
1819,Sep,Finance,1,20152,87,26,4,33,4492,403,52505,33275,Medium,0
1820,Sep,Operations,6,42645,93,22,2,32,6174,1503,33275,54846,Low,0
1821,Dec,Finance,1,49733,100,21,0,11,5762,2497,54846,55339,Low,0
1822,Apr,Sales,7,39569,83,20,4,8,4301,2777,55339,43686,High,0
1823,Feb,Sales,4,39146,81,25,5,1,4889,82,43686,44596,High,1
1824,Dec,Sales,0,34348,84,20,4,3,6771,1667,44596,39508,High,0
1825,Jun,HR,5,44720,99,20,1,2,5179,1486,39508,48407,Low,0
1826,Dec,Sales,4,42975,86,25,4,34,2183,1847,48407,51303,Medium,0
1827,Nov,Sales,3,43612,93,24,2,24,3267,258,51303,52429,Low,0
1828,Sep,IT,10,48080,87,20,3,24,4760,2441,52429,56610,Medium,0
1829,Jul,HR,2,40898,94,23,2,30,1147,625,56610,49567,Low,0
1830,Jan,Sales,4,23660,98,20,1,18,6291,2421,49567,32719,Low,0
1831,May,Sales,1,44438,86,24,4,14,1530,1684,32719,48012,Medium,0
1832,Oct,HR,8,47932,87,21,3,37,878,1743,48012,55536,Medium,1
1833,Feb,IT,12,36951,94,24,2,12,7327,861,55536,45668,Low,0
1834,Oct,Operations,15,36792,96,23,1,23,6094,248,45668,48029,Low,0
1835,Aug,Sales,6,24503,95,21,2,40,3146,1810,48029,35364,Low,1
1836,Mar,Finance,9,49054,82,22,4,40,6423,1297,35364,64498,High,1
1837,Feb,Operations,6,39101,93,26,2,2,3684,2718,64498,40052,Low,0
1838,Oct,HR,13,44124,100,20,0,19,1477,887,40052,49948,Low,0
1839,Oct,Operations,10,39377,93,20,2,37,1335,158,49948,50506,Low,1
1840,Jul,Finance,12,36847,93,22,2,29,5105,1023,50506,48332,Low,0
1841,Aug,Operations,8,45877,85,21,4,10,2447,2959,48332,47788,Medium,0
1842,Jun,IT,12,33934,91,26,3,8,1078,1656,47788,35038,Low,0
1843,Jan,Operations,14,33922,88,23,3,24,1658,1253,35038,39666,Medium,0
1844,Mar,IT,13,35270,91,25,3,3,6847,86,39666,43350,Low,0
1845,Feb,Operations,1,33579,95,23,2,17,5278,2193,43350,40504,Low,0
1846,Oct,HR,13,21725,87,24,4,2,2182,660,40504,23949,Medium,0
1847,May,Operations,4,24998,91,22,2,39,1594,376,23949,35721,Low,1
1848,Aug,HR,9,37859,97,21,1,38,2781,1568,35721,48400,Low,1
1849,Apr,Sales,8,26814,98,25,1,0,5022,2092,48400,30002,Low,0
1850,Apr,Operations,0,26338,94,24,2,34,6855,2447,30002,38461,Low,0
1851,Aug,Finance,6,41103,92,21,2,39,3720,1230,38461,52649,Low,1
1852,Mar,Operations,3,19501,95,22,2,10,6907,2082,52649,26315,Low,0
1853,Apr,HR,11,45341,94,24,2,9,968,1715,26315,46366,Low,0
1854,Jan,IT,0,26916,85,25,4,14,951,2023,46366,29592,Medium,0
1855,Mar,Sales,6,21163,82,22,4,1,5494,991,29592,25732,High,1
1856,Mar,Operations,6,37694,91,20,2,3,5626,754,25732,43156,Low,0
1857,Jul,HR,9,40971,81,22,5,40,5875,812,43156,55409,High,1
1858,Dec,Operations,12,41568,97,20,1,17,5689,560,55409,51058,Low,0
1859,Oct,Operations,0,37179,99,26,1,0,6548,920,51058,43328,Low,0
1860,May,Operations,12,48022,100,26,0,3,5210,597,43328,52612,Low,0
1861,May,Sales,6,42705,97,23,1,18,5692,1534,52612,51247,Low,0
1862,Nov,Finance,5,31263,93,26,2,37,4438,449,51247,44100,Low,1
1863,Jan,Operations,11,36665,85,22,4,3,209,1752,44100,36486,Medium,0
1864,Jun,Operations,13,39846,99,23,1,28,5580,1980,36486,50319,Low,0
1865,Apr,IT,14,19559,98,21,1,14,3528,2944,50319,23027,Low,0
1866,Sep,Operations,11,27684,82,26,5,35,548,2444,23027,34183,High,1
1867,Oct,HR,7,39910,87,26,4,20,4686,960,34183,48312,Medium,0
1868,Mar,Operations,8,25709,96,26,2,25,6328,162,48312,37984,Low,0
1869,Jun,Finance,0,38483,84,22,4,30,2491,1530,37984,46533,High,0
1870,Jul,Sales,15,48555,81,23,5,15,7736,575,46533,58770,High,1
1871,Feb,Operations,4,23615,90,20,2,18,7735,1565,58770,33980,Low,0
1872,Nov,IT,0,45882,80,24,5,34,3002,123,33980,57457,High,1
1873,Mar,Sales,3,24019,100,24,0,29,5202,869,57457,35399,Low,0
1874,Jan,Finance,5,44195,81,23,5,36,5834,1261,35399,57088,High,1
1875,Jun,HR,12,36531,83,24,5,34,4652,267,57088,48955,High,0
1876,Aug,HR,1,28521,89,20,3,19,7776,1760,48955,40001,Medium,0
1877,Sep,IT,3,40643,80,20,4,25,2066,973,40001,48384,High,1
1878,Jan,Sales,13,28773,96,25,1,24,5732,684,48384,40557,Low,0
1879,Feb,Sales,1,31709,90,24,3,34,5678,882,40557,44620,Low,0
1880,Jan,Sales,15,49067,95,25,2,11,2437,1675,44620,52338,Low,0
1881,Jun,Finance,2,37527,99,22,1,33,6311,2675,52338,49847,Low,0
1882,Dec,IT,11,24156,83,23,4,38,3305,2777,49847,34455,High,1
1883,Dec,HR,11,45039,93,24,2,32,1297,2907,34455,51034,Low,0
1884,Nov,Operations,1,46902,84,20,4,29,3625,2435,51034,55636,High,0
1885,Jun,Finance,2,31008,80,20,4,29,1870,748,55636,40096,High,1
1886,Apr,IT,9,48792,97,23,1,6,5310,328,40096,55107,Low,0
1887,Jun,Operations,0,32017,88,23,3,19,2389,2726,55107,36054,Medium,0
1888,Oct,Operations,4,27059,90,22,3,6,3773,779,36054,31833,Low,0
1889,Jun,Finance,0,21515,97,26,1,3,1567,1690,31833,22745,Low,0
1890,May,HR,1,41100,89,26,3,28,3974,2822,22745,48797,Medium,0
1891,May,HR,12,28486,81,25,5,6,3648,1313,48797,31955,High,1
1892,Jun,IT,7,33871,95,22,2,38,3922,2968,31955,43577,Low,1
1893,Feb,HR,7,39977,86,26,4,39,7790,1305,43577,55662,Medium,1
1894,May,HR,6,47792,94,24,2,16,4836,1276,55662,55624,Low,0
1895,Aug,Operations,13,41319,81,23,5,8,4722,1262,55624,46591,High,1
1896,Mar,HR,7,49824,85,24,4,1,5609,767,46591,54259,Medium,0
1897,Oct,IT,10,47599,93,20,2,11,7645,714,54259,57243,Low,0
1898,Jul,HR,8,44881,87,22,3,38,7487,1326,57243,61011,Medium,1
1899,Dec,Operations,14,22777,94,21,2,20,7912,2670,61011,32285,Low,0
1900,Nov,Finance,3,23997,86,24,4,17,6977,2246,32285,32340,Medium,0
1901,Dec,HR,12,20804,83,26,5,11,4832,2360,32340,26449,High,0
1902,Dec,Operations,4,29713,91,21,2,28,223,1169,26449,35266,Low,0
1903,Aug,Finance,6,34675,93,22,2,24,3030,513,35266,42476,Low,0
1904,Dec,Finance,11,38757,100,20,0,2,2781,1269,42476,40942,Low,0
1905,Feb,Sales,4,33257,82,22,4,39,5753,2278,40942,46561,High,1
1906,Oct,Finance,9,26519,82,25,5,16,7498,837,46561,37641,High,1
1907,Aug,Operations,12,47181,98,23,1,1,3611,1604,37641,49866,Low,0
1908,Mar,Finance,11,37785,84,23,4,38,4381,859,49866,50074,High,1
1909,Oct,Operations,7,23449,91,26,3,2,3009,841,50074,25763,Low,0
1910,May,Finance,1,25954,81,20,4,38,3492,53,25763,39156,High,1
1911,Jun,HR,10,32315,94,24,2,9,5568,825,39156,39396,Low,0
1912,Oct,Operations,5,48358,84,24,4,14,4873,44,39396,56115,High,0
1913,Feb,IT,5,31472,91,20,2,16,1470,2664,56115,34858,Low,0
1914,Jan,Sales,14,27357,89,22,3,40,1142,2544,34858,35422,Medium,1
1915,Aug,Finance,10,44485,90,21,3,37,4155,1528,35422,56411,Low,1
1916,Jan,HR,11,28619,97,23,1,6,498,2386,56411,27942,Low,0
1917,Jan,HR,4,29490,96,22,1,10,5495,1240,27942,36917,Low,0
1918,Jan,Sales,2,22770,88,26,4,14,1452,2764,36917,25577,Medium,0
1919,Feb,Finance,7,44559,90,23,3,3,5943,946,25577,50313,Low,0
1920,Dec,IT,6,29694,90,25,3,22,1152,2442,50313,34041,Low,0
1921,Sep,Sales,2,21015,93,23,2,13,2783,2427,34041,24416,Low,0
1922,Aug,IT,15,35353,85,26,4,35,6213,2906,24416,47376,Medium,0
1923,May,Operations,5,47819,89,24,3,11,2422,637,47376,51853,Medium,0
1924,Feb,Finance,2,48659,100,20,0,16,3806,1454,51853,54967,Low,0
1925,Dec,Sales,1,22218,94,22,2,18,1453,1652,54967,26112,Low,0
1926,Dec,IT,9,25716,100,21,0,30,3549,598,26112,35505,Low,0
1927,Sep,Operations,14,45028,92,20,2,7,6887,1425,35505,51566,Low,0
1928,Jan,HR,15,34261,92,24,2,39,2009,2431,51566,43323,Low,1
1929,Jan,Operations,14,44305,89,25,3,40,3282,2109,43323,54900,Medium,1
1930,Oct,HR,4,25520,81,20,4,3,5686,1221,54900,31470,High,1
1931,Jun,HR,2,46767,90,25,3,14,7736,1599,31470,56742,Low,0
1932,Oct,Sales,10,23423,93,24,2,35,5469,940,56742,36692,Low,0
1933,May,Sales,3,47031,82,24,5,19,1908,2891,36692,50887,High,1
1934,Oct,Operations,7,42338,90,23,3,15,160,2183,50887,43854,Low,0
1935,May,IT,9,28970,83,25,5,16,2143,1725,43854,32714,High,0
1936,Jul,Finance,12,41531,93,22,2,35,6007,1758,32714,54409,Low,0
1937,Feb,Finance,3,19200,96,20,1,34,452,2558,54409,25296,Low,0
1938,May,Operations,2,31391,91,20,2,12,5725,2230,25296,38411,Low,0
1939,Nov,Operations,0,38023,99,22,1,38,3893,864,38411,50197,Low,1
1940,Jul,Finance,12,31727,98,24,1,26,1699,2081,50197,37681,Low,0
1941,Feb,HR,9,31947,90,21,3,4,2411,1343,37681,34083,Low,0
1942,Jul,Sales,11,36818,88,22,3,12,732,130,34083,40583,Medium,0
1943,Aug,Operations,8,27920,84,23,4,37,6782,781,40583,42527,High,1
1944,Oct,HR,15,29120,81,23,5,20,143,47,42527,34362,High,1
1945,Mar,Finance,12,48065,96,24,1,25,1331,1569,34362,54516,Low,0
1946,Jan,Sales,1,20612,90,20,2,22,1820,1613,54516,26408,Low,0
1947,Dec,HR,7,40534,80,21,5,23,5705,439,26408,51033,High,1
1948,May,Operations,9,40978,83,22,4,36,2904,1375,51033,52187,High,1
1949,Jun,Finance,2,35224,96,26,2,12,76,2100,52187,35648,Low,0
1950,Jan,HR,8,23473,81,21,4,20,1703,2144,35648,28244,High,1
1951,May,Sales,9,38351,87,25,4,16,3045,208,28244,45058,Medium,0
1952,Dec,HR,6,32911,82,21,4,9,4283,2352,45058,36540,High,1
1953,Apr,Sales,5,27604,96,23,1,30,3364,2747,36540,36366,Low,0
1954,Mar,Operations,0,36752,82,26,5,10,1256,2868,36366,37516,High,1
1955,Jul,Finance,4,31512,94,25,2,5,7515,169,37516,39768,Low,0
1956,Sep,Operations,3,39771,84,25,4,14,732,340,39768,43681,High,0
1957,Jul,HR,9,21025,94,20,2,8,3808,2204,43681,25108,Low,0
1958,Jun,Operations,15,31034,100,24,0,13,3400,2300,25108,34935,Low,0
1959,Aug,Sales,14,24742,93,21,2,5,4868,2965,34935,28368,Low,0
1960,Aug,Sales,5,40499,91,20,2,9,5956,1106,28368,47430,Low,0
1961,Jul,IT,3,24629,81,24,5,32,4922,451,47430,36715,High,1
1962,Jul,Sales,3,37131,80,20,4,24,3354,170,36715,47080,High,1
1963,Jul,Sales,8,29918,94,23,2,16,5924,1269,47080,39105,Low,0
1964,Feb,Operations,11,49462,80,20,4,23,2270,2836,39105,55132,High,1
1965,Sep,Operations,13,37074,92,20,2,38,6703,91,55132,52531,Low,1
1966,Dec,HR,0,49058,80,21,5,20,1195,302,52531,55726,High,1
1967,Jan,IT,12,48930,87,26,4,12,5621,1571,55726,56140,Medium,0
1968,Aug,HR,14,48181,80,26,6,25,2360,2344,56140,54110,High,1
1969,Jun,Finance,12,30955,83,25,5,4,6358,520,54110,37159,High,0
1970,Jun,HR,12,37486,86,23,4,24,5890,2860,37159,46302,Medium,0
1971,Aug,IT,12,20590,92,25,2,36,7264,1108,46302,35207,Low,1
1972,Aug,Sales,11,46026,85,20,3,17,3361,1997,35207,50862,Medium,0
1973,Mar,IT,14,20889,91,23,3,29,5330,2928,50862,31097,Low,0
1974,Sep,Finance,7,30575,96,25,1,24,785,1244,31097,35686,Low,0
1975,Aug,HR,6,26206,89,26,3,15,537,1720,35686,29040,Medium,0
1976,Apr,HR,5,19911,82,22,4,20,2928,1020,29040,26083,High,1
1977,Dec,IT,13,23101,98,21,1,35,7099,2729,26083,35874,Low,0
1978,Apr,Finance,9,30618,86,25,4,12,910,674,35874,34350,Medium,0
1979,Jun,Operations,15,18264,87,25,4,3,134,1121,34350,18762,Medium,0
1980,Jan,Finance,7,18022,83,26,5,34,7282,2422,18762,30761,High,0
1981,Nov,Finance,5,44878,80,21,5,36,6684,1795,30761,59000,High,1
1982,Dec,Operations,10,35567,81,25,5,23,4897,2925,59000,43944,High,1
1983,May,Sales,6,21347,91,23,3,26,1635,361,43944,28959,Low,0
1984,Aug,Finance,14,28715,96,21,1,22,6959,875,28959,40104,Low,0
1985,Nov,HR,14,20879,93,26,2,39,3286,373,40104,33092,Low,1
1986,Oct,Sales,12,24880,82,20,4,28,3026,333,33092,34094,High,1
1987,Apr,Operations,4,28498,87,21,3,26,504,2966,34094,32120,Medium,0
1988,Jun,Sales,11,18042,81,20,4,1,4395,1327,32120,21495,High,1
1989,Aug,Operations,1,20847,89,21,3,19,6138,2511,21495,28904,Medium,0
1990,Aug,Finance,13,41353,93,22,2,18,3733,633,28904,48207,Low,0
1991,Jul,HR,12,21118,99,21,1,34,922,2174,48207,27571,Low,0
1992,Feb,Finance,5,44141,96,21,1,14,5370,1972,27571,51346,Low,0
1993,Apr,Sales,14,37139,97,23,1,40,2489,2961,51346,46145,Low,1
1994,Mar,Operations,6,49261,86,22,4,29,7254,619,46145,63208,Medium,0
1995,Jul,Operations,7,34799,83,24,5,22,4934,399,63208,44617,High,0
1996,Jul,HR,7,48451,90,26,3,13,4000,71,44617,55434,Low,0
1997,May,IT,8,19530,95,23,2,18,6417,1043,55434,28790,Low,0
1998,Apr,Operations,15,32671,99,22,1,6,1873,527,28790,35709,Low,0
1999,Jan,Sales,12,46617,85,23,4,16,1468,1018,35709,50412,Medium,0
2000,Nov,Operations,6,40391,94,23,2,0,2993,2461,50412,40169,Low,0
2001,Feb,Finance,8,33104,86,24,4,8,2053,1244,40169,35555,Medium,0
2002,Jun,HR,1,42006,81,26,5,30,412,606,35555,49240,High,1
2003,May,Finance,0,32759,95,26,2,32,4890,1246,49240,44346,Low,0
2004,Jun,Finance,14,38009,83,22,4,31,5931,2977,44346,49289,High,0
2005,Oct,IT,15,30696,95,26,2,5,1653,288,49289,33726,Low,0
2006,Sep,Operations,9,18235,95,21,2,11,5264,1014,33726,24669,Low,0
2007,Aug,IT,1,27792,97,22,1,6,3744,1411,24669,30862,Low,0
2008,May,HR,10,30027,84,22,4,21,1994,2707,30862,34389,High,0
2009,Aug,Sales,8,20963,98,24,1,14,7985,1084,34389,30732,Low,0
2010,Apr,HR,1,23211,93,22,2,28,4463,2435,30732,31585,Low,0
2011,Sep,HR,4,38110,95,26,2,16,1158,2416,31585,40614,Low,0
2012,Jan,Operations,13,46836,93,23,2,19,6903,1491,40614,57348,Low,0
2013,Mar,Finance,8,43422,93,26,2,29,744,1482,57348,50341,Low,0
2014,Jan,Finance,12,31561,95,23,2,22,7347,2035,50341,42187,Low,0
2015,Dec,Sales,1,48038,100,20,0,18,1104,2739,42187,50771,Low,0
2016,Jun,Operations,8,26800,83,23,4,9,3027,1873,50771,29610,High,0
2017,Jan,Operations,13,32665,88,22,3,16,7240,1295,29610,43036,Medium,0
2018,Feb,IT,13,22440,92,24,2,24,6646,2985,43036,32091,Low,0
2019,Jul,Sales,12,29510,83,24,5,0,1343,2506,32091,28702,High,0
2020,Jun,Sales,4,45274,85,23,4,23,6216,1797,28702,55940,Medium,0
2021,Nov,IT,1,38344,93,23,2,7,4065,2249,55940,41821,Low,0
2022,Jan,IT,0,40823,86,26,4,35,7264,2005,41821,54961,Medium,0
2023,Dec,Operations,15,33982,89,26,3,33,2287,162,54961,43883,Medium,0
2024,Sep,IT,8,32041,83,22,4,34,2071,677,43883,42613,High,0
2025,Sep,Sales,1,22480,97,25,1,36,2662,1646,42613,32051,Low,1
2026,Aug,Sales,11,28065,93,26,2,10,5603,2874,32051,33568,Low,0
2027,Dec,Sales,0,35014,81,25,5,15,6948,1239,33568,44041,High,1
2028,Aug,Sales,3,35893,93,24,2,8,5853,1373,44041,42278,Low,0
2029,Feb,Sales,0,46490,86,24,4,30,3319,1162,42278,56028,Medium,0
2030,May,IT,8,35275,92,24,2,22,3293,2351,56028,41914,Low,0
2031,Sep,HR,11,36110,81,20,4,12,4905,1636,41914,42617,High,1
2032,Jul,Sales,5,30449,95,25,2,12,743,1018,42617,32896,Low,0
2033,Jul,Operations,5,39446,88,21,3,3,6324,549,32896,46500,Medium,0
2034,Jun,IT,8,40139,92,21,2,16,4300,809,46500,47170,Low,0
2035,May,Finance,9,19600,88,23,3,22,639,951,47170,25294,Medium,0
2036,Jun,Operations,6,40366,98,26,1,25,1606,1390,25294,46042,Low,0
2037,Sep,Finance,6,46195,86,25,4,29,292,2905,46042,51620,Medium,0
2038,Jan,HR,12,29590,97,24,1,28,53,2066,51620,34792,Low,0
2039,Nov,Sales,9,37694,82,25,5,29,113,528,34792,44325,High,1
2040,Aug,Sales,5,24405,94,21,2,8,2181,416,44325,27798,Low,0
2041,Nov,Operations,2,37793,97,25,1,8,3074,2662,27798,40166,Low,0
2042,Apr,Sales,13,42463,99,20,1,23,5696,2982,40166,51370,Low,0
2043,May,Operations,1,48841,93,23,2,34,7912,1568,51370,63265,Low,0
2044,Feb,IT,12,21904,87,21,3,8,3424,1206,63265,25330,Medium,0
2045,Jul,Sales,4,37099,84,23,4,33,6518,745,25330,51739,High,0
2046,Jan,Sales,3,19057,87,25,4,24,596,1379,51739,25022,Medium,0
2047,May,Operations,10,22474,99,26,1,29,2027,912,25022,30825,Low,0
2048,Nov,IT,14,44336,80,22,5,36,4205,942,30825,56490,High,1
2049,Jun,Finance,3,49735,88,26,4,17,4653,2824,56490,56242,Medium,0
2050,Mar,HR,5,49880,87,25,4,23,702,2511,56242,54258,Medium,0
2051,Mar,IT,6,49520,90,24,3,23,1139,47,54258,55746,Low,0
2052,Dec,Operations,7,36123,87,26,4,13,577,697,55746,38598,Medium,0
2053,Sep,Sales,4,29911,98,26,1,32,358,2421,38598,35620,Low,0
2054,Mar,HR,5,28536,87,26,4,18,2497,917,35620,35391,Medium,0
2055,Jun,Operations,11,27164,91,20,2,36,5298,1281,35391,40458,Low,1
2056,Apr,Finance,13,48779,99,24,1,39,359,2103,40458,57098,Low,1
2057,Jun,Finance,13,42922,81,25,5,1,691,464,57098,43563,High,1
2058,Jul,IT,12,42485,82,20,4,7,47,1739,43563,42063,High,1
2059,Mar,Operations,9,39975,81,26,5,34,3335,376,42063,51294,High,1
2060,Apr,IT,1,27605,82,24,5,19,5211,1424,51294,36866,High,1
2061,Apr,HR,15,48444,88,22,3,13,7586,1215,36866,57441,Medium,0
2062,Apr,Operations,3,18321,87,23,3,17,1043,2051,57441,21408,Medium,0
2063,Oct,HR,1,22750,97,26,1,32,4274,2740,21408,31966,Low,0
2064,Sep,IT,13,27766,88,21,3,13,6752,790,31966,37189,Medium,0
2065,Dec,Sales,8,18775,97,23,1,2,6506,2546,37189,22707,Low,0
2066,Aug,Sales,7,40613,94,21,2,13,1163,1943,22707,43480,Low,0
2067,Sep,Finance,0,27288,91,22,2,39,302,2691,43480,34421,Low,1
2068,Jul,Finance,6,20181,87,26,4,13,1470,214,34421,24806,Medium,0
2069,Nov,Finance,8,23843,90,23,3,12,1305,1560,24806,26753,Low,0
2070,Dec,Finance,3,37717,92,25,2,14,2800,1097,26753,43355,Low,0
2071,Feb,IT,13,28727,86,26,4,20,4704,1307,43355,37695,Medium,0
2072,Feb,Sales,4,33841,86,25,4,23,1943,2905,37695,39180,Medium,0
2073,Apr,Operations,11,28818,86,25,4,37,4537,1452,39180,41650,Medium,1
2074,Nov,Operations,2,48701,91,23,3,29,856,452,41650,55570,Low,0
2075,Feb,Operations,1,49861,88,24,3,12,1158,2348,55570,50914,Medium,0
2076,Feb,HR,2,40277,89,26,3,28,7217,802,50914,53547,Medium,0
2077,Dec,IT,11,35904,95,26,2,34,5965,2340,53547,47879,Low,0
2078,Apr,IT,4,26079,82,22,4,39,88,899,47879,35449,High,1
2079,Feb,Operations,5,22586,83,22,4,24,2696,1603,35449,30082,High,0
2080,Aug,Operations,14,39273,85,26,4,2,1557,1700,30082,39936,Medium,0
2081,Jun,Finance,9,24132,86,20,3,1,3543,1692,39936,25790,Medium,0
2082,May,HR,13,28048,99,22,1,33,7241,2929,25790,40886,Low,0
2083,May,Operations,12,38526,85,25,4,23,1473,1803,40886,44452,Medium,0
2084,Feb,Sales,9,41383,98,26,1,38,3544,1089,44452,53823,Low,1
2085,Feb,Finance,4,23071,93,20,2,20,7892,1515,53823,35145,Low,0
2086,Feb,Finance,3,43240,80,25,5,14,276,2942,35145,43835,High,1
2087,Nov,Finance,2,32360,80,24,5,34,1520,908,43835,41709,High,1
2088,Jan,Operations,3,33826,87,21,3,1,6864,2957,41709,37649,Medium,0
2089,Jul,IT,7,36945,81,20,4,9,4473,2686,37649,41674,High,1
2090,Apr,HR,6,41741,96,24,1,22,2928,2043,41674,48373,Low,0
2091,Jan,Operations,10,42137,95,25,2,28,6155,1777,48373,53188,Low,0
2092,Mar,Operations,5,43042,89,23,3,35,7232,243,53188,59517,Medium,0
2093,May,HR,4,35542,86,26,4,26,516,2093,59517,40395,Medium,0
2094,Sep,HR,2,30832,93,25,2,37,4608,2430,40395,42136,Low,1
2095,May,HR,1,40575,81,25,5,1,1878,1729,42136,40557,High,1
2096,Jan,IT,7,30796,81,22,5,9,7879,385,40557,40535,High,1
2097,Nov,IT,0,26564,90,24,3,38,5286,999,40535,41035,Low,1
2098,Mar,IT,10,21735,84,23,4,14,3156,930,41035,27321,High,0
2099,Jan,IT,5,21621,97,21,1,24,3886,2035,27321,29242,Low,0
2100,Apr,HR,4,49497,81,20,4,27,7314,550,29242,62269,High,1
2101,Mar,Sales,4,29295,96,26,2,2,2984,1712,62269,30382,Low,0
2102,Jan,HR,15,30318,91,23,3,4,2903,2645,30382,31976,Low,0
2103,Oct,Operations,2,34385,88,24,3,16,2625,1227,31976,40047,Medium,0
2104,Feb,HR,8,37167,93,23,2,15,2657,2228,40047,40910,Low,0
2105,Dec,HR,13,31360,93,22,2,33,3847,529,40910,42478,Low,0
2106,Feb,HR,15,23299,80,21,5,27,6741,524,42478,36492,High,1
2107,Apr,Operations,11,29734,88,24,3,40,2294,2612,36492,39660,Medium,1
2108,May,Sales,11,32407,89,25,3,18,6612,1279,39660,41471,Medium,0
2109,Jan,IT,12,19351,94,20,2,27,5866,2224,41471,30358,Low,0
2110,Apr,IT,4,21315,94,23,2,28,1561,106,30358,30552,Low,0
2111,Jan,IT,4,41493,98,24,1,33,6948,1564,30552,55097,Low,0
2112,Nov,Finance,0,31696,80,21,5,1,864,1880,55097,30869,High,1
2113,Oct,Finance,8,31064,82,21,4,16,7986,749,30869,42882,High,1
2114,Feb,Sales,12,23007,94,23,2,25,7744,571,42882,36220,Low,0
2115,Feb,HR,2,47251,88,22,3,10,1895,2551,36220,49080,Medium,0
2116,Jul,Operations,0,46482,90,25,3,11,1578,1971,49080,49326,Low,0
2117,Mar,Finance,4,49117,99,25,1,2,3042,619,49326,52284,Low,0
2118,Aug,HR,10,25892,96,22,1,11,3438,1811,52284,29844,Low,0
2119,Jun,Finance,10,40713,89,24,3,14,4965,3,29844,49863,Medium,0
2120,Jun,IT,11,44872,96,26,2,16,2635,375,49863,51733,Low,0
2121,Mar,HR,15,28850,98,20,1,9,3879,2845,51733,32211,Low,0
2122,May,Sales,7,48694,89,22,3,19,1632,1620,32211,53652,Medium,0
2123,Dec,Operations,15,48380,90,21,3,9,6516,559,53652,56453,Low,0
2124,Jan,Operations,12,42222,91,25,3,17,6502,31,56453,53009,Low,0
2125,Jul,Finance,10,35123,100,26,0,11,5401,2873,53009,40053,Low,0
2126,Aug,IT,13,35510,94,25,2,15,2997,850,40053,41247,Low,0
2127,Sep,HR,7,36635,82,26,5,31,7948,2161,41247,50632,High,1
2128,Dec,IT,15,36430,90,26,3,19,5396,1360,50632,45457,Low,0
2129,Aug,IT,10,34675,99,24,1,4,3693,1881,45457,37170,Low,0
2130,Oct,IT,2,45658,95,23,2,22,3147,1258,37170,52340,Low,0
2131,Sep,Finance,15,36949,96,23,1,20,5421,2646,52340,45065,Low,0
2132,Oct,IT,8,21462,80,25,5,0,903,2124,45065,20688,High,1
2133,May,HR,3,28646,96,20,1,10,2142,1356,20688,31841,Low,0
2134,Nov,Finance,14,49312,82,24,5,16,379,2849,31841,51405,High,1
2135,Oct,Finance,4,37862,85,24,4,25,2237,999,51405,45421,Medium,0
2136,Nov,Sales,11,22950,96,22,1,40,5224,1238,45421,36869,Low,1
2137,Jun,Finance,9,34497,95,26,2,40,4553,2185,36869,46728,Low,1
2138,Jun,HR,13,26927,81,21,4,11,1932,2757,46728,29648,High,1
2139,Jun,HR,5,22401,85,26,4,22,4475,2363,29648,29746,Medium,0
2140,Aug,HR,12,32582,89,25,3,27,6260,2177,29746,43397,Medium,0
2141,Sep,HR,9,26898,98,23,1,3,2425,2958,43397,26749,Low,0
2142,Aug,Operations,14,37670,98,20,1,24,7809,1151,26749,49966,Low,0
2143,Aug,Operations,3,42459,89,24,3,7,2171,2824,49966,44014,Medium,0
2144,Mar,Sales,0,22158,86,26,4,19,4147,1093,44014,29541,Medium,0
2145,Aug,Finance,2,27406,83,22,4,6,6606,2764,29541,32865,High,0
2146,Dec,Operations,13,29909,91,26,3,4,3412,38,32865,34731,Low,0
2147,Jun,Operations,12,44152,82,21,4,33,4436,1322,34731,56256,High,1
2148,Dec,IT,4,20909,83,20,4,39,6716,2850,56256,34882,High,1
2149,Dec,IT,0,25281,81,21,4,26,3404,2907,34882,31932,High,1
2150,Apr,Finance,11,34172,86,23,4,2,2497,582,31932,36962,Medium,0
2151,Mar,IT,12,33807,83,21,4,40,7248,2121,36962,48694,High,1
2152,Jul,IT,11,31887,94,24,2,25,4999,279,48694,43508,Low,0
2153,Jan,Sales,8,20769,82,24,5,30,7318,1480,43508,33489,High,1
2154,Aug,Sales,10,35045,87,25,4,0,384,2409,33489,33550,Medium,0
2155,Jan,IT,0,34543,94,20,2,16,507,1408,33550,38232,Low,0
2156,Oct,Finance,1,23126,88,26,4,14,6369,2279,38232,30697,Medium,0
2157,May,Finance,0,33831,87,24,4,39,1133,1833,30697,43037,Medium,1
2158,Feb,Sales,12,24158,88,26,4,3,1963,2258,43037,25122,Medium,0
2159,Jul,Operations,1,26088,97,21,1,6,5648,985,25122,31765,Low,0
2160,Jul,HR,1,23218,95,20,1,18,254,1893,31765,25624,Low,0
2161,May,Finance,11,44572,90,26,3,40,1126,1244,25624,54739,Low,1
2162,Aug,IT,8,48479,84,22,4,24,5337,15,54739,59627,High,0
2163,Jul,Sales,9,49987,88,21,3,14,3237,606,59627,56006,Medium,0
2164,Oct,IT,4,39537,90,24,3,38,2217,530,56006,50956,Low,1
2165,Feb,Operations,7,23644,87,24,4,40,7761,390,50956,41350,Medium,1
2166,Sep,Sales,2,48552,100,21,0,24,3968,1775,41350,56443,Low,0
2167,Oct,IT,4,33970,91,23,3,3,1472,2773,56443,33537,Low,0
2168,Apr,IT,10,39378,87,26,4,8,488,1974,33537,39723,Medium,0
2169,Jun,Finance,5,26437,85,26,4,29,687,2253,39723,31561,Medium,0
2170,Sep,HR,3,40006,90,22,3,17,1467,2263,31561,43062,Low,0
2171,Feb,Sales,12,47894,81,21,4,28,3603,2463,43062,56000,High,1
2172,Aug,IT,9,28015,87,22,3,8,5271,2714,56000,32792,Medium,0
2173,Dec,Operations,13,44065,93,25,2,6,2304,1279,32792,46629,Low,0
2174,Jan,Sales,2,31743,83,20,4,8,2725,737,46629,35598,High,0
2175,Jul,HR,8,44285,87,23,3,29,3114,2237,35598,52482,Medium,0
2176,Jun,Operations,5,35970,90,20,2,1,6068,1318,52482,40607,Low,0
2177,Jul,Finance,5,43351,91,26,3,34,4751,761,40607,55444,Low,0
2178,Nov,HR,4,20488,81,26,5,33,8,2059,55444,26558,High,1
2179,Nov,Sales,4,47079,95,22,2,36,5887,2048,26558,60633,Low,1
2180,Apr,Operations,5,46853,91,20,2,18,4544,479,60633,55498,Low,0
2181,Jan,Finance,7,48367,91,24,3,32,4649,901,55498,60167,Low,0
2182,Sep,IT,10,29254,91,23,3,10,7133,2584,60167,36966,Low,0
2183,Sep,HR,14,30782,96,21,1,1,513,2341,36966,28479,Low,0
2184,Apr,HR,9,19523,96,20,1,12,3153,2378,28479,22726,Low,0
2185,Aug,HR,14,49157,90,20,2,26,5107,2067,22726,59067,Low,0
2186,Jul,Sales,4,28085,94,23,2,2,3001,405,59067,31748,Low,0
2187,Aug,Sales,7,45618,96,22,1,25,4049,1089,31748,55460,Low,0
2188,Aug,Finance,8,45636,93,23,2,33,1040,162,55460,55483,Low,0
2189,Sep,HR,5,48237,96,22,1,24,6676,2103,55483,59249,Low,0
2190,Nov,Operations,11,27993,80,21,5,24,7448,198,59249,40607,High,1
2191,Dec,Finance,6,27018,92,22,2,12,3792,1126,40607,32340,Low,0
2192,Jul,HR,15,24247,82,21,4,34,6275,223,32340,38042,High,1
2193,Jul,Sales,6,47591,91,24,3,31,3837,75,38042,58394,Low,0
2194,Feb,HR,0,38581,98,23,1,37,7845,2969,58394,53483,Low,1
2195,Mar,Operations,8,18683,93,23,2,6,7826,1930,53483,25778,Low,0
2196,Dec,Operations,14,28107,90,25,3,13,7380,1761,25778,36259,Low,0
2197,May,Operations,12,26670,98,24,1,26,3344,2039,36259,33686,Low,0
2198,Aug,HR,13,42849,87,22,3,40,1334,489,33686,53538,Medium,1
2199,Mar,IT,14,25166,84,25,4,4,4701,596,53538,29824,High,0
2200,Jan,IT,7,48445,86,24,4,10,4229,1420,29824,53807,Medium,0
2201,Sep,Sales,4,28567,88,21,3,30,161,2814,53807,33427,Medium,0
2202,Dec,HR,3,30594,98,25,1,17,6814,492,33427,41846,Low,0
2203,Nov,HR,0,28102,89,22,3,3,7636,2093,41846,34345,Medium,0
2204,Mar,Sales,2,31368,90,20,2,8,670,451,34345,33811,Low,0
2205,Dec,IT,14,18870,85,21,4,8,3555,2406,33811,22578,Medium,0
2206,Feb,HR,12,43331,90,24,3,34,884,2261,22578,50392,Low,0
2207,Jul,Sales,14,42355,87,20,3,19,4076,1389,50392,50175,Medium,0
2208,Jul,Sales,2,34298,84,23,4,19,3564,2821,50175,40479,High,0
2209,Nov,Finance,4,18343,97,21,1,11,1840,1057,40479,22642,Low,0
2210,Jul,Finance,6,49374,80,21,5,11,2716,1220,22642,54029,High,1
2211,Dec,Operations,6,47670,90,23,3,36,1260,2026,54029,56244,Low,1
2212,Jan,Finance,3,44216,80,24,5,28,2091,364,56244,53545,High,1
2213,Jan,HR,5,33877,83,21,4,14,7372,1984,53545,43077,High,0
2214,Jul,IT,6,29840,96,23,1,20,4106,322,43077,37990,Low,0
2215,Aug,Sales,2,21417,92,22,2,40,961,1774,37990,30924,Low,1
2216,Aug,IT,5,19665,96,23,1,17,3179,1687,30924,26049,Low,0
2217,Mar,HR,4,37674,90,24,3,30,2056,1406,26049,45430,Low,0
2218,Jan,Sales,1,35755,95,25,2,39,1144,546,45430,46821,Low,1
2219,Apr,HR,10,25708,81,24,5,21,1348,1155,46821,31213,High,1
2220,Jun,IT,2,28058,96,20,1,23,7781,1572,31213,39420,Low,0
2221,Dec,IT,12,36544,99,25,1,29,7373,1759,39420,49581,Low,0
2222,Jul,IT,11,29008,97,20,1,24,5728,701,49581,40438,Low,0
2223,Dec,HR,0,27098,96,20,1,10,4833,2803,40438,31717,Low,0
2224,Nov,Finance,15,46405,90,25,3,33,2956,20,31717,57518,Low,0
2225,Apr,Sales,12,42849,80,21,5,33,2193,2569,57518,49995,High,1
2226,Mar,IT,4,41274,97,22,1,5,3253,1834,49995,44669,Low,0
2227,May,IT,4,34661,93,22,2,32,7593,1082,44669,49933,Low,0
2228,Dec,Sales,8,33014,80,24,5,27,3381,796,49933,42387,High,1
2229,May,IT,9,35865,90,24,3,26,4324,1039,42387,45077,Low,0
2230,Jun,Sales,9,34531,88,23,3,34,755,22,45077,44175,Medium,0
2231,Mar,IT,6,44000,88,21,3,9,1740,2681,44175,45553,Medium,0
2232,Sep,Sales,10,35894,91,21,2,16,5305,2572,45553,43310,Low,0
2233,Nov,Sales,7,41903,99,26,1,9,6859,526,43310,50701,Low,0
2234,Jan,Operations,6,43027,86,20,3,39,6630,2234,50701,57324,Medium,1
2235,Jul,Operations,6,22675,93,24,2,37,1602,1586,57324,32587,Low,1
2236,Jan,Sales,6,36484,95,23,2,17,143,2883,32587,37663,Low,0
2237,May,HR,4,24429,85,26,4,35,5003,105,37663,38803,Medium,0
2238,Aug,IT,3,36694,91,22,2,31,4955,1939,38803,47145,Low,0
2239,Jul,Operations,11,47373,89,23,3,39,1271,2391,47145,56565,Medium,1
2240,Dec,IT,14,19696,90,25,3,9,2749,1247,56565,23795,Low,0
2241,Mar,Operations,3,25237,89,21,3,11,5929,1753,23795,32318,Medium,0
2242,Apr,Operations,8,42154,80,25,5,3,5055,1894,32318,46239,High,1
2243,May,Sales,0,39906,99,20,1,25,2515,2475,46239,45980,Low,0
2244,Feb,Operations,9,30701,86,21,3,14,301,2011,45980,32579,Medium,0
2245,Apr,Sales,1,47003,82,21,4,1,5172,2731,32579,49632,High,1
2246,Mar,HR,4,27007,88,25,3,28,1093,1208,49632,33304,Medium,0
2247,Nov,Sales,6,43348,80,24,5,34,5495,1388,33304,55466,High,1
2248,Dec,IT,14,35687,98,21,1,6,3798,2348,55466,38059,Low,0
2249,Jul,Sales,15,44611,89,26,3,24,1591,732,38059,51964,Medium,0
2250,Jan,IT,1,28716,95,22,2,24,6733,1787,51964,39500,Low,0
2251,Jun,Finance,3,23115,88,20,3,33,5552,1435,39500,34694,Medium,0
2252,Apr,Operations,4,44689,90,22,3,7,469,2914,34694,44088,Low,0
2253,Jun,HR,1,23689,80,23,5,40,5300,1190,44088,37906,High,1
2254,Feb,IT,14,20424,93,21,2,36,3995,1618,37906,32367,Low,1
2255,May,IT,13,35368,84,23,4,25,1902,1324,32367,41412,High,0
2256,Jun,Finance,15,41303,92,21,2,28,4109,2149,41412,49655,Low,0
2257,Feb,IT,1,26244,89,21,3,26,5370,383,49655,38058,Medium,0
2258,Nov,Operations,11,39261,86,21,3,14,4840,1092,38058,46536,Medium,0
2259,May,IT,1,42059,90,24,3,38,4957,2323,46536,54634,Low,1
2260,Jul,IT,0,20262,86,20,3,26,3390,795,54634,29168,Medium,0
2261,Apr,Finance,5,36693,86,20,3,8,7364,2296,29168,43209,Medium,0
2262,Aug,Finance,1,41912,100,22,0,33,1241,2354,43209,49694,Low,0
2263,Nov,Sales,6,27590,91,20,2,22,1702,2255,49694,32597,Low,0
2264,Nov,Sales,6,45218,87,22,3,38,7777,2655,32597,59554,Medium,1
2265,Feb,Sales,2,26442,96,26,2,3,304,1828,59554,25974,Low,0
2266,Apr,IT,5,42847,91,20,2,22,860,1365,25974,47939,Low,0
2267,Jun,Sales,2,23706,100,21,0,31,876,2505,47939,29112,Low,0
2268,Jun,Operations,0,43370,97,23,1,3,6983,1020,29112,50175,Low,0
2269,Jul,Finance,1,40077,95,25,2,5,5184,2107,50175,44748,Low,0
2270,Feb,Sales,6,42927,84,24,4,10,3322,622,44748,48161,High,0
2271,Apr,Operations,15,19675,97,20,1,15,6000,108,48161,29983,Low,0
2272,Apr,HR,14,29625,98,21,1,24,5771,1678,29983,40063,Low,0
2273,Feb,Sales,11,23519,84,21,4,14,2980,1396,40063,28691,High,0
2274,Nov,HR,7,27096,90,21,3,13,3044,1300,28691,31391,Low,0
2275,Apr,Operations,11,18377,99,20,1,23,7107,2227,31391,28929,Low,0
2276,Sep,Finance,5,18182,87,21,3,29,6493,985,28929,31563,Medium,0
2277,Jun,Sales,5,26754,87,20,3,35,2864,2317,31563,36229,Medium,0
2278,Sep,IT,8,48937,97,21,1,0,7424,2942,36229,53816,Low,0
2279,Mar,HR,13,39764,98,25,1,19,6331,1347,53816,50238,Low,0
2280,Oct,Finance,2,34631,100,24,0,3,7323,1941,50238,40325,Low,0
2281,Jan,Operations,11,48334,81,23,5,12,1355,677,40325,51566,High,1
2282,Mar,Operations,10,28757,95,20,1,22,4039,755,51566,36819,Low,0
2283,Sep,Finance,10,37972,99,26,1,29,276,2543,36819,42501,Low,0
2284,Dec,Finance,9,43765,85,22,4,14,3837,1884,42501,49828,Medium,0
2285,Jul,Operations,0,32938,94,23,2,10,2320,2344,49828,35149,Low,0
2286,May,IT,10,31983,85,21,4,28,6126,264,35149,44099,Medium,0
2287,May,Finance,15,25146,89,23,3,35,1144,2407,44099,32291,Medium,0
2288,Feb,IT,1,42541,88,22,3,1,5066,1039,32291,47052,Medium,0
2289,Oct,Operations,10,23825,97,26,1,36,6737,74,47052,39908,Low,1
2290,May,HR,13,48179,82,25,5,30,79,1925,39908,53916,High,1
2291,Apr,Sales,13,49186,95,26,2,27,2488,953,53916,57570,Low,0
2292,Aug,HR,1,20437,99,26,1,0,94,271,57570,20506,Low,0
2293,May,Operations,0,35197,89,23,3,11,5562,351,20506,43718,Medium,0
2294,Aug,Operations,5,41027,84,26,5,19,2679,1635,43718,46486,High,0
2295,Mar,Finance,11,47250,80,20,4,29,3878,615,46486,57018,High,1
2296,Jan,Finance,8,37887,92,22,2,37,5768,2377,57018,50706,Low,1
2297,Dec,Sales,3,46752,87,21,3,32,7097,2722,50706,59337,Medium,0
2298,Sep,HR,3,18775,85,20,3,29,6455,2131,59337,30807,Medium,0
2299,Nov,IT,0,45790,91,23,3,10,579,2023,30807,47242,Low,0
2300,May,Finance,15,43111,86,25,4,37,2256,944,47242,53728,Medium,1
2301,Dec,Finance,2,30588,83,22,4,32,1107,1216,53728,38776,High,0
2302,Dec,Finance,15,48255,99,22,1,26,3203,183,38776,58529,Low,0
2303,Dec,Operations,13,26763,83,26,5,34,4853,1177,58529,38824,High,0
2304,Jul,Sales,4,42241,81,23,5,4,6237,2408,38824,46919,High,1
2305,Jun,Finance,10,23956,96,26,2,8,4363,1061,46919,29549,Low,0
2306,Nov,HR,10,46854,85,20,3,17,2860,1623,29549,52391,Medium,0
2307,Mar,Sales,9,44113,90,20,2,40,5767,1678,52391,58542,Low,1
2308,Mar,Finance,12,49903,92,23,2,23,5607,292,58542,61732,Low,0
2309,Dec,Operations,11,46498,88,24,3,4,7159,976,61732,53604,Medium,0
2310,May,Operations,6,38902,91,26,3,38,5210,1927,53604,52296,Low,1
2311,May,Sales,6,39801,99,25,1,1,2462,495,52296,41503,Low,0
2312,Jan,Finance,15,26571,82,24,5,20,1582,1581,41503,31784,High,1
2313,Apr,Sales,2,46592,96,23,1,23,6497,2769,31784,55578,Low,0
2314,Oct,Sales,1,25484,89,22,3,27,6822,583,55578,38681,Medium,0
2315,Nov,Operations,8,37092,82,22,4,35,1646,948,38681,47021,High,1
2316,Sep,Sales,10,35508,89,22,3,33,4203,645,47021,47020,Medium,0
2317,Aug,Finance,12,25671,91,20,2,2,6333,1538,47020,30786,Low,0
2318,May,HR,12,30469,82,22,4,36,7723,2790,30786,44693,High,1
2319,Nov,Finance,3,45153,89,21,3,29,2341,2674,44693,51899,Medium,0
2320,Jul,IT,7,47965,96,22,1,6,4752,1313,51899,52844,Low,0
2321,Oct,HR,6,44224,82,26,5,33,3924,592,52844,56092,High,1
2322,May,HR,9,24964,81,23,5,13,2514,1388,56092,28841,High,1
2323,Nov,Finance,11,27765,98,22,1,20,7248,2540,28841,37007,Low,0
2324,Jan,Finance,11,31115,98,23,1,31,5741,888,37007,43234,Low,0
2325,Aug,Operations,5,24955,82,22,4,23,5327,1996,43234,34178,High,1
2326,Aug,IT,4,31100,86,26,4,2,4889,360,34178,35399,Medium,0
2327,Nov,Finance,11,37069,90,20,2,33,209,830,35399,44854,Low,0
2328,Oct,HR,3,20132,89,23,3,7,4297,756,44854,25946,Medium,0
2329,Sep,Finance,10,30795,94,24,2,36,2567,894,25946,41152,Low,1
2330,May,IT,12,41279,96,25,1,33,5527,419,41152,54365,Low,0
2331,Mar,Finance,2,37012,90,25,3,32,4023,1677,54365,48033,Low,0
2332,May,IT,5,31574,89,20,3,28,2304,517,48033,39690,Medium,0
2333,Apr,Finance,15,42515,90,25,3,21,794,2790,39690,45236,Low,0
2334,Apr,Finance,11,39006,88,21,3,3,316,2982,45236,36747,Medium,0
2335,Dec,IT,1,42040,88,23,3,0,5774,1756,36747,46465,Medium,0
2336,Sep,IT,7,38920,85,20,3,13,5431,1379,46465,45555,Medium,0
2337,Aug,Operations,7,22426,97,20,1,19,5160,419,45555,32430,Low,0
2338,Jun,Operations,8,44399,99,22,1,14,7570,2129,32430,53313,Low,0
2339,Mar,Finance,2,37833,85,26,4,1,4171,1397,53313,41642,Medium,0
2340,Aug,Operations,9,19423,95,24,2,23,3019,648,41642,26817,Low,0
2341,Apr,IT,7,34651,84,23,4,7,7207,2499,26817,41427,High,0
2342,Jun,Operations,15,31152,87,23,3,2,4541,1244,41427,34932,Medium,0
2343,Apr,Operations,3,25031,90,21,3,11,3982,734,34932,30569,Low,0
2344,Aug,IT,3,42056,81,24,5,28,2361,749,30569,50858,High,1
2345,Aug,HR,10,35840,96,20,1,6,5647,166,50858,42607,Low,0
2346,Aug,IT,11,29796,89,25,3,18,2121,2976,42607,33001,Medium,0
2347,Sep,Operations,12,26535,80,20,4,24,2983,1422,33001,34176,High,1
2348,Aug,IT,1,19594,96,23,1,25,1036,2214,34176,24025,Low,0
2349,Sep,Operations,12,41501,93,26,2,2,5355,704,24025,47373,Low,0
2350,Jun,Finance,2,40701,92,21,2,14,2384,2078,47373,43730,Low,0
2351,Apr,HR,0,23554,82,26,5,17,5528,2091,43730,31350,High,1
2352,Jan,HR,0,29227,86,25,4,22,3177,1703,31350,35598,Medium,0
2353,May,Operations,7,23701,81,23,5,28,3856,324,35598,34926,High,1
2354,Jan,Finance,9,20910,80,26,6,19,3144,1025,34926,28246,High,1
2355,May,HR,13,33653,82,25,5,28,5547,2687,28246,43822,High,1
2356,Jun,Sales,15,25918,81,26,5,26,4784,40,43822,37770,High,1
2357,Aug,Sales,8,19768,88,22,3,1,6167,989,37770,25537,Medium,0
2358,May,IT,2,19566,85,26,4,8,2714,403,25537,24210,Medium,0
2359,Apr,HR,11,18925,94,20,2,36,4224,2848,24210,29464,Low,1
2360,Feb,IT,10,18997,83,20,4,1,5919,1689,29464,23350,High,0
2361,Nov,IT,15,47365,96,25,1,30,3318,1615,23350,56973,Low,0
2362,Jan,Sales,9,32471,80,24,5,1,1016,2224,56973,32006,High,1
2363,Aug,Finance,5,21072,84,26,5,12,7215,2246,32006,29390,High,0
2364,Mar,Operations,6,36631,93,23,2,31,997,300,29390,44884,Low,0
2365,Oct,IT,1,47486,83,21,4,3,1511,916,44884,48380,High,0
2366,Apr,HR,6,30878,87,26,4,37,2593,2953,48380,39453,Medium,1
2367,Aug,Operations,4,24275,87,25,4,11,4517,1623,39453,29468,Medium,0
2368,Feb,HR,8,25291,82,21,4,4,7132,2614,29468,31041,High,1
2369,Sep,Finance,5,28443,92,25,2,14,7271,812,31041,38053,Low,0
2370,Dec,Finance,6,40689,81,22,5,29,4136,929,38053,51920,High,1
2371,Oct,HR,7,35239,96,25,1,29,3452,1703,51920,44496,Low,0
2372,Mar,HR,0,24944,91,23,3,4,3673,1238,44496,28781,Low,0
2373,Feb,Operations,8,31015,91,22,2,34,2867,347,28781,41777,Low,0
2374,Jan,HR,2,46648,91,24,3,15,2826,861,41777,52170,Low,0
2375,Apr,Finance,7,36291,84,21,4,19,1962,1715,52170,41631,High,0
2376,Oct,IT,3,48970,83,25,5,33,4090,323,41631,60342,High,0
2377,Feb,HR,13,38418,97,25,1,20,7778,1710,60342,50055,Low,0
2378,Jan,HR,1,35869,90,24,3,17,7933,2139,50055,46530,Low,0
2379,Jun,HR,12,33049,90,21,3,17,5086,2729,46530,39464,Low,0
2380,May,Operations,9,39421,89,26,3,13,6335,872,39464,48917,Medium,0
2381,Jan,HR,8,18152,92,23,2,7,2385,351,48917,22614,Low,0
2382,Aug,Sales,13,31427,80,22,5,18,1972,454,22614,38032,High,1
2383,May,IT,7,31770,84,21,4,10,7586,1427,38032,39921,High,0
2384,Aug,HR,0,36208,96,24,1,27,423,895,39921,41775,Low,0
2385,Jul,IT,12,32099,97,26,1,20,1903,1424,41775,37293,Low,0
2386,Feb,IT,0,21277,92,25,2,35,6051,779,37293,36074,Low,0
2387,Mar,Operations,14,33909,83,21,4,6,6872,1744,36074,40982,High,0
2388,Jul,HR,11,35637,91,25,3,11,1262,1696,40982,37908,Low,0
2389,Sep,IT,0,19034,87,23,3,5,5446,2017,37908,24235,Medium,0
2390,Nov,IT,0,41777,88,21,3,15,131,856,24235,44400,Medium,0
2391,Apr,IT,12,46038,90,23,3,20,3793,1284,44400,53140,Low,0
2392,Jul,IT,3,26720,85,21,4,37,3341,1094,53140,37757,Medium,1
2393,Mar,Finance,0,42045,87,26,4,17,968,2777,37757,44095,Medium,0
2394,Apr,Operations,15,35238,89,25,3,34,86,2972,44095,41260,Medium,0
2395,May,HR,14,45064,83,25,5,17,6456,2808,41260,53471,High,0
2396,Aug,Operations,11,43970,84,23,4,15,5377,2514,53471,50736,High,0
2397,Aug,Sales,11,46560,80,26,6,40,563,2609,50736,54845,High,1
2398,Jul,Operations,13,19509,95,22,2,32,57,2841,54845,25371,Low,0
2399,Apr,Operations,5,35877,82,22,4,3,5621,2721,25371,40085,High,1
2400,Nov,Sales,6,44984,99,23,1,19,73,2030,40085,47240,Low,0
2401,Jan,IT,13,49676,90,23,3,7,7683,1891,47240,56958,Low,0
2402,Sep,IT,7,36858,85,20,3,25,7325,2063,56958,48947,Medium,0
2403,Aug,IT,10,29338,92,20,2,11,5984,1428,48947,36660,Low,0
2404,Dec,Operations,4,31129,87,23,3,4,2165,2432,36660,31934,Medium,0
2405,Dec,IT,7,23408,86,23,4,40,2177,2391,31934,33273,Medium,1
2406,Apr,Sales,11,18333,91,23,3,31,4086,1841,33273,27721,Low,0
2407,Jan,Operations,11,26603,100,23,0,28,4593,1305,27721,36432,Low,0
2408,Aug,IT,4,19334,90,26,3,16,2514,1135,36432,24644,Low,0
2409,Apr,Finance,6,30020,88,25,3,6,1914,1546,24644,31843,Medium,0
2410,Feb,IT,9,28474,92,25,2,19,4114,1162,31843,36839,Low,0
2411,Feb,Operations,7,22964,85,21,4,36,7541,2600,36839,36328,Medium,1
2412,Feb,Finance,10,27326,80,24,5,28,2948,2145,36328,34419,High,1
2413,May,Operations,6,43035,99,26,1,7,4237,942,34419,47469,Low,0
2414,Feb,IT,5,29326,88,20,3,11,4271,2094,47469,34409,Medium,0
2415,Apr,Finance,11,29812,84,21,4,11,1838,2870,34409,31709,High,0
2416,Jun,HR,7,30769,89,25,3,16,2623,2815,31709,34229,Medium,0
2417,Sep,Operations,13,38332,82,24,5,25,3621,1485,34229,46025,High,1
2418,Mar,Finance,4,39685,85,22,4,4,3121,2246,46025,40858,Medium,0
2419,Nov,IT,10,26572,84,26,5,39,6124,2138,40858,39626,High,1
2420,Mar,HR,6,23111,82,21,4,7,1327,2570,39626,23167,High,1
2421,Jul,Finance,9,24394,88,23,3,32,2570,1661,23167,33036,Medium,0
2422,Apr,HR,12,37293,93,23,2,12,7923,1974,33036,46155,Low,0
2423,Aug,IT,14,23296,88,26,4,19,6239,1855,46155,32476,Medium,0
2424,Jun,Sales,9,37953,83,24,5,25,4696,1672,32476,47055,High,0
2425,Jan,HR,10,38124,92,25,2,10,6610,288,47055,46429,Low,0
2426,Jan,IT,6,19226,95,21,2,15,4086,1540,46429,25065,Low,0
2427,Nov,IT,4,20405,96,21,1,27,6234,801,25065,32974,Low,0
2428,Apr,HR,8,39374,80,23,5,22,2333,1217,32974,45304,High,1
2429,Sep,Sales,9,41294,96,24,1,35,174,1604,45304,47836,Low,0
2430,Apr,Operations,15,29086,84,24,4,4,1715,1155,47836,30217,High,0
2431,Mar,Sales,6,49725,89,25,3,15,611,2479,30217,52242,Medium,0
2432,Dec,Finance,8,38675,88,23,3,25,4073,1258,52242,47687,Medium,0
2433,Oct,Operations,1,27150,81,23,5,3,2365,2550,47687,27633,High,1
2434,Aug,Finance,8,21034,91,26,3,25,3370,2655,27633,27937,Low,0
2435,May,IT,4,25063,87,22,3,13,4420,1739,27937,31552,Medium,0
2436,May,Operations,6,24338,96,21,1,34,3581,1155,31552,35527,Low,0
2437,Apr,Sales,4,22468,87,25,4,1,6342,2390,35527,25960,Medium,0
2438,Dec,Finance,1,41403,96,24,1,6,2952,1043,25960,45421,Low,0
2439,May,Operations,8,21650,98,23,1,33,5627,1534,45421,33284,Low,0
2440,Apr,Operations,1,28921,99,24,1,2,7063,2455,33284,34582,Low,0
2441,Nov,Finance,7,37203,97,20,1,24,2019,1875,34582,43841,Low,0
2442,Feb,IT,2,26242,86,21,3,22,2324,54,43841,34102,Medium,0
2443,Apr,Finance,9,20055,96,26,2,30,5208,1647,34102,30888,Low,0
2444,May,Operations,0,23208,94,22,2,40,7662,450,30888,39985,Low,1
2445,Jun,Sales,6,44644,83,22,4,19,4029,49,39985,52885,High,0
2446,Mar,IT,6,40290,90,23,3,13,6896,154,52885,50741,Low,0
2447,Oct,IT,7,38327,81,26,5,33,7250,2845,50741,50662,High,1
2448,Jun,Finance,4,24177,87,24,4,23,2249,191,50662,31921,Medium,0
2449,May,Sales,14,43177,90,26,3,22,3655,1718,31921,50354,Low,0
2450,Oct,HR,9,45662,97,22,1,18,2523,591,50354,51651,Low,0
2451,Mar,Finance,0,32958,100,26,0,10,4337,923,51651,39334,Low,0
2452,Jul,HR,12,32815,83,21,4,6,5203,1802,39334,38256,High,0
2453,Nov,Sales,10,48714,100,22,0,31,6444,1262,38256,61466,Low,0
2454,May,HR,13,31260,91,20,2,11,1858,2126,61466,33592,Low,0
2455,Dec,Finance,6,28962,82,23,5,30,2946,2801,33592,37025,High,1
2456,Feb,Sales,13,40047,95,24,2,15,3198,2889,37025,44452,Low,0
2457,May,IT,5,41158,95,22,2,32,7388,311,44452,55547,Low,0
2458,Mar,Sales,0,19553,92,20,2,15,1466,2002,55547,23536,Low,0
2459,Mar,HR,10,24957,81,22,5,10,2859,2819,23536,28092,High,1
2460,Feb,IT,15,29939,92,25,2,9,1621,1730,28092,31885,Low,0
2461,Jan,HR,10,28810,98,24,1,35,7946,1995,31885,43621,Low,0
2462,Jun,IT,15,30064,90,23,3,27,1148,2613,43621,35471,Low,0
2463,Dec,HR,12,47115,99,20,1,21,5893,747,35471,57766,Low,0
2464,Aug,Finance,11,35037,85,24,4,24,2819,426,57766,43121,Medium,0
2465,Nov,Operations,8,32779,83,23,4,7,4944,936,43121,38495,High,0
2466,Nov,Finance,0,45363,97,23,1,20,216,1744,38495,48246,Low,0
2467,Jan,Finance,15,23881,98,24,1,29,3776,2565,48246,32503,Low,0
2468,Jun,Operations,5,23870,97,23,1,8,2517,1001,32503,27853,Low,0
2469,Nov,HR,14,31383,85,25,4,0,7248,2019,27853,37114,Medium,0
2470,Dec,IT,15,18294,81,24,5,27,5305,646,37114,30249,High,1
2471,Jul,HR,15,23687,98,24,1,20,7870,2416,30249,33724,Low,0
2472,Oct,Sales,14,18034,93,24,2,35,7580,11,33724,34615,Low,0
2473,Jan,Finance,0,35596,90,26,3,24,6200,245,34615,47283,Low,0
2474,Oct,HR,15,40196,83,25,5,28,4824,378,47283,51248,High,0
2475,Dec,IT,7,24663,90,24,3,3,5728,456,51248,31126,Low,0
2476,Nov,Finance,3,21450,100,25,0,17,3283,649,31126,28988,Low,0
2477,May,HR,0,49641,90,20,2,40,3907,1596,28988,62343,Low,1
2478,Jan,Finance,2,35559,86,25,4,34,367,328,62343,44189,Medium,0
2479,Dec,Sales,5,42911,95,23,2,18,7399,82,44189,55239,Low,0
2480,May,Sales,15,18088,97,24,1,34,6788,1175,55239,31777,Low,0
2481,Apr,Finance,9,39111,87,22,3,25,1382,2950,31777,43415,Medium,0
2482,May,Sales,4,49976,81,24,5,25,3014,2279,43415,56614,High,1
2483,Nov,IT,0,25386,83,21,4,30,4994,1866,56614,36173,High,0
2484,Feb,IT,13,48511,96,23,1,40,532,307,36173,58682,Low,1
2485,Nov,Sales,4,40728,80,20,4,32,3944,968,58682,52037,High,1
2486,Sep,HR,12,35570,85,23,4,5,7210,1175,52037,43021,Medium,0
2487,Sep,Finance,6,18874,92,20,2,40,2990,129,43021,31671,Low,1
2488,Sep,Finance,4,27324,99,21,1,21,1462,1687,31671,32812,Low,0
2489,Oct,IT,6,22985,93,21,2,37,602,1401,32812,31193,Low,1
2490,Dec,Operations,2,40079,97,26,1,15,2220,1561,31193,44590,Low,0
2491,Aug,IT,13,23302,91,22,2,40,6840,378,44590,40070,Low,1
2492,Mar,Operations,10,43521,81,25,5,2,2620,2272,40070,43714,High,1
2493,Jun,Sales,2,22576,91,20,2,35,2674,1778,43714,31748,Low,0
2494,Jan,IT,8,34640,100,24,0,6,5711,24,31748,41931,Low,0
2495,Oct,IT,0,47049,96,20,1,24,6998,2167,41931,57381,Low,0
2496,Apr,HR,7,44884,90,21,3,38,3523,1437,57381,55755,Low,1
2497,May,HR,11,31512,99,20,1,23,5145,1373,55755,40243,Low,0
2498,Jun,Operations,12,36654,90,23,3,15,6536,8,40243,47318,Low,0
2499,Sep,Finance,9,49870,86,25,4,16,5275,1581,47318,57884,Medium,0
2500,Dec,Operations,4,47986,96,21,1,31,6359,2189,57884,59438,Low,0
2501,Jan,IT,15,31384,86,20,3,37,1688,1796,59438,40029,Medium,1
2502,Nov,Operations,2,23944,93,20,2,27,6258,1363,40029,35019,Low,0
2503,Dec,IT,14,28857,95,22,2,25,4574,2163,35019,38189,Low,0
2504,Oct,Operations,15,31930,99,20,1,37,5579,1444,38189,45279,Low,1
2505,Dec,Sales,11,40520,95,21,2,12,3651,2468,45279,45467,Low,0
2506,Nov,Sales,3,41347,86,21,3,39,1285,2192,45467,49951,Medium,1
2507,May,Operations,4,26943,100,24,0,31,7306,2450,49951,39487,Low,0
2508,Sep,IT,6,43235,91,20,2,36,203,1071,39487,51589,Low,1
2509,Dec,Sales,9,40555,96,24,1,33,7988,2561,51589,54705,Low,0
2510,Nov,IT,12,34864,83,20,4,19,2127,2770,54705,38226,High,0
2511,Oct,Sales,6,30402,100,23,0,33,1753,2646,38226,38475,Low,0
2512,Nov,Finance,10,21721,81,25,5,16,817,1603,38475,25078,High,1
2513,Aug,Operations,14,42221,82,24,5,9,5225,1410,25078,48933,High,1
2514,Jan,IT,2,29669,93,26,2,5,4817,1086,48933,34375,Low,0
2515,Dec,IT,7,22470,91,23,3,35,3856,1576,34375,32746,Low,0
2516,Jan,IT,1,23404,95,26,2,5,3440,642,32746,28182,Low,0
2517,Feb,Finance,3,33082,98,23,1,32,5375,1925,28182,44988,Low,0
2518,Jun,Sales,4,20240,93,24,2,14,7713,2071,44988,29723,Low,0
2519,Apr,HR,14,27320,81,25,5,21,3278,495,29723,34689,High,1
2520,Feb,IT,4,46099,94,22,2,10,3221,2362,34689,49189,Low,0
2521,Jan,Sales,5,31127,91,26,3,37,36,2344,49189,38683,Low,1
2522,Aug,Sales,9,45572,87,26,4,29,5726,1682,38683,57278,Medium,0
2523,Jun,HR,5,49028,80,26,6,1,1405,596,57278,49686,High,1
2524,Apr,Sales,2,19031,90,24,3,34,7328,1519,49686,33277,Low,0
2525,Dec,HR,8,30140,100,23,0,34,3342,2405,33277,38949,Low,0
2526,Jan,IT,7,39496,89,26,3,33,7409,1273,38949,53850,Medium,0
2527,Aug,IT,11,21379,91,23,3,36,7002,2561,53850,34151,Low,1
2528,Dec,Operations,3,20950,91,20,2,40,1993,2918,34151,30716,Low,1
2529,Dec,IT,8,29302,98,22,1,27,2731,2759,30716,35677,Low,0
2530,Aug,Finance,1,20225,88,22,3,14,344,2102,35677,22580,Medium,0
2531,Nov,IT,15,47702,89,23,3,25,5755,1623,22580,58215,Medium,0
2532,Oct,HR,0,45910,89,24,3,6,927,1445,58215,46154,Medium,0
2533,Sep,HR,1,43302,95,22,2,32,4626,2438,46154,53864,Low,0
2534,Aug,Operations,6,19112,94,23,2,39,1658,2503,53864,27660,Low,1
2535,Feb,IT,1,48148,97,21,1,11,277,1260,27660,50338,Low,0
2536,Feb,Operations,15,20727,89,24,3,36,1560,673,50338,30749,Medium,1
2537,Aug,Operations,15,38796,88,25,3,12,3701,1906,30749,43121,Medium,0
2538,Mar,IT,14,30893,86,21,3,33,3115,1140,43121,40567,Medium,0
2539,Mar,HR,5,35015,99,25,1,4,5557,1830,40567,39474,Low,0
2540,May,HR,5,44029,97,20,1,30,5250,1677,39474,54935,Low,0
2541,May,Finance,4,24946,95,26,2,8,961,526,54935,28048,Low,0
2542,Dec,HR,4,31068,89,22,3,15,5304,1041,28048,39503,Medium,0
2543,Jan,HR,0,39245,84,25,4,18,5899,534,39503,48339,High,0
2544,Oct,Finance,12,49729,93,21,2,28,2994,2437,48339,57454,Low,0
2545,Oct,IT,0,26199,90,26,3,29,623,1838,57454,32208,Low,0
2546,Feb,IT,13,25826,95,21,2,33,3879,854,32208,36471,Low,0
2547,Feb,HR,13,24075,93,22,2,36,5560,2737,36471,35977,Low,1
2548,Mar,Sales,9,37178,92,22,2,9,1939,2682,35977,38476,Low,0
2549,Jul,Operations,9,36901,98,21,1,29,3675,2077,38476,45531,Low,0
2550,Apr,Sales,8,44668,87,24,4,4,7177,1526,45531,50844,Medium,0
2551,Mar,Sales,8,43259,94,23,2,17,7829,2453,50844,52791,Low,0
2552,Apr,Finance,2,37647,91,20,2,24,4283,497,52791,47857,Low,0
2553,May,HR,13,30296,97,26,1,20,2096,1771,47857,35463,Low,0
2554,Aug,Operations,5,33299,84,22,4,25,3331,1788,35463,40875,High,0
2555,Mar,HR,9,39932,86,22,4,0,7484,1881,40875,46129,Medium,0
2556,Aug,Operations,5,20300,80,26,6,40,7152,266,46129,37797,High,1
2557,May,HR,3,32070,82,20,4,11,944,832,37797,34358,High,1
2558,Apr,HR,5,36699,91,22,2,7,5733,2494,34358,41773,Low,0
2559,May,HR,4,24301,92,20,2,5,2941,1156,41773,27668,Low,0
2560,Dec,Sales,13,34349,89,22,3,5,4727,1651,27668,38199,Medium,0
2561,Jul,HR,9,34086,85,26,4,5,1141,1892,38199,34521,Medium,0
2562,Jul,HR,1,19659,89,26,3,36,2709,2050,34521,29983,Medium,1
2563,Nov,IT,7,43368,89,26,3,22,2295,589,29983,50002,Medium,0
2564,May,IT,12,45388,89,26,3,30,5969,1952,50002,57218,Medium,0
2565,Mar,IT,3,48280,90,26,3,36,4152,2557,57218,59648,Low,1
2566,Mar,Finance,14,22540,85,24,4,24,6131,1382,59648,32765,Medium,0
2567,Mar,Operations,2,37999,86,21,3,33,4631,1836,32765,48996,Medium,0
2568,Oct,Operations,15,29519,97,22,1,7,4494,217,48996,35577,Low,0
2569,Jun,Sales,9,19106,87,25,4,13,6845,2893,35577,25519,Medium,0
2570,Dec,HR,6,39964,92,21,2,2,642,97,25519,41005,Low,0
2571,Sep,HR,10,26508,81,26,5,11,5723,1415,41005,33451,High,1
2572,Jan,HR,15,18542,85,25,4,3,6524,2556,33451,23898,Medium,0
2573,Apr,IT,13,48485,81,20,4,28,868,457,23898,55882,High,1
2574,May,IT,1,46196,96,25,1,11,7666,870,55882,55254,Low,0
2575,Apr,Operations,7,21970,95,22,2,35,5849,303,55254,36403,Low,0
2576,May,Sales,12,25253,95,25,2,35,4014,2866,36403,35282,Low,0
2577,Apr,Operations,9,30055,81,22,5,30,3776,2420,35282,38426,High,1
2578,Aug,HR,1,34055,96,26,2,22,4807,1968,38426,42204,Low,0
2579,May,IT,15,27796,99,21,1,19,6589,1733,42204,36701,Low,0
2580,Nov,Finance,9,32858,99,22,1,34,414,1172,36701,40460,Low,0
2581,Feb,HR,14,45734,91,20,2,32,5622,2530,40460,57384,Low,0
2582,Mar,Finance,8,49819,97,20,1,14,5158,2098,57384,56931,Low,0
2583,Jul,HR,13,35135,85,26,4,40,2108,2719,56931,44757,Medium,1
2584,Jul,IT,4,28182,100,23,0,1,6759,616,44757,34080,Low,0
2585,Jun,Finance,4,41364,82,21,4,13,1885,2709,34080,43269,High,1
2586,Aug,HR,13,36214,87,23,3,24,7150,915,43269,48844,Medium,0
2587,Jul,Operations,10,32548,83,25,5,30,2924,1706,48844,41839,High,0
2588,Feb,Finance,5,28527,80,21,5,1,2578,2872,41839,28075,High,1
2589,Dec,HR,1,35349,93,20,2,9,308,2647,28075,35815,Low,0
2590,Sep,Finance,0,43042,80,23,5,29,5587,2812,35815,53677,High,1
2591,Nov,HR,3,43578,100,24,0,15,2931,2515,53677,48246,Low,0
2592,May,HR,2,33487,100,22,0,4,2886,638,48246,37281,Low,0
2593,Sep,IT,6,35651,80,25,5,1,4502,197,37281,39624,High,1
2594,Dec,Sales,5,34295,99,20,1,40,2769,963,39624,45388,Low,1
2595,Aug,Sales,2,46205,84,21,4,15,3065,2764,45388,49511,High,0
2596,Sep,Operations,13,49216,88,24,3,7,6724,682,49511,56360,Medium,0
2597,Dec,Sales,11,18894,93,22,2,21,5199,2272,56360,27545,Low,0
2598,Oct,Sales,2,38468,91,21,2,27,7334,2617,27545,50256,Low,0
2599,Dec,HR,4,44423,89,20,3,4,1517,410,50256,46856,Medium,0
2600,Dec,IT,3,31959,95,24,2,2,3237,2909,46856,32692,Low,0
2601,Feb,Operations,5,30174,82,20,4,27,6809,1097,32692,42133,High,1
2602,Aug,Sales,9,42569,91,24,3,14,7956,1624,42133,53134,Low,0
2603,Mar,Sales,14,41683,97,24,1,3,7450,1854,53134,48587,Low,0
2604,Nov,IT,11,19754,90,24,3,4,6615,2192,48587,25045,Low,0
2605,Nov,HR,12,18062,97,20,1,14,7147,1022,25045,27038,Low,0
2606,Jan,Operations,11,43015,99,21,1,24,351,362,27038,48230,Low,0
2607,Jun,Operations,13,42389,82,25,5,14,4851,220,48230,51247,High,1
2608,Nov,Finance,3,38969,94,20,2,8,5602,1926,51247,44398,Low,0
2609,Sep,HR,0,23085,90,22,3,11,5117,452,44398,29729,Low,0
2610,Dec,Operations,10,34951,100,20,0,11,5177,1841,29729,40720,Low,0
2611,Feb,HR,1,38885,90,22,3,4,5980,157,40720,46148,Low,0
2612,Nov,HR,9,40922,100,21,0,24,7756,94,46148,54539,Low,0
2613,May,Operations,10,32961,95,22,2,34,20,144,54539,40978,Low,0
2614,Sep,HR,4,49199,86,20,3,20,3306,1183,40978,56703,Medium,0
2615,Mar,IT,1,26693,86,21,3,18,5346,1209,56703,35198,Medium,0
2616,Jun,Finance,5,30984,95,26,2,1,1165,1883,35198,30127,Low,0
2617,Oct,Operations,15,47972,89,21,3,31,5924,964,30127,60077,Medium,0
2618,Jul,Finance,12,45205,96,22,1,7,5395,2596,60077,50245,Low,0
2619,Jul,Sales,2,33721,98,26,1,4,4959,1133,50245,39105,Low,0
2620,Aug,Sales,13,47788,100,24,0,3,667,702,39105,48142,Low,0
2621,Jun,HR,8,46445,83,20,4,37,7500,1746,48142,61335,High,1
2622,Apr,IT,8,20112,99,26,1,1,31,326,61335,19800,Low,0
2623,Mar,IT,15,48154,84,23,4,2,7120,2404,19800,53579,High,0
2624,Oct,Finance,0,42588,90,23,3,32,1205,2493,53579,49829,Low,0
2625,Oct,Sales,15,36584,95,20,1,20,4106,1294,49829,44860,Low,0
2626,Feb,IT,14,32802,89,26,3,14,4384,2368,44860,38373,Medium,0
2627,Sep,Sales,0,34445,81,21,4,26,1902,2171,38373,40880,High,1
2628,May,Sales,8,49649,86,20,3,5,164,2572,40880,47753,Medium,0
2629,Mar,Sales,14,45968,90,26,3,17,1016,1437,47753,49220,Low,0
2630,Oct,HR,9,24424,97,26,1,14,1649,2133,49220,28215,Low,0
2631,Sep,Finance,7,33889,80,21,5,24,1051,1202,28215,40079,High,1
2632,Nov,Finance,10,37379,82,24,5,18,959,1290,40079,42003,High,1
2633,Jan,Finance,9,44023,89,24,3,21,6239,2365,42003,52923,Medium,0
2634,Nov,HR,2,46825,99,22,1,34,666,1633,52923,54155,Low,0
2635,Aug,Finance,0,28672,83,23,4,11,4714,137,54155,35759,High,0
2636,Aug,Operations,10,27783,84,22,4,30,3366,2468,35759,36973,High,0
2637,Mar,IT,13,30647,80,26,6,24,3602,582,36973,39133,High,1
2638,Oct,Sales,0,47116,80,20,4,21,4842,2984,39133,54900,High,1
2639,Sep,Finance,10,36966,84,23,4,13,7503,1367,54900,45690,High,0
2640,Jun,HR,14,46978,81,24,5,24,7522,1668,45690,59566,High,1
2641,Dec,HR,1,34396,98,20,1,23,1691,1810,59566,40794,Low,0
2642,Dec,HR,14,18784,84,21,4,19,3881,313,40794,27731,High,0
2643,Oct,IT,7,33318,99,24,1,1,611,1287,27731,32695,Low,0
2644,Nov,HR,10,31340,96,22,1,37,6254,2576,32695,43574,Low,1
2645,Jul,Finance,14,34533,99,21,1,24,5157,1032,43574,45442,Low,0
2646,Jan,Operations,3,31133,82,26,5,7,3205,81,45442,35535,High,1
2647,Mar,Sales,0,27033,91,20,2,29,6428,696,35535,39997,Low,0
2648,Aug,Sales,10,46713,86,24,4,23,4610,783,39997,56071,Medium,0
2649,Oct,Finance,15,33799,86,22,4,28,3857,720,56071,43372,Medium,0
2650,Jun,IT,14,48843,100,23,0,0,6484,1755,43372,53176,Low,0
2651,Jul,Sales,8,43254,97,26,1,0,1241,697,53176,43831,Low,0
2652,May,Sales,0,38722,80,23,5,10,7740,476,43831,48432,High,1
2653,Nov,Operations,15,19009,83,22,4,21,5159,1174,48432,28424,High,0
2654,Oct,Operations,7,23923,83,25,5,40,6578,2320,28424,37487,High,1
2655,Nov,IT,0,24722,94,23,2,12,7782,1469,37487,34712,Low,0
2656,Oct,HR,12,28100,82,20,4,32,3222,227,34712,39271,High,1
2657,Dec,Operations,14,22334,82,22,4,6,2782,2605,39271,23362,High,1
2658,Sep,Sales,14,34483,97,25,1,25,5234,1004,23362,44669,Low,0
2659,Dec,Sales,13,39341,87,24,4,28,1048,1396,44669,45461,Medium,0
2660,Mar,Operations,5,44241,81,24,5,14,75,1588,45461,46020,High,1
2661,Nov,IT,14,49559,95,22,2,5,2369,786,46020,51681,Low,0
2662,Nov,IT,7,30032,84,23,4,1,7887,1697,51681,36250,High,0
2663,Nov,Operations,5,33712,98,20,1,35,176,2424,36250,40574,Low,0
2664,Oct,IT,3,25371,97,25,1,18,7000,955,40574,35386,Low,0
2665,May,HR,8,23697,99,25,1,26,4010,94,35386,34563,Low,0
2666,Feb,Finance,11,23107,83,21,4,35,5420,299,34563,36365,High,0
2667,Oct,Finance,3,28473,95,23,2,30,4538,828,36365,39042,Low,0
2668,Jun,Sales,3,46648,97,25,1,23,5673,1812,39042,56399,Low,0
2669,Apr,Operations,3,38229,95,25,2,19,959,1330,56399,42647,Low,0
2670,Jul,IT,12,27732,95,25,2,10,2724,496,42647,32715,Low,0
2671,Oct,Finance,5,48705,97,20,1,11,6089,1162,32715,56224,Low,0
2672,Mar,Sales,6,46039,95,21,2,20,5857,2408,56224,54054,Low,0
2673,Feb,Sales,9,21107,91,20,2,21,419,763,54054,26405,Low,0
2674,Jul,HR,10,37539,98,21,1,8,5714,1081,26405,43546,Low,0
2675,Mar,Finance,10,25295,100,22,0,28,7245,1303,43546,38837,Low,0
2676,Jan,Operations,1,40019,93,25,2,5,685,2216,38837,39631,Low,0
2677,Feb,Finance,4,39677,83,25,5,14,7048,2343,39631,47130,High,0
2678,Oct,Finance,10,35329,90,25,3,8,1522,472,47130,38126,Low,0
2679,May,HR,9,29503,83,20,4,20,6541,2296,38126,39506,High,0
2680,Oct,HR,14,26498,91,25,3,25,6239,444,39506,38016,Low,0
2681,Oct,Operations,14,28375,83,26,5,29,310,318,38016,35193,High,0
2682,Oct,HR,3,44206,92,22,2,6,4465,1118,35193,49726,Low,0
2683,Sep,Finance,8,24865,83,25,5,38,6167,1044,49726,39292,High,1
2684,Jul,Sales,4,29561,98,24,1,19,2494,113,39292,37466,Low,0
2685,Aug,HR,11,22506,98,23,1,14,378,722,37466,25075,Low,0
2686,Oct,HR,11,21673,98,24,1,11,4020,2787,25075,26389,Low,0
2687,Sep,Sales,7,46822,89,24,3,31,6476,1050,26389,60639,Medium,0
2688,Apr,Finance,13,34768,89,20,3,16,1057,66,60639,40515,Medium,0
2689,Oct,HR,13,18425,90,22,3,23,3471,2,40515,27743,Low,0
2690,Apr,Sales,15,28483,90,24,3,31,1239,1538,27743,35922,Low,0
2691,Apr,Sales,7,27614,81,20,4,32,7943,805,35922,42523,High,1
2692,Sep,IT,5,36245,89,21,3,30,7035,220,42523,51333,Medium,0
2693,Aug,IT,12,28708,100,25,0,15,4348,1644,51333,35821,Low,0
2694,Oct,IT,4,21430,80,23,5,30,4452,1729,35821,30870,High,1
2695,Mar,Finance,9,49953,99,23,1,25,6564,174,30870,62960,Low,0
2696,Dec,HR,2,18316,84,20,4,9,465,2517,62960,18662,High,0
2697,Nov,HR,11,43839,89,23,3,7,5815,1261,18662,49930,Medium,0
2698,Nov,Finance,6,44014,91,24,3,29,6268,1401,49930,56186,Low,0
2699,Nov,Operations,0,25624,98,26,1,28,911,1774,56186,30993,Low,0
2700,Mar,Operations,15,26148,85,20,3,27,1337,1178,30993,32377,Medium,0
2701,Aug,Operations,15,47774,83,23,4,22,7685,262,32377,60812,High,0
2702,Jul,Finance,9,31740,83,23,4,10,309,2376,60812,32229,High,0
2703,Nov,Finance,8,41926,92,20,2,3,322,1599,32229,41743,Low,0
2704,Jan,Sales,5,48608,88,25,3,15,7859,2312,41743,58421,Medium,0
2705,Sep,HR,0,40566,90,24,3,29,3109,2212,58421,48422,Low,0
2706,May,Operations,10,24798,97,24,1,4,2175,2132,48422,26599,Low,0
2707,May,IT,12,48239,99,26,1,10,7765,2341,26599,56054,Low,0
2708,Feb,IT,3,28854,80,20,4,22,5014,1325,56054,37704,High,1
2709,May,IT,7,45085,96,21,1,23,7575,2220,37704,56919,Low,0
2710,Sep,IT,5,35897,97,25,1,13,7135,2182,56919,43550,Low,0
2711,Dec,HR,1,26390,83,23,4,11,1516,158,43550,31082,High,0
2712,Mar,Sales,6,27191,90,20,2,27,6422,2029,31082,39098,Low,0
2713,Mar,IT,1,37023,90,21,3,19,51,972,39098,41433,Low,0
2714,May,Sales,3,44405,92,23,2,23,4081,1214,41433,53090,Low,0
2715,Jun,IT,10,24750,98,23,1,33,2044,1381,53090,33806,Low,0
2716,Mar,Sales,11,39660,83,23,4,20,1118,66,33806,45739,High,0
2717,Jun,Sales,2,35154,88,25,3,3,2201,2057,45739,36823,Medium,0
2718,Jan,IT,3,46376,84,24,4,8,719,1600,36823,47908,High,0
2719,Oct,Sales,2,21287,87,24,4,25,1216,1313,47908,27549,Medium,0
2720,Jan,HR,3,20730,92,25,2,20,6350,34,27549,32551,Low,0
2721,Jul,IT,15,19074,98,23,1,17,3864,668,32551,26086,Low,0
2722,Aug,Operations,6,25567,91,23,3,33,5354,1770,26086,37583,Low,0
2723,Apr,Sales,4,45289,82,21,4,12,3998,735,37583,51918,High,1
2724,Sep,HR,1,49783,96,24,1,31,91,2944,51918,54266,Low,0
2725,Mar,Sales,2,48367,96,23,1,23,7523,1976,54266,59439,Low,0
2726,Jun,HR,0,18100,90,23,3,14,2452,125,59439,24471,Low,0
2727,Dec,HR,0,41257,87,23,3,27,6900,498,24471,53684,Medium,0
2728,Aug,HR,8,27691,85,21,4,12,4819,1775,53684,34142,Medium,0
2729,Jul,Operations,15,27749,80,21,5,25,2632,684,34142,35981,High,1
2730,Oct,IT,5,19295,99,22,1,6,3110,2045,35981,21245,Low,0
2731,Apr,Sales,14,41286,94,24,2,26,4390,2857,21245,48640,Low,0
2732,Mar,HR,2,35965,100,23,0,24,459,406,48640,42361,Low,0
2733,Mar,Operations,12,20351,84,24,4,33,3174,1600,42361,30646,High,0
2734,Aug,HR,1,20017,98,25,1,26,4703,2779,30646,28079,Low,0
2735,May,Operations,9,33412,100,26,0,6,3690,771,28079,38607,Low,0
2736,Jan,Finance,15,46598,82,20,4,15,3575,1235,38607,52063,High,1
2737,Jan,Operations,5,30151,84,23,4,33,4628,247,52063,43580,High,0
2738,Nov,Sales,15,34370,82,22,4,34,0,1856,43580,40490,High,1
2739,Jul,Operations,9,27772,95,22,2,9,365,2758,40490,27069,Low,0
2740,Nov,Sales,9,19231,89,21,3,24,3754,994,27069,27963,Medium,0
2741,Dec,Operations,6,41387,83,22,4,29,5575,1772,27963,52370,High,0
2742,Mar,Sales,8,32889,97,26,1,18,1185,128,52370,38000,Low,0
2743,Jun,Sales,5,21798,81,26,5,12,6811,2303,38000,29359,High,1
2744,Feb,IT,0,47574,90,26,3,4,1813,2675,29359,47368,Low,0
2745,Apr,Operations,3,48469,86,22,4,11,6125,217,47368,57153,Medium,0
2746,Apr,Finance,7,29292,96,26,2,30,3362,1834,57153,37862,Low,0
2747,Mar,IT,0,33904,86,20,3,21,3843,1195,37862,42128,Medium,0
2748,May,Operations,7,39072,95,23,2,20,7077,2087,42128,48478,Low,0
2749,May,Operations,10,32090,84,26,5,33,7569,1007,48478,46537,High,0
2750,Jan,IT,14,37245,100,22,0,15,4655,2981,46537,43456,Low,0
2751,Oct,HR,9,28734,88,22,3,14,2296,2327,43456,31439,Medium,0
2752,Sep,Finance,6,44000,86,20,3,19,3538,706,31439,51409,Medium,0
2753,Dec,Sales,10,31429,89,20,3,17,3974,15,51409,39784,Medium,0
2754,Feb,IT,6,47383,92,25,2,32,949,538,39784,55911,Low,0
2755,Oct,HR,1,32513,81,26,5,15,1262,1911,55911,35307,High,1
2756,Aug,HR,7,37448,85,24,4,31,6525,2804,35307,49045,Medium,0
2757,Jan,Operations,4,28663,93,25,2,32,1559,371,49045,38129,Low,0
2758,Apr,Operations,1,27106,98,20,1,35,3415,2634,38129,37167,Low,0
2759,Nov,IT,2,36837,90,20,2,17,6847,2591,37167,45599,Low,0
2760,Dec,Finance,4,18509,88,25,3,34,4172,1816,45599,30063,Medium,0
2761,Jul,HR,6,26803,93,21,2,11,4726,831,30063,33627,Low,0
2762,Feb,Finance,11,40680,81,21,4,13,2866,2278,33627,44525,High,1
2763,Oct,IT,7,34178,83,20,4,3,493,1347,44525,33582,High,0
2764,Jun,Operations,15,40724,87,22,3,18,5651,111,33582,51008,Medium,0
2765,Feb,IT,3,24597,80,20,4,21,518,1909,51008,28834,High,1
2766,Aug,Sales,10,47984,97,24,1,37,7436,2955,28834,61038,Low,1
2767,Apr,IT,14,36455,89,24,3,22,7308,2333,61038,46205,Medium,0
2768,Aug,HR,5,25124,88,25,3,5,4029,876,46205,29814,Medium,0
2769,Apr,Operations,9,29890,90,25,3,23,7641,627,29814,42984,Low,0
2770,Jul,Finance,6,33043,83,20,4,30,1989,283,42984,41650,High,0
2771,Aug,Operations,4,38361,95,22,2,8,1445,996,41650,41469,Low,0
2772,Jan,IT,5,42993,100,21,0,4,2510,1633,41469,45226,Low,0
2773,Mar,Finance,4,30130,81,26,5,36,2482,1043,45226,41190,High,1
2774,Mar,Sales,2,24340,94,23,2,8,1859,2294,41190,25321,Low,0
2775,Nov,IT,4,33978,99,20,1,2,6606,1012,25321,40365,Low,0
2776,Feb,Finance,15,21575,85,26,4,7,2583,2266,40365,23505,Medium,0
2777,Sep,IT,4,35712,82,21,4,16,6576,348,23505,46184,High,1
2778,Sep,Operations,4,34659,93,21,2,27,826,2106,46184,40339,Low,0
2779,Nov,Operations,4,41871,80,24,5,24,3450,2862,40339,48087,High,1
2780,Sep,Sales,4,43898,86,25,4,36,7676,2875,48087,57094,Medium,1
2781,Feb,HR,2,38500,96,22,1,38,6322,799,57094,52863,Low,1
2782,Jun,Operations,7,23664,99,21,1,17,6472,136,52863,34941,Low,0
2783,Jan,Finance,7,37421,84,26,5,10,5015,364,34941,43965,High,0
2784,Jan,HR,12,43280,84,20,4,1,3787,134,43965,47300,High,0
2785,Aug,IT,6,27709,88,23,3,39,4975,1635,47300,40851,Medium,1
2786,Aug,IT,11,29065,99,25,1,27,7906,1231,40851,42269,Low,0
2787,Apr,Operations,10,32967,81,23,5,31,3780,2056,42269,42682,High,1
2788,Dec,Operations,9,24196,84,26,5,4,3592,1894,42682,26378,High,0
2789,Oct,Sales,11,42647,100,22,0,24,6234,2878,26378,51655,Low,0
2790,Oct,Finance,2,48098,86,20,3,18,218,2238,51655,49913,Medium,0
2791,Jul,Finance,1,24146,99,20,1,3,35,343,49913,24767,Low,0
2792,Oct,IT,4,19941,80,25,5,28,6862,2045,24767,31397,High,1
2793,Feb,IT,8,46632,83,23,4,2,4876,2788,31397,48634,High,0
2794,May,Finance,11,34736,95,22,2,24,6348,1837,48634,44481,Low,0
2795,Sep,Sales,14,38122,93,21,2,28,3476,1193,44481,47381,Low,0
2796,Nov,Sales,15,27232,90,26,3,4,2851,931,47381,30379,Low,0
2797,Sep,HR,9,35767,82,24,5,32,4125,1131,30379,47456,High,1
2798,May,IT,5,24699,82,24,5,7,3489,1309,47456,28993,High,1
2799,Jul,Finance,5,33565,89,21,3,11,4053,89,28993,39515,Medium,0
2800,Jun,HR,3,30866,98,21,1,11,1210,550,39515,33512,Low,0
2801,Aug,Finance,0,45312,86,26,4,33,2572,1325,33512,54419,Medium,0
2802,Jun,Operations,1,38146,87,24,4,23,6474,507,54419,50457,Medium,0
2803,May,Finance,13,30415,83,26,5,14,2079,1429,50457,34262,High,0
2804,Jan,IT,11,32419,100,20,0,29,1275,1302,34262,39317,Low,0
2805,Jul,Operations,10,28031,91,26,3,29,2623,2949,39317,35114,Low,0
2806,Jul,Sales,3,45730,95,25,2,5,217,402,35114,46667,Low,0
2807,Oct,Operations,1,19267,100,21,0,2,2893,1938,46667,20605,Low,0
2808,Jun,HR,1,18075,89,24,3,20,6801,1343,20605,28456,Medium,0
2809,Oct,IT,13,30688,84,20,4,11,3538,427,28456,35947,High,0
2810,Apr,Finance,15,41689,85,21,4,13,3335,2846,35947,45204,Medium,0
2811,May,Finance,8,33193,93,26,2,21,5401,2966,45204,40953,Low,0
2812,Dec,HR,3,23733,90,24,3,11,6237,1154,40953,31766,Low,0
2813,Mar,Operations,14,43467,83,20,4,32,4318,1836,31766,53354,High,0
2814,Jun,Sales,3,31470,84,20,4,40,5474,501,53354,47089,High,1
2815,Aug,Sales,13,26812,91,23,3,26,50,2482,47089,30495,Low,0
2816,Jan,Operations,1,40621,93,24,2,28,1752,925,30495,49040,Low,0
2817,Aug,IT,12,28435,82,21,4,29,2834,234,49040,38582,High,1
2818,Nov,HR,3,44937,84,25,4,24,1491,106,38582,52186,High,0
2819,Jul,Operations,7,28534,80,20,4,32,2063,295,52186,38250,High,1
2820,Sep,Operations,7,42556,92,21,2,19,4255,2982,38250,47955,Low,0
2821,Nov,Sales,12,20852,93,22,2,3,4337,348,47955,25581,Low,0
2822,May,IT,1,26672,98,21,1,5,7534,546,25581,34409,Low,0
2823,Mar,IT,14,35045,84,20,4,0,1213,1528,34409,34476,High,0
2824,Jan,IT,0,39295,89,24,3,0,2137,321,34476,40899,Medium,0
2825,Jun,Operations,13,32710,99,22,1,11,6106,2481,40899,38633,Low,0
2826,Nov,Operations,1,41871,100,25,0,4,4932,1480,38633,45947,Low,0
2827,Feb,Sales,5,47709,94,25,2,25,5222,1987,45947,57425,Low,0
2828,Jun,Sales,12,27714,95,22,2,39,5033,2908,57425,39774,Low,1
2829,Jan,Finance,0,48201,91,20,2,7,5484,239,39774,54986,Low,0
2830,May,Sales,9,20509,96,22,1,36,6373,1121,54986,35224,Low,1
2831,Oct,HR,14,18977,88,26,4,32,746,2948,35224,24943,Medium,0
2832,Mar,IT,2,45464,85,26,4,25,394,2457,24943,49507,Medium,0
2833,Sep,HR,12,46794,97,25,1,28,7293,841,49507,59540,Low,0
2834,Jun,Operations,4,35655,90,24,3,40,7101,1216,59540,51186,Low,1
2835,Oct,HR,10,19346,98,20,1,4,350,528,51186,20321,Low,0
2836,Aug,Sales,5,46934,84,24,4,39,7547,2623,20321,62210,High,1
2837,Jul,Sales,12,28074,82,24,5,3,433,2614,62210,26614,High,1
2838,Dec,Sales,7,20529,93,23,2,33,6007,1709,26614,32709,Low,0
2839,Jan,HR,13,18707,88,25,3,2,1783,619,32709,19759,Medium,0
2840,Nov,HR,13,30624,98,23,1,10,4421,933,19759,36100,Low,0
2841,Nov,IT,7,20870,86,21,3,2,4606,1040,36100,24644,Medium,0
2842,Oct,Finance,4,47628,100,26,0,10,2024,5,24644,52399,Low,0
2843,May,Operations,12,30319,95,20,1,15,2494,609,52399,35527,Low,0
2844,Oct,Sales,8,35184,86,26,4,32,2882,1268,35527,45351,Medium,0
2845,May,Finance,5,39293,87,20,3,9,7727,1207,45351,48648,Medium,0
2846,Mar,Operations,1,34142,83,22,4,12,2317,1195,48648,38548,High,0
2847,Dec,Sales,14,38110,87,20,3,38,6394,909,38548,52666,Medium,1
2848,Aug,Sales,11,21831,95,25,2,1,3150,945,52666,24269,Low,0
2849,Oct,Operations,15,21577,96,23,1,40,1382,1713,24269,32014,Low,1
2850,Oct,Sales,8,32921,86,26,4,31,4510,618,32014,44092,Medium,0
2851,Jul,Operations,13,49911,89,24,3,39,3424,238,44092,62775,Medium,1
2852,Jan,IT,1,48861,84,21,4,22,5114,907,62775,57928,High,0
2853,Jan,Sales,0,18763,97,25,1,40,5301,979,57928,33578,Low,1
2854,Jan,Finance,11,46072,80,26,6,23,2280,1687,33578,52661,High,1
2855,Oct,Operations,6,49122,82,23,5,33,113,1397,52661,55341,High,1
2856,Sep,IT,12,45167,84,24,4,30,6282,1512,55341,58221,High,0
2857,May,Sales,14,48395,80,23,5,17,2193,1075,58221,53317,High,1
2858,Aug,IT,1,21104,88,26,4,30,4371,1716,53317,32057,Medium,0
2859,May,HR,15,44984,97,24,1,17,537,2371,32057,47014,Low,0
2860,Sep,HR,0,24056,90,21,3,18,4303,1636,47014,31894,Low,0
2861,Sep,IT,15,49924,90,26,3,19,2071,422,31894,55594,Low,0
2862,Aug,IT,2,46934,81,22,5,21,3232,2878,55594,52186,High,1
2863,Mar,Finance,9,30879,96,21,1,15,1379,1187,52186,34546,Low,0
2864,Aug,Sales,11,24541,88,21,3,24,4060,301,34546,34815,Medium,0
2865,Nov,Operations,3,48968,95,21,2,6,7370,488,34815,57808,Low,0
2866,Oct,Sales,15,42939,92,25,2,16,6842,2007,57808,51707,Low,0
2867,Apr,HR,12,33280,96,22,1,22,6677,532,51707,44858,Low,0
2868,Aug,Operations,12,35317,83,21,4,1,6519,1752,44858,39874,High,0
2869,Jul,Sales,13,36627,91,20,2,33,7903,443,39874,51786,Low,0
2870,Jan,Operations,10,40503,100,20,0,10,914,317,51786,43297,Low,0
2871,Apr,HR,3,22565,85,24,4,27,2605,1512,43297,30943,Medium,0
2872,Aug,HR,3,38855,98,24,1,38,1897,310,30943,49238,Low,1
2873,Nov,Sales,7,46918,90,26,3,33,4028,1535,49238,58119,Low,0
2874,Dec,Finance,7,36959,85,20,3,38,1132,1218,58119,47067,Medium,1
2875,Apr,Operations,10,47325,99,21,1,3,3974,1452,47067,51291,Low,0
2876,Jul,IT,7,47788,93,26,2,28,6908,2052,51291,60098,Low,0
2877,Dec,Sales,13,19972,89,22,3,40,84,239,60098,30099,Medium,1
2878,Feb,HR,15,20004,85,22,4,28,5555,738,30099,32231,Medium,0
2879,Dec,Finance,3,31537,94,20,2,11,4185,420,32231,37931,Low,0
2880,Nov,HR,14,39454,81,25,5,5,5960,554,37931,45471,High,1
2881,Mar,Sales,2,43049,100,22,0,29,5927,2387,45471,53075,Low,0
2882,Nov,IT,3,49237,86,21,3,25,987,2844,53075,54079,Medium,0
2883,Jun,IT,8,46610,86,22,4,30,3068,356,54079,56190,Medium,0
2884,May,Sales,5,18489,80,24,5,20,2367,1966,56190,24426,High,1
2885,Apr,Operations,15,48550,84,21,4,32,5560,2530,24426,59365,High,0
2886,Jan,HR,6,29754,93,25,2,0,5384,878,59365,34369,Low,0
2887,Oct,Finance,3,39847,82,20,4,36,5035,2127,34369,52122,High,1
2888,Mar,IT,3,33722,94,23,2,21,2573,2556,52122,39155,Low,0
2889,Dec,IT,11,29328,97,24,1,38,4783,1653,39155,41354,Low,1
2890,Aug,HR,9,42627,82,20,4,23,2469,885,41354,49670,High,1
2891,Dec,Sales,1,37263,83,24,5,19,3322,289,49670,45466,High,0
2892,Aug,Finance,4,18942,90,23,3,37,2570,2722,45466,28751,Low,1
2893,Sep,Finance,12,23367,81,20,4,32,1198,1978,28751,30129,High,1
2894,Jul,Finance,10,40856,97,23,1,27,3395,540,30129,49983,Low,0
2895,Feb,HR,1,41551,95,26,2,11,3909,177,49983,48011,Low,0
2896,Jan,Operations,5,49096,86,20,3,40,6094,1881,48011,63071,Medium,1
2897,Jan,HR,7,47187,97,26,1,36,6868,382,63071,62375,Low,1
2898,Nov,Operations,9,30401,86,20,3,34,1591,2443,62375,37791,Medium,0
2899,Sep,IT,9,19300,92,21,2,31,905,613,37791,27328,Low,0
2900,Sep,Sales,0,37628,93,22,2,38,190,2149,27328,44405,Low,1
2901,Sep,Finance,11,44452,88,24,3,15,3815,2286,44405,49375,Medium,0
2902,Mar,Sales,0,38674,88,21,3,16,5399,1280,49375,46277,Medium,0
2903,May,Operations,8,39218,80,25,5,10,2552,1026,46277,43649,High,1
2904,Feb,HR,14,24909,81,25,5,5,1947,818,43649,27501,High,1
2905,Jan,Sales,5,38657,98,20,1,6,7919,913,27501,47303,Low,0
2906,May,Operations,6,28298,97,20,1,17,6765,2992,47303,36180,Low,0
2907,Dec,Operations,2,34125,89,23,3,30,5600,400,36180,47526,Medium,0
2908,Jun,Operations,13,20031,81,26,5,37,18,638,47526,28972,High,1
2909,Sep,IT,11,41141,93,21,2,30,4005,1138,28972,50943,Low,0
2910,Apr,Operations,0,29888,92,20,2,33,7215,1839,50943,43048,Low,0
2911,Jun,Sales,8,35428,80,22,5,24,3135,1713,43048,43169,High,1
2912,Nov,IT,10,42428,84,26,5,32,3890,2739,43169,52365,High,0
2913,Jan,Operations,11,45788,89,22,3,29,4597,983,52365,57395,Medium,0
2914,Oct,HR,5,29397,91,21,2,21,3642,51,57395,37826,Low,0
2915,Jul,Operations,12,19869,86,21,3,22,2987,2404,37826,25162,Medium,0
2916,May,HR,11,21670,100,22,0,4,7135,267,25162,30132,Low,0
2917,Nov,Sales,12,37466,98,26,1,0,497,2231,30132,36010,Low,0
2918,Nov,HR,9,30530,88,20,3,6,2814,128,36010,34266,Medium,0
2919,Jan,Sales,9,49970,96,26,2,37,1184,2700,34266,57933,Low,1
2920,Mar,Operations,8,21378,97,20,1,8,3876,2497,57933,24906,Low,0
2921,Jun,HR,5,45786,91,23,3,7,3314,1675,24906,49699,Low,0
2922,Jun,Sales,8,23909,92,20,2,39,3561,746,49699,36327,Low,1
2923,Mar,HR,10,37399,95,24,2,4,5962,2956,36327,42131,Low,0
2924,Feb,IT,15,49333,96,24,1,39,5218,1996,42131,62215,Low,1
2925,Sep,IT,7,19788,95,23,2,32,3414,543,62215,30470,Low,0
2926,Jan,Finance,7,20158,81,20,4,22,3430,2612,30470,26818,High,1
2927,Apr,Sales,5,45433,85,22,4,28,1763,2961,26818,51764,Medium,0
2928,Feb,Sales,7,32787,87,21,3,34,5302,127,51764,46391,Medium,0
2929,Sep,Sales,0,21246,91,20,2,13,2378,1968,46391,25044,Low,0
2930,May,Finance,13,34247,100,23,0,1,723,2142,25044,33779,Low,0
2931,Sep,Operations,1,23253,83,25,5,15,6747,2006,33779,31422,High,0
2932,Mar,HR,3,46344,80,25,5,15,480,985,31422,49039,High,1
2933,Oct,IT,14,36776,84,24,4,30,7725,2650,49039,49509,High,0
2934,Aug,HR,14,41053,95,26,2,11,3656,236,49509,46445,Low,0
2935,Jul,IT,7,46711,93,26,2,2,2934,1677,46445,48979,Low,0
2936,Jun,Finance,3,46844,89,21,3,1,2301,155,48979,49836,Medium,0
2937,Oct,Operations,1,19835,89,23,3,25,145,1650,49836,24239,Medium,0
2938,May,HR,0,34751,83,23,4,12,7047,730,24239,43598,High,0
2939,Jul,Sales,14,42284,96,24,1,28,768,1855,43598,47793,Low,0
2940,Dec,Sales,4,28334,99,23,1,25,980,2522,47793,33812,Low,0
2941,May,Finance,3,18243,97,26,1,40,6589,142,33812,34876,Low,1
2942,Jun,HR,10,26183,83,23,4,22,7398,2101,34876,36593,High,0
2943,Nov,IT,15,23140,86,26,4,35,325,1504,36593,30756,Medium,0
2944,Oct,IT,5,38458,85,25,4,26,5519,16,30756,51227,Medium,0
2945,Jun,IT,5,26868,85,24,4,29,168,1575,51227,32500,Medium,0
2946,Nov,Finance,2,21961,100,26,0,38,7491,441,32500,38098,Low,1
2947,Sep,Finance,11,24947,89,24,3,40,2364,604,38098,35997,Medium,1
2948,May,IT,3,45212,99,21,1,19,1877,1574,35997,50725,Low,0
2949,Jan,IT,9,38850,98,24,1,20,7881,1631,50725,50033,Low,0
2950,Aug,HR,8,31502,96,21,1,4,5804,868,50033,37529,Low,0
2951,Dec,Operations,13,30294,98,23,1,37,5918,857,37529,45122,Low,1
2952,Jun,HR,10,38770,95,26,2,3,7677,1103,45122,45636,Low,0
2953,Feb,IT,11,22971,85,26,4,12,3272,2199,45636,27476,Medium,0
2954,Aug,IT,9,36863,81,24,5,31,2540,1864,27476,44809,High,1
2955,Aug,Operations,8,21084,80,25,5,34,1725,2736,44809,28799,High,1
2956,May,Finance,12,32316,82,20,4,35,4386,1276,28799,44737,High,1
2957,Jan,IT,7,21126,93,20,2,14,6780,1798,44737,30041,Low,0
2958,Jun,Operations,4,34802,95,22,2,39,1767,1587,30041,44790,Low,1
2959,Oct,HR,4,39648,96,24,1,36,1551,1248,44790,48305,Low,1
2960,May,Sales,8,18870,92,26,3,35,3083,1598,48305,29365,Low,0
2961,Aug,IT,5,46748,95,21,2,32,2014,79,29365,56987,Low,0
2962,Oct,Sales,2,41187,82,22,4,20,5851,323,56987,51968,High,1
2963,Aug,IT,6,23887,84,24,4,26,7297,2366,51968,36092,High,0
2964,Jan,IT,10,31798,93,25,2,25,5774,2812,36092,40250,Low,0
2965,Sep,Finance,0,47846,96,22,1,7,4004,1930,40250,52299,Low,0
2966,May,Operations,1,45618,91,20,2,27,432,2982,52299,50226,Low,0
2967,Dec,Finance,10,45591,89,22,3,32,4739,2192,50226,56505,Medium,0
2968,Sep,IT,8,49951,84,20,4,29,3546,1080,56505,60084,High,0
2969,Jan,HR,11,36336,85,24,4,32,5618,2600,60084,48053,Medium,0
2970,Dec,Operations,14,49314,84,20,4,5,6720,2655,48053,54615,High,0
2971,Jun,Finance,9,47897,87,22,3,26,2897,2760,54615,54961,Medium,0
2972,Mar,HR,3,44333,93,21,2,23,740,1593,54961,48632,Low,0
2973,Jul,Finance,8,19252,85,22,4,21,1867,2962,48632,23310,Medium,0
2974,Jun,Operations,0,46422,93,22,2,19,4816,2442,23310,53165,Low,0
2975,Dec,HR,1,19485,99,20,1,35,1750,2870,53165,26729,Low,0
2976,Oct,Operations,13,34977,92,22,2,3,1419,2997,26729,33955,Low,0
2977,Jul,Finance,10,25305,97,24,1,32,2789,2809,33955,33442,Low,0
2978,Sep,Finance,6,38470,82,24,5,31,6397,796,33442,51715,High,1
2979,Sep,Sales,11,34609,86,25,4,0,2876,1346,51715,35368,Medium,0
2980,May,IT,13,27436,85,25,4,34,821,1718,35368,35095,Medium,0
2981,May,Operations,8,38826,90,22,3,37,2897,2835,35095,48218,Low,1
2982,Apr,IT,12,40214,97,20,1,29,2229,1491,48218,48575,Low,0
2983,Jul,IT,0,45201,93,21,2,21,7086,1589,48575,55238,Low,0
2984,Apr,HR,3,18738,94,26,2,13,5190,2203,55238,24740,Low,0
2985,Jan,HR,6,20627,94,21,2,23,5028,1779,24740,29487,Low,0
2986,Feb,Finance,13,36184,92,26,3,4,2918,267,29487,39352,Low,0
2987,Aug,Finance,2,18613,88,20,3,2,138,2408,39352,16452,Medium,0
2988,Feb,IT,5,19676,91,20,2,30,4986,1305,16452,30926,Low,0
2989,Sep,Sales,0,38164,82,20,4,30,3369,1011,30926,48550,High,1
2990,Jul,HR,5,26912,91,25,3,1,5519,2931,48550,29127,Low,0
2991,Oct,Operations,14,22280,92,25,2,23,1255,2537,29127,26899,Low,0
2992,Oct,Sales,2,28045,94,22,2,20,4816,2505,26899,35340,Low,0
2993,Jan,Sales,10,41430,96,22,1,3,2366,2655,35340,42005,Low,0
2994,Feb,Finance,8,20983,98,25,1,29,2172,329,42005,29633,Low,0
2995,Jul,Operations,9,47990,89,24,3,7,3593,219,29633,53747,Medium,0
2996,Apr,HR,1,23501,81,25,5,0,5623,359,53747,29520,High,1
2997,Oct,IT,8,42641,84,25,4,0,6255,215,29520,48412,High,0
2998,Jun,Finance,12,19443,88,21,3,40,5216,2673,48412,31818,Medium,1
2999,May,Operations,13,22217,89,22,3,27,4908,1323,31818,32800,Medium,0
3000,Nov,Operations,5,38741,94,24,2,13,5424,1174,32800,46407,Low,0
3001,Dec,IT,5,31093,82,26,5,24,3846,462,46407,40899,High,1
3002,Aug,Sales,11,34604,93,25,2,22,689,2170,40899,38968,Low,0
3003,Sep,Finance,6,27859,82,21,4,14,585,2876,38968,28881,High,1
3004,Apr,Operations,1,47367,82,23,5,14,4234,503,28881,55374,High,1
3005,Dec,Sales,6,22751,84,21,4,1,3342,144,55374,26523,High,0
3006,Jun,IT,15,38332,97,20,1,16,7544,1978,26523,48187,Low,0
3007,Jul,Operations,3,36109,85,23,4,12,6148,1902,48187,43790,Medium,0
3008,Oct,HR,3,32512,96,21,1,22,7239,965,43790,43601,Low,0
3009,Aug,HR,15,32747,82,25,5,28,3471,58,43601,43048,High,1
3010,Oct,IT,6,25207,81,20,4,19,4778,861,43048,33323,High,1
3011,Sep,Sales,11,30155,83,25,5,24,296,1975,33323,35203,High,0
3012,Feb,Finance,4,41926,84,21,4,32,4085,656,35203,53645,High,0
3013,Jul,Sales,5,40857,96,26,2,5,7925,2867,53645,46409,Low,0
3014,Dec,Finance,13,32046,100,25,0,34,6137,1655,46409,44916,Low,0
3015,Aug,Operations,14,18350,80,25,5,15,4986,1117,44916,25866,High,1
3016,May,IT,15,23839,97,22,1,6,3847,173,25866,28747,Low,0
3017,Nov,Finance,12,27879,81,26,5,9,537,1784,28747,28390,High,1
3018,Aug,Finance,3,35537,80,22,5,26,717,1605,28390,40403,High,1
3019,May,IT,7,41779,88,20,3,13,216,1485,40403,43403,Medium,0
3020,Jan,Finance,3,21718,84,22,4,29,5919,2186,43403,33099,High,0
3021,Feb,HR,3,44354,92,23,2,33,2553,1693,33099,52862,Low,0
3022,Jul,IT,11,39586,90,24,3,37,1319,912,52862,48934,Low,1
3023,Jan,Operations,8,38061,93,25,2,8,5539,178,48934,45206,Low,0
3024,Oct,IT,3,28309,80,22,5,2,1064,1289,45206,28180,High,1
3025,May,Operations,4,21555,86,26,4,6,4958,1231,28180,27132,Medium,0
3026,May,Operations,6,34010,90,23,3,40,7395,2882,27132,48630,Low,1
3027,Feb,Sales,14,26728,100,25,0,17,7381,2961,48630,34890,Low,0
3028,Aug,Sales,12,48442,88,22,3,17,2363,2102,34890,53139,Medium,0
3029,May,IT,15,25320,92,26,3,29,7777,1976,53139,38073,Low,0
3030,Aug,Finance,13,25164,82,24,5,33,4418,629,38073,37439,High,1
3031,Jan,HR,3,25685,84,21,4,11,5876,2092,37439,32806,High,0
3032,May,IT,6,36834,82,22,4,7,604,2238,32806,36670,High,1
3033,Aug,HR,2,43673,91,21,2,11,3682,715,36670,48777,Low,0
3034,May,IT,0,47125,93,25,2,18,123,2002,48777,50271,Low,0
3035,May,HR,2,31363,93,26,2,0,2655,1032,50271,33079,Low,0
3036,Sep,Sales,0,40381,92,26,3,29,2812,886,33079,50188,Low,0
3037,Feb,HR,12,18915,94,22,2,16,7432,1153,50188,28683,Low,0
3038,Dec,Operations,8,33326,99,20,1,2,4790,1251,28683,37525,Low,0
3039,Feb,HR,7,41762,88,21,3,28,4470,1741,37525,50831,Medium,0
3040,Jun,IT,3,27082,90,22,3,4,1919,1594,50831,28275,Low,0
3041,Aug,HR,6,21142,81,22,5,15,3993,1497,28275,27153,High,1
3042,Sep,Operations,5,30618,96,23,1,30,5046,2110,27153,40256,Low,0
3043,Sep,Operations,3,37710,87,25,4,1,5252,2814,40256,40200,Medium,0
3044,Jun,IT,2,28032,84,22,4,13,3117,1844,40200,32932,High,0
3045,Sep,HR,9,28659,87,22,3,9,4701,1770,32932,33046,Medium,0
3046,Mar,Finance,6,45853,81,25,5,32,1020,202,33046,54050,High,1
3047,Sep,Finance,15,48517,93,20,2,15,2511,2971,54050,51349,Low,0
3048,Aug,IT,2,33338,91,26,3,31,7985,330,51349,49023,Low,0
3049,Mar,Finance,1,23267,83,25,5,31,3365,2543,49023,32533,High,0
3050,May,Operations,7,32056,86,22,4,32,7665,1358,32533,46323,Medium,0
3051,Dec,IT,4,19647,94,20,2,22,5461,1483,46323,29411,Low,0
3052,Feb,Operations,0,35480,89,23,3,16,7584,2467,29411,45172,Medium,0
3053,Sep,IT,3,34222,86,22,4,13,2111,2409,45172,36591,Medium,0
3054,Jan,HR,12,25054,90,25,3,8,1621,2462,36591,26930,Low,0
3055,Nov,HR,15,26992,81,23,5,26,7222,1876,26930,39426,High,1
3056,Jul,HR,12,19218,98,24,1,33,3143,1764,39426,28391,Low,0
3057,Dec,IT,9,25239,100,25,0,37,2704,185,28391,37194,Low,1
3058,Nov,Sales,3,31505,95,22,2,32,2884,1363,37194,40369,Low,0
3059,Jun,Operations,11,36684,90,24,3,37,7010,2896,40369,50820,Low,1
3060,Sep,Operations,7,20603,87,22,3,40,11,2612,50820,27868,Medium,1
3061,Apr,Operations,0,33924,88,20,3,40,7201,1139,27868,49431,Medium,1
3062,Oct,IT,0,49716,80,20,4,17,3500,1709,49431,55720,High,1
3063,Jan,Operations,5,45813,97,23,1,25,7736,382,55720,59483,Low,0
3064,Aug,Sales,3,33496,85,23,4,15,123,1628,59483,36089,Medium,0
3065,Sep,Finance,15,46827,80,25,5,23,5082,2347,36089,54995,High,1
3066,Apr,Finance,8,49753,85,24,4,33,7439,944,54995,64190,Medium,0
3067,May,HR,2,30184,83,25,5,0,2106,968,64190,30615,High,0
3068,May,HR,4,34767,88,22,3,24,4216,1564,30615,43593,Medium,0
3069,Nov,IT,14,32305,91,26,3,28,3492,124,43593,42599,Low,0
3070,Nov,Sales,7,29692,88,25,3,23,975,665,42599,35266,Medium,0
3071,Apr,Finance,7,39855,96,22,1,37,4437,1751,35266,52222,Low,1
3072,Aug,Finance,5,27649,95,22,2,5,5581,2794,52222,31017,Low,0
3073,Aug,Sales,13,41862,98,21,1,35,5312,1268,31017,54570,Low,0
3074,Jun,HR,13,43040,100,24,0,39,4492,616,54570,56264,Low,1
3075,Sep,HR,14,39990,99,21,1,24,7974,2666,56264,50964,Low,0
3076,Oct,Sales,5,31338,93,21,2,4,7498,2128,50964,37540,Low,0
3077,Jan,Finance,4,18520,83,20,4,4,3218,2460,37540,19873,High,0
3078,Apr,Finance,8,41116,92,20,2,35,1296,2151,19873,49608,Low,0
3079,Apr,Operations,4,44393,97,25,1,19,3816,5,49608,52264,Low,0
3080,Jul,Sales,15,33985,92,23,2,18,1084,2960,52264,37017,Low,0
3081,Aug,HR,10,19856,100,21,0,6,1203,1793,37017,21057,Low,0
3082,Sep,HR,4,20613,84,21,4,9,587,2281,21057,21666,High,0
3083,Feb,IT,14,40979,90,22,3,32,4873,682,21666,52514,Low,0
3084,Aug,Operations,7,28458,93,21,2,28,7227,429,52514,42822,Low,0
3085,Sep,HR,10,46660,80,26,6,34,7361,1565,42822,61506,High,1
3086,Sep,Finance,5,49060,92,21,2,30,4794,1802,61506,59266,Low,0
3087,Apr,Operations,5,26547,98,25,1,40,1999,2251,59266,35766,Low,1
3088,Feb,IT,8,32772,81,22,5,23,7480,2615,35766,43633,High,1
3089,Jul,Operations,11,24540,95,26,2,20,1055,2741,43633,28244,Low,0
3090,Jan,IT,12,30495,85,21,4,40,7252,822,28244,46176,Medium,1
3091,Apr,IT,2,30020,92,24,2,34,2767,485,46176,40653,Low,0
3092,Feb,Operations,9,28974,84,20,4,26,1254,2637,40653,34733,High,0
3093,Aug,IT,12,23911,90,25,3,18,6013,88,34733,34454,Low,0
3094,Mar,Operations,14,37899,88,21,3,8,2606,2399,34454,40524,Medium,0
3095,Nov,Sales,0,19913,89,20,3,1,5324,717,40524,24448,Medium,0
3096,Nov,IT,6,30766,97,21,1,3,2037,2598,24448,31734,Low,0
3097,Oct,Sales,9,27171,88,26,4,37,1752,1856,31734,36961,Medium,1
3098,Nov,IT,7,19416,87,25,4,13,2236,2045,36961,22554,Medium,0
3099,Jul,HR,7,28194,80,21,5,18,1359,2708,22554,32057,High,1
3100,Feb,HR,13,33105,87,22,3,39,5529,654,32057,48215,Medium,1
3101,Aug,Sales,15,39278,91,26,3,10,7430,852,48215,48820,Low,0
3102,Jul,Finance,10,21643,100,20,0,8,5994,52,48820,29992,Low,0
3103,Apr,Sales,0,41773,100,21,0,8,5394,2901,29992,46993,Low,0
3104,Feb,Operations,13,23095,98,22,1,5,6536,1968,46993,28463,Low,0
3105,Jun,Sales,4,35245,90,20,2,26,5769,2419,28463,44643,Low,0
3106,Jul,IT,8,44480,86,21,3,38,6317,1287,44643,59566,Medium,1
3107,Jul,Finance,8,35288,99,21,1,20,6181,2010,59566,45124,Low,0
3108,Mar,Sales,1,42230,90,24,3,33,1865,1080,45124,50701,Low,0
3109,Sep,Finance,6,41129,95,21,2,16,5904,2092,50701,48165,Low,0
3110,Nov,Operations,8,29526,97,24,1,38,1012,1867,48165,37395,Low,1
3111,Dec,IT,10,43758,94,25,2,28,3250,1139,37395,53072,Low,0
3112,May,IT,3,25736,94,25,2,0,3250,188,53072,28339,Low,0
3113,Nov,Sales,11,47057,84,25,4,23,3567,1056,28339,55360,High,0
3114,Jun,Finance,14,33323,92,21,2,29,7336,2237,55360,45946,Low,0
3115,Jan,Finance,13,32263,88,21,3,29,5274,2961,45946,41952,Medium,0
3116,Nov,IT,10,43289,86,25,4,10,5609,652,41952,50072,Medium,0
3117,Jun,Finance,8,48425,93,25,2,19,5443,383,50072,58682,Low,0
3118,May,Operations,7,26850,88,21,3,35,3084,239,58682,39214,Medium,0
3119,Feb,Sales,10,38578,82,21,4,29,1326,218,39214,46874,High,1
3120,Sep,Finance,3,23915,100,24,0,35,4480,2178,46874,35723,Low,0
3121,Nov,Finance,11,30484,93,25,2,9,2515,2937,35723,32929,Low,0
3122,Jun,IT,6,32941,98,21,1,40,322,2630,32929,40364,Low,1
3123,Nov,HR,8,32725,84,24,4,22,3919,1602,40364,39878,High,0
3124,Sep,Sales,15,18389,88,26,4,1,5078,1642,39878,22163,Medium,0
3125,Aug,Operations,12,19079,83,22,4,0,4182,1537,22163,21646,High,0
3126,Sep,HR,5,34408,97,22,1,1,1632,137,21646,36233,Low,0
3127,Oct,Finance,2,28630,100,20,0,28,2637,2974,36233,35877,Low,0
3128,Feb,Finance,5,47115,95,25,2,18,6497,1283,35877,57048,Low,0
3129,Jun,Sales,15,31535,91,21,2,8,4062,145,57048,36892,Low,0
3130,Mar,HR,14,23835,92,24,2,18,7013,1994,36892,32588,Low,0
3131,Feb,Sales,12,20378,86,20,3,21,2997,1051,32588,28205,Medium,0
3132,Dec,Finance,11,21689,81,23,5,38,7735,477,28205,38711,High,1
3133,Jun,HR,2,20919,94,22,2,24,6107,2940,38711,29895,Low,0
3134,Sep,Operations,1,20472,92,24,2,40,3578,636,29895,32668,Low,1
3135,Dec,HR,7,26775,88,26,4,20,1073,2274,32668,31010,Medium,0
3136,Sep,IT,13,28325,93,26,2,26,2177,26,31010,36528,Low,0
3137,Jul,Finance,10,43081,88,26,4,0,6889,2893,36528,46732,Medium,0
3138,May,IT,5,27174,89,21,3,26,7678,2404,46732,39060,Medium,0
3139,Apr,Operations,5,38882,82,20,4,4,5538,123,39060,45482,High,1
3140,Aug,IT,7,37044,89,26,3,25,5294,460,45482,47733,Medium,0
3141,Sep,Finance,9,34380,88,24,3,27,1563,64,47733,42374,Medium,0
3142,Nov,HR,1,25680,88,21,3,2,7012,2734,42374,30951,Medium,0
3143,Jan,Sales,3,33601,80,24,5,38,76,2811,30951,40434,High,1
3144,Feb,HR,13,31462,87,21,3,26,1137,2258,40434,36968,Medium,0
3145,Mar,IT,7,47888,98,24,1,20,4002,2135,36968,54664,Low,0
3146,Jul,Sales,9,23787,95,22,2,10,2162,2077,54664,26170,Low,0
3147,Apr,HR,6,41088,86,22,4,0,6342,343,26170,47278,Medium,0
3148,Mar,Finance,5,40108,94,22,2,27,7360,627,47278,53041,Low,0
3149,Jul,Operations,7,38216,99,23,1,8,2182,371,53041,42005,Low,0
3150,Mar,Finance,5,47894,82,25,5,22,2738,2221,42005,54298,High,1
3151,Jun,IT,11,28032,89,23,3,2,2985,1311,54298,29852,Medium,0
3152,May,Operations,6,31363,95,21,2,5,1621,928,29852,33854,Low,0
3153,Jan,IT,2,20318,86,20,3,19,4699,769,33854,28296,Medium,0
3154,Oct,HR,11,20806,81,25,5,33,7856,254,28296,37057,High,1
3155,Jun,IT,12,39542,91,24,3,9,2701,2193,37057,41668,Low,0
3156,Jan,Finance,1,20582,90,23,3,38,5747,945,41668,34676,Low,1
3157,Sep,Sales,12,19802,87,22,3,20,3913,390,34676,28707,Medium,0
3158,Dec,Sales,11,49436,95,24,2,34,5256,2949,28707,59553,Low,0
3159,Nov,Finance,8,46355,88,22,3,24,1350,444,59553,53514,Medium,0
3160,Jul,Sales,10,49712,99,21,1,20,5419,2143,53514,58577,Low,0
3161,Jun,HR,14,28984,81,22,5,1,5288,675,58577,33964,High,1
3162,Jan,Finance,10,36495,84,25,4,3,2310,89,33964,39792,High,0
3163,Oct,Operations,10,37287,87,22,3,11,7406,2882,39792,45196,Medium,0
3164,Mar,HR,6,36445,92,24,2,38,1373,1036,45196,45692,Low,1
3165,Apr,IT,13,44820,84,21,4,26,2732,2582,45692,50991,High,0
3166,Aug,HR,13,31494,88,26,4,28,4818,369,50991,43346,Medium,0
3167,Nov,Sales,13,34685,95,24,2,14,5798,866,43346,42328,Low,0
3168,Nov,Sales,14,36338,96,25,1,4,7178,853,42328,43657,Low,0
3169,Jun,Finance,15,38863,85,26,4,18,3569,1523,43657,46090,Medium,0
3170,Dec,Finance,3,41532,82,25,5,0,4468,1623,46090,44421,High,1
3171,May,HR,12,49225,82,20,4,1,5646,656,44421,54785,High,1
3172,Oct,Finance,2,34261,87,23,3,19,804,1406,54785,38496,Medium,0
3173,Sep,Sales,5,24530,88,20,3,21,1245,763,38496,30900,Medium,0
3174,Nov,Sales,5,30433,85,23,4,24,506,2158,30900,33981,Medium,0
3175,Sep,IT,9,42986,84,25,4,8,3961,2533,33981,45776,High,0
3176,May,HR,0,42577,96,22,1,13,1716,2429,45776,44468,Low,0
3177,Oct,Finance,12,34154,91,22,2,36,3805,1253,44468,44912,Low,1
3178,Jul,Sales,10,45181,90,26,3,34,2735,2439,44912,54354,Low,0
3179,Sep,Finance,0,41595,92,21,2,19,1294,2352,54354,45206,Low,0
3180,May,Finance,11,25534,93,21,2,15,5504,867,45206,33153,Low,0
3181,Apr,Operations,0,44258,88,24,3,0,788,753,33153,45062,Medium,0
3182,Jul,Sales,3,35898,83,20,4,29,7746,337,45062,50228,High,0
3183,Jan,Sales,12,25641,94,26,2,20,7104,1271,50228,36570,Low,0
3184,Feb,HR,7,49263,93,24,2,4,5509,2708,36570,53408,Low,0
3185,Apr,HR,15,30254,93,24,2,17,5076,1989,53408,38122,Low,0
3186,Sep,Finance,3,45533,81,20,4,13,3421,2299,38122,50330,High,1
3187,Jul,Sales,6,47358,97,20,1,0,5491,1723,50330,51304,Low,0
3188,May,Operations,2,25412,97,26,1,31,5445,2357,51304,35635,Low,0
3189,Jun,Sales,8,35900,93,20,2,11,7379,869,35635,44430,Low,0
3190,Mar,Sales,6,36709,84,24,4,29,6137,192,44430,49229,High,0
3191,Feb,Finance,10,39700,98,26,1,36,5666,1887,49229,52924,Low,1
3192,Apr,Finance,14,34983,84,21,4,11,1774,2338,52924,36751,High,0
3193,Dec,Sales,10,44057,87,25,4,12,7977,2951,36751,52536,Medium,0
3194,Feb,Sales,1,48552,81,22,5,26,7529,349,52536,62408,High,1
3195,Aug,Finance,11,39288,86,26,4,24,5025,2494,62408,48039,Medium,0
3196,Apr,Operations,8,26545,93,26,2,37,5923,46,48039,40992,Low,1
3197,Jul,IT,15,25316,81,24,5,3,5931,2940,40992,29532,High,1
3198,Dec,Sales,1,26166,97,24,1,26,5640,949,29532,37065,Low,0
3199,Nov,Sales,9,44269,93,24,2,10,7852,2344,37065,51598,Low,0
3200,Jun,Operations,9,49643,96,25,1,40,5558,1744,51598,63360,Low,1
3201,Nov,IT,13,22546,85,20,3,6,2447,1777,63360,24195,Medium,0
3202,Mar,HR,3,37426,85,26,4,32,6625,1583,24195,50234,Medium,0
3203,Sep,Finance,12,41555,84,26,5,27,5968,812,50234,54259,High,0
3204,May,Finance,6,26981,96,24,1,1,4227,1231,54259,29739,Low,0
3205,Dec,Sales,4,40348,87,24,4,36,5153,441,29739,53601,Medium,1
3206,Aug,IT,1,25194,98,22,1,37,4058,1010,53601,36725,Low,1
3207,Nov,Finance,15,41786,89,23,3,34,3009,2936,36725,50342,Medium,0
3208,May,Finance,15,39501,84,23,4,20,4311,1218,50342,47113,High,0
3209,Jan,Sales,14,48288,99,24,1,10,1105,938,47113,51147,Low,0
3210,Jan,HR,8,23988,95,22,2,26,6324,762,51147,36011,Low,0
3211,Oct,Sales,7,28620,99,21,1,29,51,737,36011,35925,Low,0
3212,Feb,Sales,10,37269,89,22,3,32,4134,89,35925,49296,Medium,0
3213,Jan,Operations,0,28682,93,23,2,32,5368,550,49296,40840,Low,0
3214,Sep,Sales,10,29694,82,21,4,24,6333,269,40840,41017,High,1
3215,Jun,Sales,10,22456,92,20,2,39,4603,1049,41017,36266,Low,1
3216,Apr,Operations,5,43206,95,23,2,3,6318,2031,36266,47555,Low,0
3217,Jan,Finance,5,32648,81,20,4,1,7065,288,47555,40121,High,1
3218,Apr,IT,14,19623,97,23,1,30,3751,2974,40121,27334,Low,0
3219,Jun,Operations,11,36461,91,20,2,25,7583,2403,27334,48551,Low,0
3220,May,Finance,12,20737,91,21,2,8,1735,2736,48551,21993,Low,0
3221,Apr,Operations,11,39413,86,23,4,8,5280,1532,21993,45113,Medium,0
3222,Jun,IT,3,30710,92,21,2,4,5334,289,45113,36669,Low,0
3223,May,IT,1,48921,88,25,3,2,3937,2665,36669,50862,Medium,0
3224,Nov,IT,12,29020,82,21,4,21,3240,1826,50862,35602,High,1
3225,Nov,HR,1,21648,97,23,1,5,3827,2396,35602,24664,Low,0
3226,May,IT,11,31462,88,25,3,35,2684,1313,24664,41557,Medium,0
3227,Nov,Sales,12,44592,87,23,3,1,1765,2737,41557,43481,Medium,0
3228,May,HR,7,24048,100,24,0,20,6586,1168,43481,33964,Low,0
3229,Aug,Sales,2,35774,99,20,1,19,6878,1568,33964,46545,Low,0
3230,Mar,IT,8,19363,90,21,3,8,3244,1850,46545,23044,Low,0
3231,Feb,IT,15,18313,80,26,6,39,52,142,23044,28503,High,1
3232,Mar,Operations,11,43279,88,23,3,25,5827,2100,28503,53331,Medium,0
3233,Aug,HR,1,38483,84,26,5,13,950,1569,53331,41156,High,0
3234,Jun,Sales,6,33386,99,20,1,30,3894,1092,41156,44436,Low,0
3235,Sep,IT,9,20949,90,25,3,36,7328,2731,44436,34226,Low,1
3236,Jan,Sales,4,34646,98,21,1,19,268,641,34226,38463,Low,0
3237,Jun,Sales,5,48281,96,24,1,25,5541,2358,38463,57728,Low,0
3238,Feb,Operations,10,43994,86,24,4,4,7740,2917,57728,50532,Medium,0
3239,Sep,Finance,15,25048,89,24,3,35,293,1666,50532,32008,Medium,0
3240,Oct,IT,11,36910,86,25,4,16,2033,2490,32008,39680,Medium,0
3241,Apr,IT,9,44235,85,23,4,11,484,1040,39680,46085,Medium,0
3242,May,HR,10,24235,100,22,0,1,4055,2327,46085,25748,Low,0
3243,Apr,HR,12,49365,91,25,3,22,5052,1135,25748,58295,Low,0
3244,Feb,Sales,3,31389,84,23,4,21,197,2014,58295,34997,High,0
3245,Sep,Finance,4,24569,99,24,1,28,7902,881,34997,37882,Low,0
3246,Apr,IT,5,22440,80,24,5,15,1493,2615,37882,25660,High,1
3247,Jul,HR,3,45981,86,22,4,0,2659,14,25660,48975,Medium,0
3248,May,Sales,14,21729,94,21,2,5,1903,2796,48975,22689,Low,0
3249,Dec,Sales,3,40280,99,24,1,32,445,447,22689,48094,Low,0
3250,Dec,Finance,7,27517,86,21,3,16,3315,715,48094,33789,Medium,0
3251,Mar,Sales,5,19245,81,26,5,19,7886,1195,33789,30222,High,1
3252,Aug,IT,6,21648,89,23,3,23,5216,1428,30222,30388,Medium,0
3253,Jun,Operations,8,22402,94,20,2,11,6500,100,30388,32138,Low,0
3254,Mar,Operations,1,33584,94,26,2,36,4651,2329,32138,44983,Low,1
3255,May,Operations,5,41620,93,22,2,38,2747,2311,44983,51554,Low,1
3256,Dec,Sales,11,23443,81,22,5,37,1876,1012,51554,34173,High,1
3257,Mar,IT,12,34609,86,21,3,17,4290,1020,34173,42029,Medium,0
3258,Aug,Sales,1,41081,97,24,1,4,6137,2656,42029,45880,Low,0
3259,Apr,Sales,5,28908,96,21,1,3,2828,404,45880,32518,Low,0
3260,Feb,Finance,10,23212,85,20,3,12,3591,925,32518,29401,Medium,0
3261,Nov,Finance,7,21441,98,25,1,8,7243,2501,29401,28912,Low,0
3262,Jun,IT,2,49124,95,25,2,36,683,2181,28912,56547,Low,1
3263,Aug,Sales,0,27519,82,26,5,30,4566,964,56547,38790,High,1
3264,Feb,IT,11,23979,89,25,3,10,1196,796,38790,27178,Medium,0
3265,Aug,Sales,3,48234,96,26,2,34,1200,1676,27178,56367,Low,0
3266,Nov,Operations,0,47443,98,22,1,6,7337,97,56367,55731,Low,0
3267,Apr,Finance,7,40820,92,25,2,38,6325,1638,55731,54528,Low,1
3268,Jul,HR,14,29309,98,23,1,2,6118,751,54528,35511,Low,0
3269,Aug,Operations,15,37354,88,26,4,18,3884,248,35511,46047,Medium,0
3270,May,HR,6,27311,82,25,5,40,6094,1227,46047,42733,High,1
3271,Oct,HR,9,49177,86,23,4,12,1091,121,42733,53766,Medium,0
3272,Nov,Finance,10,19963,100,26,0,35,5365,426,53766,33108,Low,0
3273,Nov,Sales,3,43084,91,23,3,5,2584,1235,33108,45716,Low,0
3274,Aug,Operations,7,29367,81,24,5,36,1440,1883,45716,37737,High,1
3275,Jul,IT,14,38107,88,21,3,35,5680,511,37737,52431,Medium,0
3276,Oct,IT,4,36702,80,25,5,37,7668,2421,52431,50726,High,1
3277,Oct,IT,14,24805,92,21,2,24,4702,1656,50726,34559,Low,0
3278,Apr,Operations,9,49297,84,20,4,33,6532,2575,34559,61562,High,0
3279,Aug,Operations,8,32970,91,21,2,25,5066,2446,61562,41964,Low,0
3280,May,Operations,5,20861,80,20,4,10,6680,1536,41964,28295,High,1
3281,May,HR,14,42761,92,23,2,35,2746,978,28295,52562,Low,0
3282,Nov,IT,15,45178,96,24,1,9,978,2719,52562,45741,Low,0
3283,Mar,Operations,6,41396,95,26,2,11,7890,2756,45741,49317,Low,0
3284,Jun,Sales,4,25948,99,20,1,17,1567,2849,49317,29610,Low,0
3285,Jul,Operations,3,46670,84,23,4,12,1928,1394,29610,50781,High,0
3286,Jun,Operations,0,32940,99,24,1,11,1287,705,50781,36238,Low,0
3287,Jan,Operations,10,26608,82,20,4,32,2848,2392,36238,34915,High,1
3288,Oct,HR,4,29418,89,22,3,4,6353,921,34915,35827,Medium,0
3289,Oct,HR,9,44772,81,26,5,12,5600,425,35827,53196,High,1
3290,Jun,Sales,2,45077,83,24,5,6,720,1630,53196,45459,High,0
3291,Oct,HR,10,46792,97,26,1,10,2985,2105,45459,50258,Low,0
3292,Feb,Finance,3,33145,91,25,3,32,3132,122,50258,44282,Low,0
3293,Dec,Sales,14,43259,89,24,3,23,5220,1644,44282,51849,Medium,0
3294,Sep,Operations,15,23077,100,25,0,2,6001,76,51849,29129,Low,0
3295,Mar,HR,5,45264,93,20,2,37,2292,1797,29129,54328,Low,1
3296,Sep,HR,10,36082,84,23,4,31,4107,1459,54328,46881,High,0
3297,Apr,Finance,5,29713,85,25,4,4,4427,413,46881,35454,Medium,0
3298,Mar,HR,13,26644,93,24,2,30,3041,2815,35454,35064,Low,0
3299,Dec,HR,13,40909,90,24,3,1,4246,254,35064,45124,Low,0
3300,Jul,HR,0,37108,99,22,1,15,5823,845,45124,46427,Low,0
3301,Dec,Operations,11,19100,82,20,4,4,4775,2059,46427,23079,High,1
3302,Feb,Operations,4,48802,83,20,4,40,1292,1700,23079,59028,High,1
3303,Aug,Sales,1,35618,86,21,3,13,260,2103,59028,37673,Medium,0
3304,May,IT,11,40832,83,21,4,9,3729,267,37673,45868,High,0
3305,Dec,Operations,12,46375,83,24,5,35,5609,1762,45868,58274,High,0
3306,Nov,Sales,8,44080,91,26,3,24,4713,1910,58274,52987,Low,0
3307,Nov,Finance,10,37198,82,23,5,14,2796,520,52987,42192,High,1
3308,Oct,Operations,8,30180,87,22,3,25,5350,2671,42192,39178,Medium,0
3309,May,IT,2,32638,88,25,3,22,6589,719,39178,43285,Medium,0
3310,Jun,Sales,13,34690,96,26,2,36,6041,2840,43285,47537,Low,1
3311,Jun,Operations,15,21264,89,20,3,35,4259,2625,47537,31757,Medium,0
3312,Jul,Operations,11,45754,85,25,4,38,6829,1954,31757,60906,Medium,1
3313,Nov,Sales,8,22713,94,21,2,20,7676,2612,60906,32875,Low,0
3314,Apr,IT,13,22876,93,21,2,3,1091,1932,32875,23283,Low,0
3315,Jun,Operations,9,40661,97,23,1,17,1400,2015,23283,45010,Low,0
3316,Jun,HR,1,46461,86,23,4,8,748,97,45010,49495,Medium,0
3317,Sep,Finance,3,28338,84,25,4,5,3536,108,49495,33612,High,0
3318,Sep,HR,7,23740,82,22,4,22,2547,2134,33612,29211,High,1
3319,Mar,HR,8,47851,94,20,2,2,3785,1710,29211,50113,Low,0
3320,Oct,Finance,2,45121,92,25,2,6,7642,1604,50113,51953,Low,0
3321,Sep,Finance,10,36302,100,22,0,37,5176,56,51953,50014,Low,1
3322,Jul,Finance,12,35543,86,24,4,27,7763,2289,50014,48351,Medium,0
3323,May,Finance,0,40585,89,23,3,34,3164,220,48351,52421,Medium,0
3324,Jan,Finance,14,18726,97,24,1,0,7331,1056,52421,25332,Low,0
3325,Feb,Finance,14,48915,88,21,3,13,6557,2915,25332,56393,Medium,0
3326,Jan,Operations,5,36513,93,22,2,35,3847,280,56393,48089,Low,0
3327,Apr,Operations,9,25925,86,26,4,28,475,2738,48089,30132,Medium,0
3328,Jan,Operations,15,27002,89,25,3,0,1265,1760,30132,26269,Medium,0
3329,Feb,IT,7,21715,90,20,2,14,6620,2179,26269,28877,Low,0
3330,Dec,HR,2,38164,85,21,4,19,6714,1417,28877,48876,Medium,0
3331,Jul,IT,10,40387,80,20,4,31,445,1806,48876,46874,High,1
3332,Jan,Operations,8,29687,100,23,0,7,2400,1104,46874,32865,Low,0
3333,Sep,Operations,6,19306,90,23,3,24,3768,2051,32865,26895,Low,0
3334,Mar,Sales,3,32806,93,21,2,13,39,196,26895,36532,Low,0
3335,Apr,Finance,13,44520,98,24,1,28,3012,354,36532,54738,Low,0
3336,Feb,HR,6,37154,85,23,4,1,7719,1101,54738,44238,Medium,0
3337,Mar,HR,9,33896,85,24,4,21,4921,543,44238,44096,Medium,0
3338,Jul,HR,15,42755,94,24,2,6,7729,747,44096,51830,Low,0
3339,Nov,Operations,14,25754,94,21,2,32,7237,1912,51830,39416,Low,0
3340,Oct,IT,7,37985,94,23,2,31,726,189,39416,46070,Low,0
3341,Jan,HR,12,38630,100,24,0,17,90,812,46070,41846,Low,0
3342,Aug,Operations,4,33819,92,25,2,17,5701,575,41846,43717,Low,0
3343,Mar,Sales,14,34612,89,20,3,3,3706,2166,43717,37427,Medium,0
3344,Mar,HR,10,18287,89,22,3,2,7609,1679,37427,24959,Medium,0
3345,Feb,IT,8,49263,94,24,2,0,6650,461,24959,55595,Low,0
3346,Apr,Operations,0,26970,88,22,3,36,2302,1719,55595,37086,Medium,1
3347,Nov,Sales,12,32194,94,20,2,0,2419,2588,37086,31957,Low,0
3348,Jul,IT,12,24054,96,25,1,11,7259,2697,31957,31745,Low,0
3349,Aug,Sales,5,34869,81,24,5,31,4059,835,31745,45732,High,1
3350,Jul,Finance,6,23290,83,22,4,16,3933,2441,45732,28074,High,0
3351,Oct,Sales,13,29480,88,24,3,37,5670,402,28074,44398,Medium,1
3352,Jan,Operations,6,35537,91,22,2,10,7143,2277,44398,43253,Low,0
3353,Sep,Operations,12,18797,98,26,1,15,7643,2900,43253,28017,Low,0
3354,Jun,IT,7,22778,91,22,2,31,3252,481,28017,33697,Low,0
3355,Jul,Sales,12,38706,95,25,2,22,2788,2480,33697,44948,Low,0
3356,Jan,IT,1,46710,88,20,3,22,1266,866,44948,52566,Medium,0
3357,Feb,IT,13,19494,91,25,3,30,7463,392,52566,33582,Low,0
3358,Apr,HR,14,26079,83,24,5,30,218,955,33582,33313,High,0
3359,Oct,Sales,9,41874,100,25,0,15,3917,2825,33313,47430,Low,0
3360,Jun,HR,3,47031,83,22,4,17,6687,2908,47430,55527,High,0
3361,May,Sales,9,23343,95,23,2,16,2282,90,55527,30081,Low,0
3362,Jul,Finance,8,30633,95,24,2,6,1011,1767,30081,31388,Low,0
3363,Oct,Operations,9,28574,81,21,4,5,7031,14,31388,36784,High,1
3364,Nov,Sales,1,49653,99,23,1,14,1040,1609,36784,53106,Low,0
3365,Nov,HR,15,33300,97,26,1,6,2075,2504,53106,34696,Low,0
3366,Feb,HR,15,47524,82,21,4,7,7563,2268,34696,54062,High,1
3367,Dec,IT,0,18952,100,24,0,23,374,2064,54062,23752,Low,0
3368,Apr,Sales,5,41463,94,21,2,4,6029,1393,23752,46900,Low,0
3369,May,Finance,11,44439,93,23,2,27,19,2809,46900,47599,Low,0
3370,May,HR,7,33564,84,20,4,6,419,2837,47599,32915,High,0
3371,Sep,Sales,11,37207,100,23,0,21,252,1438,32915,40919,Low,0
3372,Aug,Finance,1,49848,85,23,4,23,5063,1943,40919,58685,Medium,0
3373,Mar,Finance,11,33324,95,22,2,3,160,2910,58685,31605,Low,0
3374,Jul,HR,14,32400,89,25,3,28,638,2508,31605,37325,Medium,0
3375,Feb,IT,2,37029,97,22,1,5,5013,2840,37325,40466,Low,0
3376,Jan,IT,8,44217,80,22,5,7,4438,2473,40466,47903,High,1
3377,Jul,IT,8,41387,93,26,2,36,2714,2862,47903,50424,Low,1
3378,Aug,IT,13,39991,85,22,4,11,217,1426,50424,42212,Medium,0
3379,Feb,IT,0,49678,83,25,5,32,6167,1072,42212,63380,High,0
3380,Apr,Finance,10,43626,85,23,4,12,2663,1054,63380,48091,Medium,0
3381,May,Operations,1,47216,99,25,1,39,6140,2668,48091,60924,Low,1
3382,Oct,HR,0,42878,96,25,1,19,2925,2119,60924,48779,Low,0
3383,Nov,Operations,0,35867,91,23,3,40,2275,2312,48779,45374,Low,1
3384,Feb,Finance,2,26056,100,26,0,20,5871,1282,45374,35017,Low,0
3385,May,Finance,3,31492,100,20,0,16,2505,2968,35017,34974,Low,0
3386,Jul,Sales,9,48177,93,24,2,38,7965,890,34974,65381,Low,1
3387,Dec,Finance,1,45354,91,26,3,17,5787,797,65381,53916,Low,0
3388,Jul,Finance,3,32768,86,23,4,38,3929,2245,53916,43367,Medium,1
3389,Oct,HR,9,48351,83,20,4,37,3350,2781,43367,58045,High,1
3390,Jan,HR,0,25098,96,20,1,17,5723,871,58045,34192,Low,0
3391,Oct,Operations,2,22215,82,24,5,30,7222,137,34192,37425,High,1
3392,Apr,HR,9,46266,91,26,3,33,5119,592,37425,58987,Low,0
3393,May,Operations,5,30825,90,21,3,16,1839,2131,58987,33893,Low,0
3394,Feb,HR,8,37843,99,22,1,1,2850,337,33893,41243,Low,0
3395,Jan,Operations,7,25475,84,24,4,38,3895,2477,41243,37012,High,1
3396,Jul,Sales,11,30396,98,26,1,34,883,1376,37012,38060,Low,0
3397,Jul,Sales,12,46954,95,23,2,7,5606,1050,38060,53722,Low,0
3398,Dec,Sales,7,29085,83,24,5,22,6537,475,53722,39932,High,0
3399,Jan,Sales,10,32186,98,20,1,31,4404,1519,39932,42975,Low,0
3400,Jan,Operations,4,34986,93,20,2,16,1177,1567,42975,39051,Low,0
3401,Aug,Operations,7,29377,88,21,3,1,5203,283,39051,34019,Medium,0
3402,Feb,Sales,3,31093,81,21,4,38,7631,2608,34019,44863,High,1
3403,Sep,Finance,1,21516,97,21,1,5,815,547,44863,23605,Low,0
3404,Jun,HR,12,43751,80,20,4,39,2878,456,23605,55376,High,1
3405,Jan,Operations,4,24867,98,22,1,36,542,1452,55376,32555,Low,1
3406,Jun,HR,2,23740,80,25,5,25,2187,9,32555,32337,High,1
3407,Feb,Operations,12,19966,90,21,3,34,6323,2,32337,34049,Low,0
3408,Jan,IT,0,41309,83,21,4,29,18,2363,34049,45516,High,0
3409,Dec,Sales,6,37095,100,25,0,32,1821,1449,45516,45302,Low,0
3410,Jul,Sales,6,46411,96,21,1,18,2931,2150,45302,52371,Low,0
3411,Apr,IT,1,40707,98,24,1,10,62,2343,52371,40441,Low,0
3412,Sep,HR,9,28941,100,24,0,14,6063,1454,40441,37096,Low,0
3413,Sep,Finance,4,26145,83,24,5,32,5224,582,37096,39418,High,0
3414,Mar,HR,9,48158,98,24,1,14,4761,1818,39418,54639,Low,0
3415,Jun,Operations,10,44673,99,26,1,25,4320,221,54639,55423,Low,0
3416,Aug,Finance,5,43404,97,21,1,8,2486,313,55423,46790,Low,0
3417,Oct,IT,6,40967,84,20,4,22,6016,1862,46790,50663,High,0
3418,Sep,HR,14,22556,86,26,4,12,5887,369,50663,31077,Medium,0
3419,May,IT,4,24633,80,20,4,2,2375,2516,31077,25358,High,1
3420,Aug,HR,8,38096,96,26,2,24,6113,739,25358,50067,Low,0
3421,May,Operations,7,31561,84,22,4,17,7140,1326,50067,41226,High,0
3422,Jul,HR,0,35828,92,23,2,13,4057,1773,41226,40883,Low,0
3423,Apr,HR,10,39717,88,24,3,15,1604,2000,40883,42412,Medium,0
3424,May,Finance,0,44179,96,21,1,38,1795,241,42412,55782,Low,1
3425,Oct,IT,11,33909,91,22,2,7,5564,1706,55782,39351,Low,0
3426,Oct,HR,2,36627,92,25,2,22,659,2049,39351,40723,Low,0
3427,Oct,Operations,4,24833,92,25,2,6,5804,563,40723,31163,Low,0
3428,May,HR,0,48254,96,23,1,4,534,2128,31163,48376,Low,0
3429,Oct,Sales,10,29925,100,24,0,31,5852,1987,48376,41611,Low,0
3430,Dec,Sales,1,21401,81,22,5,31,6992,1934,41611,33796,High,1
3431,Feb,Operations,3,26233,100,26,0,13,4793,2553,33796,31813,Low,0
3432,Jul,Finance,12,45972,95,24,2,2,6216,1281,31813,50728,Low,0
3433,Sep,Finance,13,30079,94,26,2,16,2313,2921,50728,33150,Low,0
3434,Mar,IT,6,47965,81,22,5,36,2256,884,33150,58211,High,1
3435,Oct,HR,0,43129,98,23,1,18,4838,2294,58211,49846,Low,0
3436,Nov,Sales,2,45188,94,25,2,3,2555,2223,49846,45818,Low,0
3437,Apr,Sales,9,40407,87,20,3,11,5046,2359,45818,45792,Medium,0
3438,Mar,Finance,5,25257,91,25,3,30,1429,861,45792,33022,Low,0
3439,Dec,IT,8,40948,82,24,5,31,6774,1805,33022,52978,High,1
3440,Jul,Sales,14,32285,95,21,2,5,6137,742,52978,39638,Low,0
3441,Sep,Operations,3,28566,90,26,3,3,5740,543,39638,34519,Low,0
3442,Jun,Sales,12,38978,83,20,4,3,6032,1432,34519,44338,High,0
3443,Dec,Operations,11,31623,94,21,2,36,2865,2559,44338,41328,Low,1
3444,Jun,Finance,3,33730,93,23,2,27,5034,1048,41328,43729,Low,0
3445,Feb,IT,3,29069,83,21,4,40,909,523,43729,39956,High,1
3446,Jun,Operations,10,46442,88,25,3,10,2743,2619,39956,49167,Medium,0
3447,Apr,HR,5,37281,80,21,5,22,5545,339,49167,47497,High,1
3448,May,HR,12,44875,100,24,0,34,829,2235,47497,51709,Low,0
3449,Jan,Sales,14,31820,98,21,1,21,4643,1463,51709,39454,Low,0
3450,Dec,Finance,1,35258,95,20,1,22,5059,1010,39454,44890,Low,0
3451,Oct,Operations,0,37772,80,24,5,36,7638,939,44890,52784,High,1
3452,Oct,HR,13,19088,87,20,3,9,771,2686,52784,19860,Medium,0
3453,Jul,Operations,3,40803,95,22,2,8,5389,509,19860,48198,Low,0
3454,Nov,HR,15,43318,96,20,1,13,5380,2696,48198,50032,Low,0
3455,Jul,IT,1,28889,80,21,5,2,4684,1551,50032,32555,High,1
3456,Jul,HR,12,36433,94,24,2,14,1016,2481,32555,38794,Low,0
3457,Oct,IT,15,27486,84,26,5,24,1638,608,38794,34172,High,0
3458,Jun,IT,13,25078,85,25,4,21,1619,1039,34172,30906,Medium,0
3459,Apr,Operations,1,34357,80,25,5,36,4585,2006,30906,46175,High,1
3460,Jan,Sales,6,37036,84,25,4,28,4303,1858,46175,46004,High,0
3461,Aug,Operations,7,31071,92,24,2,0,7832,1877,46004,37322,Low,0
3462,Jun,IT,3,32095,96,20,1,38,7476,2807,37322,47005,Low,1
3463,Dec,Operations,2,26570,93,21,2,4,6722,1144,47005,32986,Low,0
3464,May,HR,14,40835,84,25,4,9,4648,491,32986,47953,High,0
3465,Nov,Operations,14,20683,80,23,5,18,5864,1975,47953,29393,High,1
3466,Sep,Sales,1,49534,89,21,3,0,3267,1126,29393,51977,Medium,0
3467,Jan,Operations,1,21602,96,20,1,26,4071,44,51977,31523,Low,0
3468,Mar,Sales,1,28211,90,23,3,0,4469,2840,31523,29859,Low,0
3469,May,IT,7,39947,95,22,2,34,1053,1566,29859,47395,Low,0
3470,Sep,IT,8,21664,99,21,1,26,6851,2463,47395,32573,Low,0
3471,Oct,HR,3,29579,91,23,3,22,1785,1192,32573,35296,Low,0
3472,Mar,IT,0,20073,84,22,4,6,3899,1645,35296,23627,High,0
3473,Dec,Sales,15,22085,80,26,6,19,6566,2495,23627,30190,High,1
3474,Nov,Finance,9,47374,98,24,1,6,2049,2028,30190,48364,Low,0
3475,Apr,Sales,0,19067,96,20,1,19,2041,1498,48364,23860,Low,0
3476,Mar,Finance,14,28386,84,23,4,17,5037,1674,23860,35695,High,0
3477,Oct,IT,3,27520,84,26,5,0,3686,1913,35695,29837,High,0
3478,Mar,Operations,5,21083,100,23,0,0,1721,1758,29837,20505,Low,0
3479,Oct,Operations,9,25724,98,25,1,31,1608,449,20505,34761,Low,0
3480,Aug,HR,14,30783,95,22,2,5,1004,1050,34761,32423,Low,0
3481,Jun,Sales,13,36683,93,24,2,37,1328,2033,32423,44498,Low,1
3482,Feb,IT,12,29841,98,23,1,14,5491,2529,44498,36996,Low,0
3483,Sep,Finance,8,23488,80,21,5,4,6835,820,36996,30194,High,1
3484,Sep,Sales,4,24756,93,26,2,20,7655,381,30194,37761,Low,0
3485,Sep,Operations,6,33246,86,20,3,34,4670,1437,37761,45700,Medium,0
3486,Apr,IT,5,19609,83,22,4,7,588,1153,45700,20438,High,0
3487,Dec,Finance,13,43849,98,22,1,16,5126,1521,20438,51696,Low,0
3488,May,Finance,2,46030,91,23,3,2,2347,2727,51696,45894,Low,0
3489,Jun,Operations,4,43210,94,24,2,36,1751,2279,45894,50907,Low,1
3490,Mar,HR,14,45399,99,22,1,37,3653,1060,50907,57210,Low,1
3491,Feb,HR,15,40517,95,25,2,18,4850,1508,57210,48947,Low,0
3492,Nov,IT,11,39175,84,22,4,26,5621,678,48947,50123,High,0
3493,Jun,Sales,14,38853,96,22,1,33,3627,2781,50123,48568,Low,0
3494,Sep,Finance,7,43518,97,24,1,14,4096,1523,48568,50017,Low,0
3495,Dec,IT,5,31699,93,20,2,29,3016,968,50017,40358,Low,0
3496,Jan,HR,13,25876,98,25,1,26,2143,2680,40358,32404,Low,0
3497,Mar,IT,0,49911,96,26,2,23,6369,1464,32404,60618,Low,0
3498,Aug,Sales,2,25245,83,24,5,32,2818,2817,60618,33803,High,0
3499,Oct,Finance,0,19808,80,25,5,40,7466,2315,33803,34358,High,1
3500,Mar,HR,8,44107,97,26,1,20,4319,64,34358,53756,Low,0
3501,Jan,IT,5,25095,98,23,1,40,6017,338,53756,40251,Low,1
3502,May,HR,13,20670,89,25,3,23,5902,2391,40251,29727,Medium,0
3503,May,Operations,2,20155,98,25,1,33,6817,1607,29727,33711,Low,0
3504,Apr,Operations,11,37261,83,20,4,19,5964,1979,33711,45780,High,0
3505,Jun,Finance,10,28496,100,20,0,13,3545,2602,45780,32394,Low,0
3506,Aug,Operations,1,33949,88,20,3,3,5837,395,32394,39638,Medium,0
3507,Apr,IT,5,38741,98,25,1,17,6583,1514,39638,48767,Low,0
3508,Aug,Sales,5,26027,100,21,0,17,5362,436,48767,35695,Low,0
3509,Jun,Sales,3,43168,96,26,2,12,6723,1995,35695,51157,Low,0
3510,Aug,HR,7,49453,92,24,2,12,44,1390,51157,50736,Low,0
3511,Dec,IT,3,21051,80,23,5,23,7951,445,50736,34104,High,1
3512,Sep,IT,10,35308,96,23,1,6,384,2661,34104,33741,Low,0
3513,Aug,Operations,5,38476,83,20,4,7,678,1343,33741,39297,High,0
3514,Apr,IT,1,25113,91,24,3,39,7019,20,39297,41707,Low,1
3515,Jan,HR,12,43796,85,25,4,2,5459,1015,41707,49064,Medium,0
3516,Apr,IT,10,47743,98,20,1,38,1306,2722,49064,56423,Low,1
3517,Jul,Operations,2,24691,94,20,2,29,7936,1860,56423,37385,Low,0
3518,Feb,IT,1,33472,96,26,2,22,2612,2690,37385,38772,Low,0
3519,Oct,Operations,7,30319,100,25,0,32,7006,2943,38772,41975,Low,0
3520,Oct,HR,1,37279,80,25,5,1,5833,2236,41975,40936,High,1
3521,Mar,Sales,10,38286,96,26,2,34,7327,1115,40936,53587,Low,0
3522,Feb,HR,8,40692,90,26,3,18,7617,1112,53587,51917,Low,0
3523,Nov,Sales,14,47712,100,22,0,28,5247,630,51917,58774,Low,0
3524,Jul,Finance,14,32856,89,20,3,25,2990,1791,58774,41046,Medium,0
3525,Feb,Sales,9,48893,90,25,3,21,298,533,41046,54098,Low,0
3526,Oct,Operations,9,27619,87,22,3,11,2855,1010,54098,32635,Medium,0
3527,Nov,Operations,10,49692,97,20,1,33,7024,1342,32635,63568,Low,0
3528,Nov,Sales,9,42437,92,25,2,39,3224,890,63568,54906,Low,1
3529,Mar,Operations,3,38162,98,26,1,37,529,2157,54906,46007,Low,1
3530,Sep,Operations,7,33931,100,22,0,12,3936,908,46007,39196,Low,0
3531,Mar,IT,0,27745,93,25,2,11,6326,2515,39196,33815,Low,0
3532,Nov,IT,2,44660,84,20,4,9,4061,1037,33815,50191,High,0
3533,Nov,IT,14,38260,81,20,4,9,3549,1624,50191,43119,High,1
3534,Jan,Operations,15,33302,100,22,0,24,2292,2456,43119,38602,Low,0
3535,Jan,Sales,3,21150,94,23,2,25,7536,1013,38602,34575,Low,0
3536,Apr,Finance,8,26935,88,24,3,31,128,1384,34575,33521,Medium,0
3537,Oct,Finance,7,23192,84,24,4,16,1503,188,33521,28611,High,0
3538,Dec,IT,10,21519,87,26,4,14,3826,2730,28611,26703,Medium,0
3539,Mar,Operations,1,48767,82,26,5,18,3759,340,26703,56570,High,1
3540,May,Sales,10,34812,85,25,4,22,1841,386,56570,41656,Medium,0
3541,Dec,Sales,1,43918,98,23,1,22,7745,2152,41656,55118,Low,0
3542,Feb,HR,14,19266,82,25,5,22,206,2616,55118,23005,High,1
3543,May,Operations,10,28926,96,23,1,15,2303,2328,23005,32060,Low,0
3544,Jul,Sales,7,40506,88,23,3,34,5395,1689,32060,53188,Medium,0
3545,Apr,HR,12,39909,92,24,2,19,5928,2663,53188,47668,Low,0
3546,May,HR,4,20967,89,22,3,22,7948,2565,47668,32339,Medium,0
3547,Jul,HR,5,37283,95,26,2,17,2457,2076,32339,41360,Low,0
3548,Sep,Operations,15,45277,86,22,4,6,6400,2112,41360,51221,Medium,0
3549,Sep,IT,12,35389,97,26,1,1,5804,877,51221,40845,Low,0
3550,Apr,HR,5,20075,83,25,5,5,4119,2455,40845,22993,High,0
3551,Feb,HR,2,46897,83,25,5,0,6631,2496,22993,50409,High,0
3552,Dec,Finance,6,30960,92,22,2,31,551,2449,50409,36632,Low,0
3553,Nov,Operations,13,41112,92,20,2,19,6885,2869,36632,49359,Low,0
3554,Jul,IT,6,31733,86,24,4,37,1523,2040,49359,39931,Medium,1
3555,Apr,HR,7,42513,100,21,0,11,2668,2252,39931,46090,Low,0
3556,Jun,Sales,13,33050,89,21,3,31,7726,348,46090,48939,Medium,0
3557,Aug,HR,6,49475,98,22,1,33,6748,2509,48939,62269,Low,0
3558,Nov,Operations,12,28562,87,24,4,36,1900,2297,62269,37341,Medium,1
3559,Sep,Sales,15,49642,86,21,3,32,6779,2187,37341,61578,Medium,0
3560,Jul,Operations,15,43705,88,21,3,3,519,2508,61578,42726,Medium,0
3561,May,Sales,13,32906,86,22,4,10,3711,1691,42726,37270,Medium,0
3562,Dec,Operations,5,28181,90,26,3,7,1200,1647,37270,28719,Low,0
3563,Nov,HR,6,41884,81,20,4,6,1681,2504,28719,43024,High,1
3564,Dec,Sales,7,25071,82,20,4,21,3312,2522,43024,30815,High,1
3565,Jun,IT,8,28752,82,20,4,40,5167,1531,30815,42245,High,1
3566,Nov,Finance,0,35335,84,26,5,30,1666,1850,42245,42858,High,0
3567,Nov,HR,1,44413,87,20,3,4,1786,2911,42858,44208,Medium,0
3568,Aug,HR,1,48326,86,20,3,12,1665,2912,44208,50782,Medium,0
3569,Oct,Finance,0,35144,84,22,4,16,4125,309,50782,43614,High,0
3570,Jul,HR,0,32777,98,26,1,12,3382,140,43614,38954,Low,0
3571,Mar,Finance,15,29400,94,26,2,2,3305,2078,38954,31719,Low,0
3572,Feb,HR,12,25333,82,24,5,20,4274,1509,31719,33821,High,1
3573,Apr,Operations,13,37444,88,24,3,11,1508,555,33821,41454,Medium,0
3574,Jan,Operations,15,23378,86,23,4,5,4716,980,41454,27621,Medium,0
3575,Apr,HR,9,47057,84,25,4,37,2665,2519,27621,55821,High,1
3576,Feb,IT,1,34657,80,20,4,33,7793,66,55821,50053,High,1
3577,May,Operations,1,26285,100,22,0,25,3782,836,50053,35489,Low,0
3578,Jan,Finance,12,18790,98,24,1,6,3747,1781,35489,22954,Low,0
3579,Nov,IT,2,45523,94,25,2,4,5874,1726,22954,51022,Low,0
3580,Mar,Operations,3,41411,84,21,4,8,836,2444,51022,42201,High,0
3581,Oct,HR,14,23152,81,26,5,30,5703,1438,42201,34331,High,1
3582,Aug,HR,2,44773,98,23,1,30,368,2015,34331,50369,Low,0
3583,Aug,IT,5,38557,100,26,0,33,4510,1007,50369,50585,Low,0
3584,Jun,IT,1,32787,100,22,0,12,7108,114,50585,42198,Low,0
3585,Jan,Operations,14,45168,98,26,1,8,1431,2958,42198,45622,Low,0
3586,Mar,Operations,10,33790,96,23,1,28,1839,2460,45622,40420,Low,0
3587,Aug,Sales,9,31933,82,21,4,6,6188,747,40420,38210,High,1
3588,Aug,Finance,15,40318,85,26,4,25,5748,295,38210,51506,Medium,0
3589,Aug,IT,14,42826,95,20,1,2,1483,1959,51506,43427,Low,0
3590,Feb,IT,13,42254,93,21,2,33,2699,2219,43427,50966,Low,0
3591,Dec,Finance,7,48651,89,26,3,11,5319,560,50966,56868,Medium,0
3592,Jan,Sales,4,22337,81,22,5,39,2069,142,56868,33780,High,1
3593,Apr,Finance,1,32557,85,22,4,6,6318,98,33780,40145,Medium,0
3594,Jul,Operations,1,24896,94,24,2,11,6222,1717,40145,31701,Low,0
3595,Oct,Operations,4,29518,99,26,1,9,633,473,31701,32344,Low,0
3596,Oct,Finance,13,21510,98,25,1,34,5242,1815,32344,33383,Low,0
3597,Oct,HR,15,30035,100,20,0,37,5344,1191,33383,43712,Low,1
3598,Jul,Finance,10,43646,85,20,3,10,3703,1215,43712,48807,Medium,0
3599,Jan,Sales,7,37416,98,26,1,11,5879,2073,48807,43210,Low,0
3600,Dec,Sales,0,41249,84,20,4,28,407,1185,43210,47032,High,0
3601,May,IT,15,41546,97,24,1,28,6646,276,47032,54477,Low,0
3602,Mar,HR,2,35907,99,26,1,37,1551,2145,54477,44414,Low,1
3603,Jan,IT,4,23757,84,26,5,14,7913,2926,44414,32764,High,0
3604,Feb,Finance,12,37735,94,24,2,26,2685,2297,32764,44487,Low,0
3605,May,IT,3,28106,93,20,2,25,3083,2454,44487,34800,Low,0
3606,Jan,Finance,1,20407,85,22,4,13,7716,235,34800,31304,Medium,0
3607,Sep,Finance,14,39366,93,22,2,15,408,1097,31304,41885,Low,0
3608,Nov,IT,13,34123,95,25,2,24,2132,2458,41885,39613,Low,0
3609,Mar,Finance,7,28190,84,20,4,36,6640,1830,39613,42699,High,1
3610,Jul,HR,0,46500,98,21,1,8,6062,1276,42699,54053,Low,0
3611,Apr,Sales,13,33773,91,24,3,32,2980,514,54053,44184,Low,0
3612,Nov,HR,9,21859,85,22,4,31,3179,2777,44184,29562,Medium,0
3613,Apr,Sales,1,19752,85,22,4,28,1570,602,29562,27221,Medium,0
3614,Mar,IT,9,43626,80,25,5,35,7106,2143,27221,57858,High,1
3615,Aug,Finance,9,36919,97,22,1,36,1782,2639,57858,45638,Low,1
3616,Mar,Operations,15,30340,81,21,4,32,5670,916,45638,42511,High,1
3617,Feb,Sales,7,21111,82,24,5,0,4377,1144,42511,24354,High,1
3618,May,IT,5,49829,95,22,2,9,3881,1250,24354,54134,Low,0
3619,Dec,IT,7,40899,83,24,5,25,5149,914,54134,51873,High,0
3620,Sep,Operations,10,22646,96,26,2,14,6365,2674,51873,30457,Low,0
3621,Dec,Sales,4,26098,80,20,4,37,7412,2895,30457,39859,High,1
3622,Jan,Operations,14,19270,93,22,2,31,1727,1181,39859,26788,Low,0
3623,Jan,HR,5,32978,94,20,2,19,4152,2523,26788,39304,Low,0
3624,Oct,Finance,9,36115,89,21,3,33,5868,1641,39304,49225,Medium,0
3625,Feb,Operations,8,26929,90,22,3,32,1614,1826,49225,34090,Low,0
3626,Jan,Operations,5,49265,85,25,4,28,25,1825,34090,54599,Medium,0
3627,Jul,Finance,0,24524,98,23,1,37,112,2713,54599,30919,Low,1
3628,Aug,HR,7,46175,94,21,2,6,253,568,30919,47675,Low,0
3629,Jan,Finance,15,28253,84,21,4,3,3622,2268,47675,29985,High,0
3630,Sep,Sales,1,32052,95,24,2,6,7502,2552,29985,38679,Low,0
3631,Aug,Operations,7,49058,97,23,1,22,2069,982,38679,55122,Low,0
3632,Jan,Operations,13,22529,99,21,1,17,6509,1756,55122,31342,Low,0
3633,Jan,Operations,2,21087,93,22,2,12,6355,1624,31342,29314,Low,0
3634,Sep,Operations,7,34416,100,24,0,33,4790,2686,29314,45380,Low,0
3635,Mar,HR,2,42240,100,22,0,16,4172,237,45380,50066,Low,0
3636,Aug,HR,3,42682,93,22,2,31,3947,1294,50066,52748,Low,0
3637,Sep,IT,9,25593,86,21,3,5,6614,2653,52748,31255,Medium,0
3638,Apr,IT,11,46686,88,26,4,11,5718,2819,31255,52372,Medium,0
3639,Jan,Sales,2,46819,97,22,1,5,3478,564,52372,50983,Low,0
3640,Apr,IT,10,26844,93,26,2,9,2478,575,50983,30397,Low,0
3641,Jun,Sales,8,40970,96,23,1,27,1565,2891,30397,46611,Low,0
3642,Nov,Finance,11,37467,90,25,3,23,795,318,46611,43696,Low,0
3643,Oct,HR,11,36313,83,23,4,12,7499,2786,43696,43596,High,0
3644,Nov,Finance,7,49223,93,20,2,40,3466,1356,43596,61167,Low,1
3645,Jul,IT,8,48656,99,26,1,15,7675,2771,61167,57546,Low,0
3646,Jul,IT,8,44113,87,22,3,15,920,605,57546,47730,Medium,0
3647,Mar,Operations,4,19453,83,22,4,6,7622,2626,47730,26466,High,0
3648,May,IT,8,42683,88,22,3,15,3251,2227,26466,46935,Medium,0
3649,Jan,Sales,12,24542,100,21,0,35,4566,162,46935,38049,Low,0
3650,Dec,Finance,2,44036,98,21,1,14,786,1032,38049,46969,Low,0
3651,Sep,Finance,14,43304,98,25,1,40,7213,1168,46969,59905,Low,1
3652,Dec,Sales,0,34144,99,23,1,7,4277,1105,59905,38960,Low,0
3653,Jul,Sales,11,48459,86,23,4,15,2982,2129,38960,52416,Medium,0
3654,Sep,IT,14,38442,87,21,3,21,4845,2274,52416,45850,Medium,0
3655,Aug,Finance,2,21091,95,24,2,17,6008,983,45850,29909,Low,0
3656,May,Operations,6,40767,80,23,5,35,3703,69,29909,52977,High,1
3657,Dec,IT,2,41218,81,20,4,18,4199,280,52977,48941,High,1
3658,Dec,HR,8,48371,96,20,1,1,6099,2455,48941,52612,Low,0
3659,Nov,Finance,5,38034,100,20,0,8,3423,2226,52612,41141,Low,0
3660,Feb,Finance,0,27970,82,21,4,5,4627,1023,41141,32139,High,1
3661,Oct,Finance,8,29255,97,24,1,36,6245,3000,32139,42120,Low,1
3662,Sep,Operations,5,30197,87,21,3,5,5103,2512,42120,33536,Medium,0
3663,Dec,Finance,11,34237,92,22,2,27,2920,2465,33536,41165,Low,0
3664,Sep,Finance,15,33369,100,22,0,6,1305,1193,41165,35138,Low,0
3665,Sep,Finance,2,48078,94,26,2,39,5066,470,35138,62972,Low,1
3666,Mar,IT,12,25359,83,24,5,12,1886,1927,62972,27974,High,0
3667,May,Sales,5,18726,92,20,2,17,967,601,27974,22871,Low,0
3668,Nov,HR,3,37479,82,23,5,39,310,313,22871,46869,High,1
3669,Sep,IT,8,43103,92,23,2,8,2455,2639,46869,44617,Low,0
3670,Nov,HR,15,20575,97,23,1,15,2373,1941,44617,24188,Low,0
3671,Dec,Operations,13,25919,90,22,3,17,3244,1492,24188,31371,Low,0
3672,Jun,IT,0,29194,91,22,2,0,3114,2929,31371,29205,Low,0
3673,May,Operations,8,39730,80,26,6,38,4839,2039,29205,52739,High,1
3674,Oct,IT,2,24864,100,26,0,4,2112,96,52739,27856,Low,0
3675,Apr,Operations,11,25767,87,23,3,10,3998,2376,27856,29145,Medium,0
3676,Apr,Sales,12,34519,87,24,4,14,7927,321,29145,45811,Medium,0
3677,May,Operations,3,44578,95,22,2,32,4870,216,45811,56990,Low,0
3678,Oct,HR,14,33698,84,24,4,36,4139,1347,56990,45278,High,1
3679,Jan,HR,9,22192,99,26,1,9,3139,98,45278,26849,Low,0
3680,Mar,Sales,6,34925,92,23,2,27,619,1962,26849,39962,Low,0
3681,Feb,Sales,3,18421,100,26,0,39,20,940,39962,27060,Low,1
3682,May,IT,3,41877,85,22,4,25,886,668,27060,49117,Medium,0
3683,Feb,HR,1,23878,82,25,5,1,4673,1033,49117,28402,High,1
3684,May,Sales,10,37417,96,25,1,23,4489,1314,28402,45735,Low,0
3685,Sep,HR,8,22140,90,20,2,0,3834,171,45735,25275,Low,0
3686,Jan,Operations,14,45187,91,24,3,27,4537,642,25275,55481,Low,0
3687,Apr,HR,11,46207,98,26,1,4,3235,1257,55481,49580,Low,0
3688,May,Sales,8,47805,85,22,4,34,3225,2099,49580,57325,Medium,0
3689,Feb,Sales,13,38828,91,24,3,3,4001,1757,57325,41659,Low,0
3690,Aug,IT,15,20713,96,24,1,18,2887,2453,41659,25255,Low,0
3691,Aug,Operations,11,45363,85,23,4,33,1879,1098,25255,53737,Medium,0
3692,Nov,HR,4,26149,86,24,4,15,3617,2902,53737,30048,Medium,0
3693,Jun,Operations,2,41305,81,25,5,15,6668,2112,30048,49851,High,1
3694,Jun,Finance,0,40808,87,21,3,12,885,698,49851,44683,Medium,0
3695,May,Finance,14,40505,95,20,1,28,1045,2099,44683,45884,Low,0
3696,Feb,HR,0,41821,99,26,1,30,1035,932,45884,49226,Low,0
3697,Sep,HR,9,36084,81,24,5,22,2463,722,49226,42688,High,1
3698,Jul,IT,3,19566,80,21,5,21,5342,740,42688,29832,High,1
3699,Sep,IT,9,21411,87,23,3,34,6301,2112,29832,33513,Medium,0
3700,Oct,HR,11,20699,93,24,2,7,6198,2994,33513,26292,Low,0
3701,May,Finance,12,22329,85,24,4,15,7122,1017,26292,32430,Medium,0
3702,Oct,IT,2,24373,88,22,3,2,5395,1677,32430,28027,Medium,0
3703,Sep,HR,0,18607,100,23,0,13,5305,2133,28027,25625,Low,0
3704,Nov,IT,9,42711,93,23,2,11,2094,1284,25625,46880,Low,0
3705,Dec,IT,14,23681,98,20,1,34,2517,2123,46880,33150,Low,0
3706,May,Sales,9,23463,89,26,3,32,7056,2832,33150,34902,Medium,0
3707,Mar,Operations,8,38180,90,20,2,3,6706,1251,34902,44369,Low,0
3708,Oct,IT,3,35651,92,20,2,20,3752,2987,44369,41007,Low,0
3709,Jul,IT,1,37897,80,21,5,17,1849,387,41007,43926,High,1
3710,May,HR,6,21633,84,23,4,39,2690,2641,43926,31890,High,1
3711,Jan,HR,13,41676,84,23,4,27,7338,2181,31890,53205,High,0
3712,Apr,Finance,8,31526,95,24,2,10,5368,406,53205,38189,Low,0
3713,Sep,HR,5,41416,93,25,2,34,6505,1695,38189,54346,Low,0
3714,Jul,Finance,13,30261,99,21,1,18,5704,577,54346,40229,Low,0
3715,Dec,Finance,14,29665,87,23,3,4,7359,163,40229,37506,Medium,0
3716,Feb,HR,15,22697,96,25,1,20,2221,2751,37506,27937,Low,0
3717,Jul,Operations,12,43502,88,23,3,2,3827,2796,27937,45291,Medium,0
3718,Apr,Finance,5,19460,82,26,5,33,2924,713,45291,29655,High,1
3719,Feb,Finance,1,28362,80,23,5,15,5687,1177,29655,36782,High,1
3720,Jun,HR,1,45505,80,24,5,33,6913,2088,36782,58332,High,1
3721,Jul,Operations,13,39551,95,24,2,40,6570,2141,58332,54736,Low,1
3722,Aug,IT,3,25382,82,26,5,3,7579,1508,54736,32094,High,1
3723,Nov,Finance,2,31992,99,25,1,17,5704,2418,32094,39411,Low,0
3724,Jun,Finance,2,27039,83,25,5,8,3922,809,39411,32672,High,0
3725,Nov,IT,15,40079,91,20,2,11,2880,2406,32672,43321,Low,0
3726,Jul,Finance,5,27940,99,20,1,23,5372,1469,43321,37601,Low,0
3727,Jan,Operations,7,24983,88,26,4,13,6439,325,37601,34354,Medium,0
3728,Jun,Sales,4,27390,88,23,3,15,3348,2231,34354,32133,Medium,0
3729,Sep,IT,2,40780,81,21,4,34,548,509,32133,49906,High,1
3730,Apr,IT,14,30519,88,24,3,15,6791,1656,49906,39209,Medium,0
3731,May,HR,10,28294,97,21,1,25,3881,306,39209,37441,Low,0
3732,Nov,HR,10,38939,89,23,3,24,3252,2281,37441,45212,Medium,0
3733,Mar,HR,0,39112,99,21,1,23,3681,1866,45212,45933,Low,0
3734,Aug,Sales,11,21569,80,21,5,20,1716,1498,45933,26547,High,1
3735,Jun,Sales,9,37588,83,26,5,20,5894,905,26547,46970,High,0
3736,Oct,HR,2,28509,90,20,2,28,7574,1837,46970,40940,Low,0
3737,Mar,Operations,0,20859,90,20,2,14,4503,459,40940,27885,Low,0
3738,Sep,Sales,0,33521,91,21,2,19,7484,1984,27885,43260,Low,0
3739,Jan,IT,9,27139,85,22,4,4,5661,1515,43260,32703,Medium,0
3740,Oct,Sales,12,34176,91,22,2,24,5758,1290,32703,45333,Low,0
3741,Mar,Operations,9,43046,92,25,2,9,337,2478,45333,42831,Low,0
3742,Jan,HR,7,49443,91,22,2,31,7887,1962,42831,62999,Low,0
3743,Nov,Operations,9,24854,94,24,2,28,5817,2778,62999,35597,Low,0
3744,Aug,HR,1,42375,89,20,3,14,124,1657,35597,44279,Medium,0
3745,Aug,Operations,15,35044,95,26,2,24,2395,240,44279,42818,Low,0
3746,Apr,IT,14,24759,95,22,2,29,903,1364,42818,31718,Low,0
3747,Jun,Sales,1,39016,94,20,2,23,5342,1398,31718,48405,Low,0
3748,Jun,Sales,10,22652,80,23,5,17,1521,1353,48405,27607,High,1
3749,Nov,IT,0,30588,81,24,5,4,5829,933,27607,36361,High,1
3750,Jun,HR,5,24348,99,20,1,36,6005,2792,36361,35874,Low,1
3751,Mar,Finance,0,33391,100,21,0,8,7073,1386,35874,40896,Low,0
3752,May,Sales,12,32183,92,24,2,3,2646,458,40896,35392,Low,0
3753,Jan,HR,8,36667,85,26,4,33,639,2524,35392,42651,Medium,0
3754,Oct,HR,9,35439,100,26,0,27,3641,1450,42651,45174,Low,0
3755,Mar,Operations,13,33310,89,22,3,17,7798,7,45174,45532,Medium,0
3756,Aug,Sales,2,29761,92,21,2,3,2464,856,45532,31853,Low,0
3757,Aug,Finance,12,27473,82,20,4,11,7249,1073,31853,36556,High,1
3758,Apr,Operations,0,40595,87,24,4,9,2170,1212,36556,44336,Medium,0
3759,Jan,Operations,13,31920,89,20,3,14,246,578,44336,34423,Medium,0
3760,Aug,Operations,1,44149,91,23,3,6,7356,1493,34423,51047,Low,0
3761,Nov,Finance,1,43424,85,26,4,28,1474,2721,51047,49406,Medium,0
3762,Aug,HR,8,18838,98,25,1,11,605,1421,49406,20909,Low,0
3763,Aug,IT,9,42563,95,23,2,40,2741,2012,20909,52567,Low,1
3764,May,Sales,2,26123,86,24,4,34,1979,366,52567,36547,Medium,0
3765,Oct,HR,12,27096,88,21,3,3,1915,1369,36547,27953,Medium,0
3766,Aug,HR,6,34220,98,20,1,27,6913,141,27953,48426,Low,0
3767,Jul,IT,1,29988,86,20,3,33,214,1842,48426,36950,Medium,0
3768,Jan,Sales,5,49132,94,26,2,6,3418,2646,36950,51205,Low,0
3769,Mar,IT,8,21119,95,22,2,15,443,2629,51205,22442,Low,0
3770,Jun,HR,9,35566,93,24,2,10,7610,567,22442,45888,Low,0
3771,Mar,HR,2,25280,81,25,5,40,4716,256,45888,39228,High,1
3772,May,Operations,7,23094,86,21,3,21,4262,539,39228,32230,Medium,0
3773,Jul,Sales,4,31307,89,21,3,2,145,1244,32230,31254,Medium,0
3774,Sep,Finance,3,26568,91,21,2,34,2854,2125,31254,35341,Low,0
3775,Sep,Finance,2,25680,95,24,2,1,423,2719,35341,23879,Low,0
3776,Jul,HR,12,42480,91,24,3,15,4594,557,23879,50997,Low,0
3777,Oct,Finance,2,18342,80,25,5,29,100,212,50997,25407,High,1
3778,Jul,IT,2,25062,84,24,4,32,6075,1586,25407,37449,High,0
3779,Aug,Operations,6,24315,100,25,0,39,3574,2268,37449,35074,Low,1
3780,Dec,IT,6,21324,82,21,4,4,6069,2339,35074,26226,High,1
3781,Apr,IT,10,46521,92,24,2,37,7603,2498,26226,60602,Low,1
3782,Sep,IT,1,39220,85,24,4,30,879,826,60602,46738,Medium,0
3783,Feb,HR,4,25748,91,23,3,37,3074,2447,46738,34987,Low,1
3784,May,Finance,12,38685,84,26,5,39,512,1602,34987,46764,High,1
3785,Nov,Finance,15,20574,93,20,2,15,3982,652,46764,27609,Low,0
3786,Nov,HR,10,40963,88,22,3,24,2312,918,27609,49087,Medium,0
3787,Dec,Finance,6,28332,94,26,2,7,3158,1145,49087,32801,Low,0
3788,May,HR,13,33603,90,20,2,38,1953,965,32801,44866,Low,1
3789,Jun,IT,6,46877,90,21,3,38,6249,1929,44866,60232,Low,1
3790,Nov,Sales,9,30131,93,23,2,24,1408,1796,60232,35536,Low,0
3791,Apr,IT,8,33077,96,24,1,28,317,1837,35536,38481,Low,0
3792,Oct,Finance,5,45179,90,20,2,15,7806,1383,38481,56072,Low,0
3793,Feb,IT,13,22147,92,26,3,16,3214,1,56072,29705,Low,0
3794,Feb,Operations,8,37292,95,20,1,31,7941,1521,29705,52019,Low,0
3795,Jun,IT,14,19123,91,21,2,15,4792,1519,52019,25566,Low,0
3796,Jan,Finance,1,29576,95,24,2,33,7460,796,25566,44305,Low,0
3797,Jan,Sales,7,40737,85,26,4,24,6553,888,44305,52855,Medium,0
3798,Jul,Sales,4,21232,82,22,4,2,2683,735,52855,23684,High,1
3799,Jun,Operations,12,30143,91,26,3,18,7039,649,23684,41676,Low,0
3800,Jan,Operations,14,32523,85,22,4,39,1850,1575,41676,41992,Medium,1
3801,Mar,Finance,10,38249,100,20,0,38,4251,172,41992,52189,Low,1
3802,Feb,Sales,3,46477,94,20,2,29,5679,1655,52189,57645,Low,0
3803,Sep,Finance,13,35488,84,21,4,24,6567,2371,57645,46056,High,0
3804,Apr,Finance,8,41567,84,25,4,28,2277,2660,46056,48649,High,0
3805,May,Operations,0,24580,92,25,2,13,6373,1700,48649,32649,Low,0
3806,Jan,Sales,7,36583,91,20,2,30,4923,2788,32649,45801,Low,0
3807,Oct,IT,1,36883,100,23,0,18,7809,1105,45801,47366,Low,0
3808,Jan,IT,6,40412,85,26,4,17,6271,897,47366,49324,Medium,0
3809,Jul,HR,5,23770,83,26,5,21,5861,2417,49324,33064,High,0
3810,Aug,Operations,12,30866,87,20,3,38,3334,1973,33064,41623,Medium,1
3811,May,HR,12,47318,92,22,2,20,6403,21,41623,58071,Low,0
3812,Oct,HR,3,42222,99,23,1,9,7107,2225,58071,48879,Low,0
3813,Nov,IT,14,40703,87,21,3,17,3553,301,48879,47620,Medium,0
3814,Apr,Operations,0,49559,95,23,2,35,3867,2614,47620,59009,Low,0
3815,Jun,HR,8,41517,96,20,1,29,1054,1928,59009,47963,Low,0
3816,Apr,Sales,8,35885,86,20,3,37,5361,970,47963,49637,Medium,1
3817,Feb,HR,10,31192,92,22,2,13,2456,992,49637,35332,Low,0
3818,Jan,Sales,4,25977,90,20,2,11,6629,2273,35332,32923,Low,0
3819,Jul,Operations,11,40721,84,23,4,14,1097,1976,32923,42937,High,0
3820,Jun,Operations,5,47337,98,24,1,36,2356,1175,42937,57480,Low,1
3821,Apr,Operations,2,28840,80,22,5,23,7390,2317,57480,39377,High,1
3822,Nov,HR,3,35308,83,24,5,9,49,60,39377,38251,High,0
3823,Sep,Sales,10,23133,89,21,3,0,7938,1566,38251,30049,Medium,0
3824,Oct,Finance,7,40099,82,21,4,19,7145,1811,30049,50109,High,1
3825,Oct,Finance,5,20110,84,23,4,4,5739,1625,50109,24870,High,0
3826,Nov,Operations,9,47111,100,23,0,37,6724,2624,24870,61113,Low,1
3827,Oct,IT,6,22036,96,23,1,19,185,2061,61113,25194,Low,0
3828,Mar,Finance,2,37357,99,20,1,13,3793,2459,25194,41775,Low,0
3829,Mar,Finance,0,22548,82,25,5,32,6164,2262,41775,34203,High,1
3830,Jan,Finance,6,42854,86,22,4,38,744,2271,34203,50657,Medium,1
3831,Mar,IT,6,37658,94,22,2,3,5390,2390,50657,41899,Low,0
3832,Aug,Finance,6,35182,85,25,4,18,479,1768,41899,38541,Medium,0
3833,Aug,IT,6,29442,99,23,1,39,6969,301,38541,45448,Low,1
3834,Apr,IT,13,24086,98,24,1,14,2175,1892,45448,27836,Low,0
3835,Jun,HR,11,27491,93,20,2,11,2493,727,27836,31944,Low,0
3836,Oct,Sales,10,26447,97,23,1,24,2871,1870,31944,33479,Low,0
3837,Feb,Finance,10,35743,89,23,3,11,5555,910,33479,42673,Medium,0
3838,Sep,Finance,8,45005,99,22,1,6,6584,1062,42673,52061,Low,0
3839,Mar,Operations,3,47589,98,20,1,22,355,501,52061,52194,Low,0
3840,Feb,Operations,4,45686,92,24,2,40,1122,1734,52194,54742,Low,1
3841,Nov,Sales,14,30139,99,24,1,12,3611,1352,54742,35709,Low,0
3842,Aug,Finance,1,24678,97,20,1,20,4379,2161,35709,31975,Low,0
3843,Jun,IT,11,32476,82,24,5,24,2387,2566,31975,38320,High,1
3844,Mar,HR,5,27188,95,23,2,31,2599,694,38320,36990,Low,0
3845,May,Finance,14,39543,87,20,3,23,6519,1211,36990,50536,Medium,0
3846,May,Finance,10,34548,87,20,3,37,1885,1775,50536,43285,Medium,1
3847,Mar,IT,0,32831,83,21,4,32,1835,507,43285,41814,High,0
3848,Feb,HR,4,28102,98,20,1,27,4127,882,41814,37373,Low,0
3849,Nov,Finance,15,24084,86,21,3,13,5914,610,37373,33394,Medium,0
3850,Sep,IT,5,19325,85,22,4,12,7862,2546,33394,27254,Medium,0
3851,Oct,Sales,9,36201,81,20,4,7,5766,2443,27254,41110,High,1
3852,Sep,Finance,9,18738,88,23,3,1,7433,2446,41110,23487,Medium,0
3853,Aug,Finance,9,27826,95,23,2,22,6971,168,23487,39462,Low,0
3854,Mar,Sales,12,47497,86,25,4,22,2986,2157,39462,53645,Medium,0
3855,Dec,Finance,10,28219,90,20,2,7,3813,1679,53645,31341,Low,0
3856,Jun,IT,2,25182,88,26,4,0,5875,43,31341,30430,Medium,0
3857,Sep,IT,5,26626,85,23,4,11,5154,1741,30430,32658,Medium,0
3858,May,HR,5,24113,98,20,1,38,3451,681,32658,37129,Low,1
3859,Jun,Finance,12,18367,97,22,1,32,3301,2572,37129,27026,Low,0
3860,Feb,Sales,12,49982,92,23,2,32,3473,2674,27026,58396,Low,0
3861,Dec,Operations,10,30703,98,22,1,3,5733,1482,58396,36477,Low,0
3862,Apr,Sales,0,47272,97,25,1,7,2878,520,36477,51233,Low,0
3863,Sep,Sales,7,25506,80,24,5,11,6460,2682,51233,31675,High,1
3864,Oct,IT,4,36548,89,23,3,34,7679,2152,31675,50530,Medium,0
3865,Jul,Operations,10,46451,82,22,4,39,3008,1974,50530,56681,High,1
3866,Feb,Operations,14,38127,96,21,1,20,5711,1257,56681,48089,Low,0
3867,Sep,Operations,15,40582,94,24,2,20,3699,692,48089,48744,Low,0
3868,Feb,IT,6,35521,96,20,1,11,6782,1004,48744,44647,Low,0
3869,Nov,Sales,2,36753,98,21,1,9,7146,382,44647,45391,Low,0
3870,Nov,IT,12,43033,89,22,3,25,1344,1084,45391,48855,Medium,0
3871,Mar,IT,13,30193,80,26,6,20,7387,435,48855,41605,High,1
3872,Jan,HR,15,40489,85,25,4,40,213,198,41605,51292,Medium,1
3873,Mar,IT,7,28874,81,25,5,7,563,2062,51292,29070,High,1
3874,Jan,HR,1,37139,97,26,1,14,430,2466,29070,37822,Low,0
3875,Dec,Operations,5,43653,93,23,2,9,6625,225,37822,53016,Low,0
3876,Oct,Finance,2,21341,95,23,2,37,6325,1830,53016,35384,Low,1
3877,Jan,HR,0,34693,85,21,4,0,1342,2670,35384,33740,Medium,0
3878,Jul,Operations,13,38281,100,23,0,0,3113,235,33740,41920,Low,0
3879,Apr,Sales,6,40537,87,25,4,14,2,2492,41920,41621,Medium,0
3880,Aug,Sales,10,19976,99,22,1,10,6624,1550,41621,28104,Low,0
3881,Dec,Sales,13,34731,81,24,5,38,4652,2296,28104,46040,High,1
3882,Sep,HR,6,34716,85,20,3,6,2676,1413,46040,37208,Medium,0
3883,Dec,Operations,2,45378,94,23,2,38,3490,375,37208,57206,Low,1
3884,Feb,Finance,4,32687,94,22,2,12,3060,217,57206,38529,Low,0
3885,Oct,HR,3,26114,99,24,1,5,196,420,38529,27259,Low,0
3886,May,HR,12,21173,81,24,5,26,6592,2593,27259,31219,High,1
3887,Sep,HR,7,37505,95,21,2,16,5656,2393,31219,45119,Low,0
3888,Aug,HR,6,41226,86,24,4,8,1488,2725,45119,41858,Medium,0
3889,Jul,IT,3,40336,85,21,4,25,5232,2017,41858,49227,Medium,0
3890,Dec,Finance,5,47988,98,26,1,8,3228,2968,49227,50602,Low,0
3891,Jul,Sales,5,29132,91,22,2,28,5569,605,50602,41079,Low,0
3892,Nov,IT,6,23311,84,21,4,0,7061,1134,41079,28968,High,0
3893,Nov,Operations,0,43359,87,26,4,38,1534,2170,28968,52841,Medium,1
3894,Jul,Sales,15,30825,89,20,3,24,721,125,52841,37439,Medium,0
3895,Aug,HR,1,20585,95,25,2,40,6955,353,37439,37233,Low,1
3896,Jan,HR,8,30974,98,26,1,22,961,2501,37233,34784,Low,0
3897,Jan,HR,13,43386,82,24,5,37,2704,1044,34784,53891,High,1
3898,Jun,HR,11,28351,83,20,4,4,5944,799,53891,34690,High,0
3899,Sep,Sales,7,20533,91,24,3,29,7545,1857,34690,34181,Low,0
3900,May,HR,5,29220,98,24,1,6,1425,639,34181,31472,Low,0
3901,Oct,Sales,9,27831,94,23,2,3,2931,1782,31472,30491,Low,0
3902,Jun,Finance,2,21863,88,24,3,15,2925,2935,30491,25753,Medium,0
3903,Jun,IT,6,36696,95,25,2,24,3366,1633,25753,44073,Low,0
3904,Jan,Finance,0,32924,99,23,1,21,3791,1027,44073,40518,Low,0
3905,Sep,IT,2,30008,83,23,4,6,6432,2259,40518,35993,High,0
3906,Jan,Operations,10,25980,94,20,2,37,5575,1610,35993,38906,Low,1
3907,Jul,Finance,15,31690,91,22,2,20,2946,557,38906,38807,Low,0
3908,Apr,Sales,12,43666,83,22,4,3,868,586,38807,44814,High,0
3909,May,IT,4,46417,100,24,0,40,3769,2398,44814,57213,Low,1
3910,Dec,Finance,10,43019,93,26,2,39,18,269,57213,52446,Low,1
3911,Aug,HR,3,26483,92,22,2,35,3412,2080,52446,36169,Low,0
3912,Apr,IT,7,44806,89,24,3,3,3177,2978,36169,46278,Medium,0
3913,May,Operations,8,20571,92,25,2,5,3970,2958,46278,22191,Low,0
3914,Feb,Operations,8,46083,85,21,4,19,926,580,22191,51210,Medium,0
3915,Apr,Sales,9,27785,88,23,3,1,928,2750,51210,25571,Medium,0
3916,May,Finance,13,43828,87,22,3,8,2701,1745,25571,46656,Medium,0
3917,Aug,HR,14,41781,80,26,6,7,6566,741,46656,49217,High,1
3918,Nov,IT,14,19391,83,21,4,19,7250,1051,49217,31051,High,0
3919,May,Finance,13,44938,86,25,4,25,7001,1140,31051,56647,Medium,0
3920,Jan,IT,10,49360,95,22,2,0,227,2468,56647,46368,Low,0
3921,Nov,HR,12,31323,84,20,4,19,7118,2500,46368,40926,High,0
3922,Aug,HR,4,25868,96,25,1,5,5306,3,40926,32443,Low,0
3923,Mar,Operations,3,42189,97,21,1,35,3815,823,32443,53322,Low,0
3924,Jun,Finance,9,40695,80,24,5,12,1023,1623,53322,42895,High,1
3925,Oct,Sales,11,32103,88,24,3,12,608,1075,42895,34310,Medium,0
3926,Oct,Sales,2,45381,85,22,4,33,68,808,34310,52260,Medium,0
3927,Jun,IT,6,44242,88,20,3,5,7099,1792,52260,50600,Medium,0
3928,Jan,Finance,14,21635,93,23,2,5,6625,1840,50600,27411,Low,0
3929,Feb,Sales,13,49566,80,25,5,1,937,1543,27411,49609,High,1
3930,Mar,HR,6,42885,99,20,1,0,4154,1361,49609,45323,Low,0
3931,Nov,Operations,0,23441,83,22,4,10,7130,693,45323,32216,High,0
3932,Jun,Sales,8,27101,100,20,0,25,3130,2421,32216,34261,Low,0
3933,Apr,Sales,0,33154,99,25,1,3,6277,2701,34261,38036,Low,0
3934,Aug,Operations,4,41083,88,23,3,3,2996,803,38036,43276,Medium,0
3935,Aug,Operations,6,38223,98,23,1,3,799,1480,43276,38806,Low,0
3936,Oct,IT,5,43006,85,26,4,29,6415,360,38806,55795,Medium,0
3937,Oct,Finance,4,38763,98,22,1,36,1472,1503,55795,47312,Low,1
3938,Jan,Sales,7,31551,83,20,4,27,1604,1960,47312,38570,High,0
3939,Mar,Sales,2,48621,95,25,2,21,6354,2247,38570,58087,Low,0
3940,Jan,Operations,8,44884,95,23,2,38,4476,2914,58087,56428,Low,1
3941,Feb,Operations,1,31397,85,25,4,17,818,1401,56428,35002,Medium,0
3942,May,Sales,4,46732,86,24,4,8,1172,1762,35002,47984,Medium,0
3943,Jul,Sales,7,35891,97,24,1,36,2712,2541,47984,44997,Low,1
3944,Dec,Operations,13,44322,83,24,5,4,4336,265,44997,49547,High,0
3945,Aug,Sales,0,34283,97,23,1,36,964,2033,49547,41482,Low,1
3946,Sep,Finance,3,35435,96,26,2,0,1882,2817,41482,34337,Low,0
3947,May,Operations,13,28993,98,22,1,12,3811,656,34337,35032,Low,0
3948,Oct,Operations,6,44175,94,26,2,19,3886,2486,35032,49981,Low,0
3949,May,Finance,11,20141,92,26,3,32,2811,1816,49981,29342,Low,0
3950,Sep,Operations,2,29954,88,21,3,21,4276,1892,29342,37759,Medium,0
3951,Sep,Sales,9,44086,95,21,2,7,3969,2794,37759,46241,Low,0
3952,Aug,HR,11,30261,84,24,4,21,2084,2180,46241,35002,High,0
3953,Nov,IT,12,26341,82,24,5,32,5681,447,35002,40336,High,1
3954,May,IT,13,23100,82,22,4,11,2948,2484,40336,25982,High,1
3955,Jun,Finance,0,38232,80,26,6,12,2257,293,25982,42984,High,1
3956,May,IT,10,40500,84,25,4,40,2617,2036,42984,50954,High,1
3957,Jan,Finance,13,43002,90,23,3,37,1450,643,50954,53265,Low,1
3958,Jul,Finance,10,24013,84,21,4,6,1362,560,53265,26921,High,0
3959,May,HR,2,36971,91,20,2,39,5729,494,26921,52173,Low,1
3960,May,HR,5,45700,85,25,4,23,4050,1444,52173,53278,Medium,0
3961,Feb,IT,2,22071,96,23,1,5,7840,1730,53278,29585,Low,0
3962,Mar,Operations,10,23496,90,26,3,11,2038,812,29585,27065,Low,0
3963,Jul,IT,8,24245,83,24,5,5,6722,496,27065,31085,High,0
3964,Jan,Sales,15,24472,94,24,2,15,518,1292,31085,28230,Low,0
3965,Oct,Sales,10,42832,94,21,2,25,6746,191,28230,55840,Low,0
3966,Jul,Operations,15,25148,95,24,2,31,4826,2249,55840,36263,Low,0
3967,Sep,Finance,15,44356,92,24,2,25,1684,2354,36263,50182,Low,0
3968,May,Operations,0,43649,97,20,1,20,7733,254,50182,56417,Low,0
3969,Aug,HR,14,47220,86,20,3,16,7712,2658,56417,56464,Medium,0
3970,Apr,Sales,8,43545,90,26,3,6,7021,1479,56464,51088,Low,0
3971,Sep,Finance,11,35299,94,25,2,23,3085,454,51088,43048,Low,0
3972,Jun,HR,9,33639,85,24,4,39,954,2354,43048,41224,Medium,1
3973,Mar,IT,3,40949,100,20,0,22,4499,1048,41224,49385,Low,0
3974,Dec,HR,8,40561,100,25,0,4,7423,232,49385,49358,Low,0
3975,Jun,Operations,13,29597,97,21,1,38,4757,835,49358,42784,Low,1
3976,May,Sales,2,19828,87,20,3,5,6378,781,42784,26126,Medium,0
3977,May,Finance,14,22194,96,21,1,12,6231,595,26126,30376,Low,0
3978,Oct,IT,10,25269,86,20,3,17,2971,1672,30376,30099,Medium,0
3979,Dec,HR,9,40262,92,22,2,32,5560,1194,30099,53405,Low,0
3980,Feb,IT,8,29691,96,23,1,15,6013,218,53405,38988,Low,0
3981,Mar,Finance,7,23224,83,21,4,14,2116,1418,38988,27194,High,0
3982,Jan,HR,2,38084,81,22,5,31,691,2497,27194,43596,High,1
3983,Dec,IT,15,21045,98,25,1,33,4941,1834,43596,31954,Low,0
3984,Nov,Operations,10,42255,90,25,3,0,1129,1473,31954,42018,Low,0
3985,Oct,Sales,1,27747,89,25,3,13,1341,1823,42018,31020,Medium,0
3986,Sep,Sales,9,39101,80,23,5,8,2901,1164,31020,42529,High,1
3987,Apr,Sales,5,19622,99,25,1,12,3568,1152,42529,24498,Low,0
3988,Feb,Operations,4,20448,100,25,0,20,7231,1883,24498,30526,Low,0
3989,Jul,Operations,5,29772,98,21,1,21,3216,416,30526,37177,Low,0
3990,Oct,Finance,0,45411,94,22,2,29,481,492,37177,51906,Low,0
3991,Jan,HR,1,38496,90,25,3,37,2373,2152,51906,47753,Low,1
3992,Jan,Sales,9,18935,88,26,4,7,86,1013,47753,20017,Medium,0
3993,Nov,HR,14,37759,92,26,3,15,6231,2524,20017,45431,Low,0
3994,Oct,HR,8,29149,87,23,3,18,7538,69,45431,41742,Medium,0
3995,Aug,HR,6,48407,96,24,1,1,5419,54,41742,53427,Low,0
3996,Aug,IT,8,22223,94,25,2,23,4406,572,53427,32104,Low,0
3997,Dec,Finance,3,41219,99,24,1,28,5343,2107,32104,51200,Low,0
3998,Aug,Operations,15,35586,82,24,5,1,451,1457,51200,34746,High,1
3999,Dec,Sales,7,49825,98,21,1,37,407,1811,34746,58281,Low,1
4000,May,Finance,9,22049,96,26,2,26,6323,1835,58281,33096,Low,0
4001,Nov,HR,6,49080,98,25,1,5,8,1615,33096,48920,Low,0
4002,Nov,Sales,14,47393,100,24,0,10,320,711,48920,49714,Low,0
4003,Mar,IT,11,37520,93,25,2,28,4488,2432,49714,47279,Low,0
4004,Jan,IT,10,48226,91,21,2,34,1319,815,47279,57070,Low,0
4005,Feb,Finance,7,38969,81,24,5,2,6122,1057,57070,44217,High,1
4006,Jun,HR,11,19530,82,23,5,17,3487,771,44217,25884,High,1
4007,Jul,HR,2,36055,86,23,4,23,3604,1303,25884,44627,Medium,0
4008,Oct,IT,9,44174,83,24,5,32,939,113,44627,53092,High,0
4009,Dec,HR,12,48537,100,26,0,18,6773,2616,53092,57236,Low,0
4010,Jun,Sales,4,18285,99,21,1,38,2316,1915,57236,28057,Low,1
4011,Sep,Finance,14,38459,95,22,2,36,3001,601,28057,50156,Low,1
4012,Mar,IT,3,28076,80,22,5,23,495,308,50156,33629,High,1
4013,Sep,IT,10,49437,100,21,0,26,5801,1347,33629,61033,Low,0
4014,May,Sales,12,34990,84,23,4,35,4047,1711,61033,46067,High,0
4015,Dec,Sales,15,35364,93,26,2,8,1527,2291,46067,35908,Low,0
4016,Sep,HR,11,23572,94,23,2,39,5262,48,35908,39277,Low,1
4017,Oct,IT,14,44151,90,20,2,19,1347,1675,39277,48059,Low,0
4018,Apr,Sales,14,23937,80,24,5,2,1539,2828,48059,22493,High,1
4019,Oct,IT,6,38334,88,20,3,6,1619,1644,22493,39992,Medium,0
4020,Apr,Operations,0,48975,87,20,3,13,1888,1389,39992,52970,Medium,0
4021,May,Sales,8,21248,90,23,3,6,1824,1792,52970,22671,Low,0
4022,Feb,Operations,6,23550,88,22,3,24,3569,1133,22671,31789,Medium,0
4023,Aug,IT,4,36930,88,24,3,28,4289,427,31789,48240,Medium,0
4024,Oct,Operations,15,35461,93,22,2,40,7332,1694,48240,51237,Low,1
4025,Jul,Finance,14,49902,85,24,4,24,7318,2942,51237,60632,Medium,0
4026,Jun,HR,4,34124,94,22,2,39,7767,2583,60632,49829,Low,1
4027,Apr,HR,3,25971,80,22,5,21,527,2431,49829,29199,High,1
4028,Dec,IT,7,39355,91,25,3,17,4788,2325,29199,45651,Low,0
4029,Apr,HR,12,44469,95,20,1,40,5574,403,45651,60275,Low,1
4030,Apr,Sales,7,33134,84,20,4,36,3644,2485,60275,43296,High,1
4031,Jun,IT,0,31979,99,25,1,33,5127,935,43296,45088,Low,0
4032,Apr,Finance,14,47824,96,22,1,13,6378,2670,45088,55423,Low,0
4033,Nov,HR,15,34959,93,25,2,25,5781,1811,55423,45659,Low,0
4034,Jan,Finance,14,32195,96,26,2,17,95,2460,45659,33411,Low,0
4035,Oct,Finance,13,33115,94,25,2,29,6470,629,33411,46727,Low,0
4036,Mar,HR,2,28429,87,26,4,26,765,391,46727,34916,Medium,0
4037,Jan,Finance,1,49523,93,22,2,13,1752,680,34916,53667,Low,0
4038,Nov,Sales,4,24974,100,21,0,27,1276,2983,53667,29592,Low,0
4039,Sep,Sales,2,32753,98,24,1,37,2863,1538,29592,42740,Low,1
4040,Apr,IT,12,43996,96,21,1,8,504,1492,42740,45187,Low,0
4041,Jun,IT,15,44405,98,23,1,11,1076,1879,45187,46907,Low,0
4042,May,HR,12,34028,83,24,5,35,3392,586,46907,45566,High,0
4043,May,IT,1,18396,81,24,5,15,6328,692,45566,27902,High,1
4044,Aug,HR,5,40703,86,25,4,9,3652,832,27902,46268,Medium,0
4045,Aug,Operations,8,34292,91,20,2,21,1993,82,46268,40710,Low,0
4046,Mar,Operations,0,48097,84,21,4,4,3909,2445,40710,51255,High,0
4047,Jun,Finance,11,30943,97,25,1,38,6488,181,51255,47548,Low,1
4048,Jun,Sales,3,48663,91,20,2,8,3428,1881,47548,51511,Low,0
4049,Nov,Finance,3,29601,98,26,1,1,368,917,51511,29556,Low,0
4050,Feb,Finance,0,36186,82,24,5,39,2864,2424,29556,46948,High,1
4051,Jun,HR,6,19279,97,24,1,32,6167,521,46948,32303,Low,0
4052,Aug,Sales,11,27939,94,22,2,11,1326,2461,32303,30223,Low,0
4053,Feb,HR,11,31219,88,24,3,38,3276,905,30223,43770,Medium,1
4054,Sep,IT,15,45651,96,23,1,13,1076,126,43770,49977,Low,0
4055,Nov,Operations,11,42155,87,21,3,37,4272,1617,49977,54476,Medium,1
4056,Sep,Sales,4,34340,93,26,2,2,5201,857,54476,38502,Low,0
4057,Oct,HR,4,38162,89,25,3,30,7736,1310,38502,52605,Medium,0
4058,May,Finance,6,29974,91,21,2,7,5344,2767,52605,34797,Low,0
4059,Oct,Operations,11,23144,90,22,3,12,7552,19,34797,34445,Low,0
4060,Dec,Operations,14,25440,88,25,3,6,3680,682,34445,30459,Medium,0
4061,Nov,IT,14,18976,95,20,1,3,1554,1095,30459,20387,Low,0
4062,Dec,HR,5,42503,83,23,4,4,5326,1335,20387,48162,High,0
4063,Nov,HR,2,47309,80,25,5,10,7889,253,48162,57569,High,1
4064,Sep,Finance,3,18437,90,21,3,39,3173,2143,57569,28556,Low,1
4065,Apr,Finance,4,46352,91,26,3,6,766,2367,28556,45507,Low,0
4066,Oct,Operations,11,44264,89,20,3,15,6151,648,45507,52958,Medium,0
4067,Jun,Finance,10,44514,98,22,1,30,1024,641,52958,51930,Low,0
4068,Mar,Sales,8,19305,93,20,2,33,3403,1018,51930,29999,Low,0
4069,Aug,Finance,2,34516,85,21,4,32,2923,2420,29999,42394,Medium,0
4070,Feb,Finance,1,47320,95,20,1,21,6714,2607,42394,57166,Low,0
4071,Sep,Sales,7,37687,95,21,2,40,3755,1324,57166,49349,Low,1
4072,Nov,Sales,8,19794,96,26,2,7,1194,795,49349,22505,Low,0
4073,Oct,HR,2,26723,85,23,4,30,4418,1603,22505,37669,Medium,0
4074,Sep,Operations,5,40918,96,26,2,4,6746,2197,37669,46305,Low,0
4075,Mar,Finance,2,19178,83,22,4,10,3986,913,46305,24479,High,0
4076,Jun,Sales,3,19333,81,23,5,34,854,1519,24479,27605,High,1
4077,Aug,IT,12,22160,85,22,4,11,791,2574,27605,22860,Medium,0
4078,Dec,IT,11,19458,86,21,3,36,7121,1351,22860,33445,Medium,1
4079,Jul,Sales,8,47835,86,24,4,7,7226,587,33445,56038,Medium,0
4080,Feb,Finance,15,34849,84,24,4,22,2820,172,56038,42931,High,0
4081,May,IT,2,25463,95,26,2,19,5629,2410,42931,33992,Low,0
4082,Sep,Operations,10,46570,83,20,4,30,3378,2838,33992,55365,High,0
4083,Jun,HR,10,18759,95,23,2,0,2151,2683,55365,18336,Low,0
4084,May,HR,10,31179,97,26,1,29,4746,1366,18336,42083,Low,0
4085,Apr,IT,2,22956,88,26,4,34,940,2155,42083,29441,Medium,0
4086,Jan,IT,3,39141,99,20,1,4,638,1717,29441,39400,Low,0
4087,Feb,IT,9,43522,87,26,4,4,2031,608,39400,45150,Medium,0
4088,May,Sales,6,46864,95,20,1,1,3419,2200,45150,48800,Low,0
4089,Apr,Finance,11,46100,91,24,3,11,1836,438,48800,50027,Low,0
4090,Jul,IT,9,49253,80,20,4,33,2805,1472,50027,58530,High,1
4091,Jan,Sales,12,28009,92,24,2,10,6074,1502,58530,35585,Low,0
4092,Apr,IT,6,39228,86,25,4,21,3412,940,35585,47147,Medium,0
4093,Nov,Finance,11,44523,88,20,3,10,1838,1380,47147,47802,Medium,0
4094,Oct,IT,15,26117,84,20,4,40,3908,2350,47802,37953,High,1
4095,Jan,Operations,14,45918,97,20,1,18,5694,2103,37953,53867,Low,0
4096,Mar,IT,7,40466,91,23,3,14,2241,1120,53867,45795,Low,0
4097,Nov,Sales,1,38490,95,22,2,3,2417,399,45795,41334,Low,0
4098,Jun,Operations,15,41594,91,20,2,38,3635,2857,41334,52495,Low,1
4099,Mar,IT,15,26161,84,23,4,16,4579,1247,52495,33845,High,0
4100,Nov,IT,10,25235,91,26,3,12,1364,2655,33845,27485,Low,0
4101,Nov,Sales,6,18504,100,26,0,18,5315,172,27485,27955,Low,0
4102,Jan,Operations,3,24231,85,21,4,36,3839,600,27955,37039,Medium,1
4103,Dec,HR,9,24873,80,23,5,18,2856,2744,37039,28792,High,1
4104,Mar,HR,0,44158,96,26,2,27,3483,1811,28792,52803,Low,0
4105,Apr,Sales,7,24964,90,23,3,0,761,2779,52803,22571,Low,0
4106,May,Finance,6,27722,95,23,2,27,7720,2750,22571,39790,Low,0
4107,Jul,HR,2,31238,88,25,3,13,3526,2091,39790,36443,Medium,0
4108,May,HR,3,21713,86,25,4,38,2968,53,36443,33971,Medium,1
4109,Feb,Operations,2,20144,97,24,1,10,2205,2803,33971,22809,Low,0
4110,Jun,Operations,8,29250,98,23,1,24,4247,343,22809,39193,Low,0
4111,Dec,Operations,10,44449,81,21,4,24,3163,95,39193,53989,High,1
4112,May,Finance,4,31532,99,23,1,40,1515,611,53989,42945,Low,1
4113,May,Operations,11,19328,94,26,2,37,3391,326,42945,32066,Low,1
4114,Feb,Finance,4,21967,88,23,3,38,281,1172,32066,30527,Medium,1
4115,Jan,Finance,5,30189,93,22,2,17,3006,2680,30527,34635,Low,0
4116,Apr,HR,3,30577,83,22,4,38,691,2764,34635,37260,High,1
4117,Nov,HR,2,33316,95,20,1,18,441,2821,37260,34675,Low,0
4118,Sep,Sales,12,49739,98,26,1,34,6230,2831,34675,62358,Low,0
4119,Mar,Finance,14,23395,88,21,3,31,2466,1547,62358,31584,Medium,0
4120,Jun,Sales,11,27640,97,26,1,8,4333,727,31584,33250,Low,0
4121,Dec,Operations,2,42380,94,24,2,12,330,30,33250,45616,Low,0
4122,Dec,Finance,13,19367,86,20,3,4,5900,342,45616,25568,Medium,0
4123,Mar,Finance,10,31933,99,25,1,20,4157,2860,25568,38670,Low,0
4124,Aug,Operations,8,23271,87,20,3,23,4319,1033,38670,31641,Medium,0
4125,Feb,HR,13,38323,96,24,1,35,1652,1717,31641,46599,Low,0
4126,Mar,Sales,1,27871,86,20,3,36,4709,1859,46599,39694,Medium,1
4127,Jan,Sales,5,42950,97,25,1,25,7776,1567,39694,56179,Low,0
4128,Jul,Sales,6,49744,89,21,3,8,6718,1556,56179,56401,Medium,0
4129,Oct,Operations,8,38142,88,22,3,19,5497,1676,56401,46173,Medium,0
4130,Jan,Sales,12,41207,87,24,4,37,3207,2049,46173,51158,Medium,1
4131,Jun,Finance,13,30488,92,24,2,11,5450,1790,51158,37030,Low,0
4132,Mar,HR,3,47689,85,23,4,12,6905,1382,37030,56729,Medium,0
4133,May,Operations,3,41356,83,26,5,21,5184,1080,56729,51194,High,0
4134,Mar,IT,0,38643,97,26,1,24,2417,2612,51194,43794,Low,0
4135,Dec,Finance,12,19629,95,22,2,31,6814,464,43794,33187,Low,0
4136,Dec,Sales,5,34878,91,24,3,4,6613,2726,33187,39759,Low,0
4137,Oct,HR,10,33732,84,21,4,37,3040,1046,39759,44934,High,1
4138,May,Sales,1,45270,86,25,4,21,7384,1906,44934,56468,Medium,0
4139,Sep,Sales,13,35508,99,23,1,19,7888,924,56468,46825,Low,0
4140,Mar,HR,15,39785,90,26,3,19,6182,1395,46825,49049,Low,0
4141,Jun,Sales,9,29478,96,21,1,10,1738,1955,49049,31495,Low,0
4142,Jul,IT,7,39729,81,22,5,18,3059,2856,31495,43994,High,1
4143,Apr,HR,6,42366,91,26,3,6,2930,1778,43994,44942,Low,0
4144,Sep,HR,14,37851,88,20,3,2,4005,2326,44942,40349,Medium,0
4145,Oct,Operations,10,21941,86,23,4,38,6600,2627,40349,35096,Medium,1
4146,Nov,IT,6,45046,85,20,3,31,1696,2782,35096,52367,Medium,0
4147,Nov,IT,0,35710,81,20,4,36,6111,1007,52367,49366,High,1
4148,Sep,HR,11,29272,96,22,1,18,2210,1687,49366,33758,Low,0
4149,Jun,IT,8,33982,81,22,5,11,3828,2806,33758,37945,High,1
4150,Jul,Finance,12,24491,93,20,2,19,285,1187,37945,28440,Low,0
4151,Jun,Operations,0,40902,88,21,3,26,2462,690,28440,49144,Medium,0
4152,Jun,HR,13,30266,87,22,3,32,5984,270,49144,43986,Medium,0
4153,Apr,Operations,9,28606,95,21,2,20,832,983,43986,34226,Low,0
4154,May,IT,13,26100,94,25,2,18,691,2591,34226,29248,Low,0
4155,Dec,Sales,15,28972,82,24,5,36,2544,2805,29248,38386,High,1
4156,Feb,Sales,4,31166,91,25,3,37,3725,366,38386,44215,Low,1
4157,Jul,Operations,1,18968,100,24,0,10,7794,1352,44215,27664,Low,0
4158,Jun,HR,15,21133,100,22,0,1,5619,192,27664,26461,Low,0
4159,Mar,Operations,9,32223,94,21,2,12,2903,736,26461,36660,Low,0
4160,Oct,Operations,10,18169,100,25,0,13,1001,20,36660,22486,Low,0
4161,Jul,HR,4,21798,99,25,1,11,4876,501,22486,29606,Low,0
4162,Feb,IT,3,26397,87,24,4,1,1823,972,29606,27195,Medium,0
4163,Aug,HR,10,33398,99,23,1,15,3965,350,27195,40850,Low,0
4164,Jun,IT,3,20958,97,25,1,17,2944,2836,40850,25492,Low,0
4165,Apr,IT,0,19735,82,22,4,29,7519,1032,25492,34229,High,1
4166,Sep,Finance,10,22300,87,26,4,16,3247,2407,34229,26483,Medium,0
4167,Mar,IT,14,41655,88,22,3,2,5060,2366,26483,44514,Medium,0
4168,Apr,HR,10,46317,83,22,4,38,7174,2227,44514,60523,High,1
4169,Nov,Operations,2,39689,89,23,3,31,847,2378,60523,46261,Medium,0
4170,Feb,IT,5,34168,95,21,2,10,4968,2638,46261,39417,Low,0
4171,Nov,IT,8,39540,80,26,6,39,3781,2859,39417,50599,High,1
4172,Mar,HR,8,20126,92,20,2,10,5063,934,50599,27338,Low,0
4173,Mar,Sales,10,33511,87,20,3,28,5534,1343,27338,45415,Medium,0
4174,Dec,Sales,6,37291,95,23,2,37,4861,1463,45415,50622,Low,1
4175,Nov,IT,15,25202,98,23,1,28,5222,1295,50622,35640,Low,0
4176,May,IT,15,37075,82,22,4,7,7829,1960,35640,44078,High,1
4177,Jan,IT,2,45218,82,20,4,28,2312,2221,44078,51961,High,1
4178,Aug,HR,8,31378,93,25,2,14,3206,575,51961,38154,Low,0
4179,Mar,Sales,1,34125,83,20,4,15,2637,1682,38154,38517,High,0
4180,Feb,Finance,8,24600,80,24,5,18,2224,173,38517,30936,High,1
4181,Sep,HR,8,37847,84,21,4,36,2965,2445,30936,47374,High,1
4182,Sep,Sales,9,33096,88,24,3,29,974,1643,47374,39711,Medium,0
4183,Mar,IT,1,48327,97,23,1,0,7887,57,39711,55960,Low,0
4184,Nov,Finance,6,34424,100,23,0,18,3415,1849,55960,40233,Low,0
4185,Jul,Finance,10,29956,88,23,3,3,1236,2761,40233,29319,Medium,0
4186,Jul,Sales,6,26297,93,24,2,23,6491,506,29319,37305,Low,0
4187,May,Sales,0,21857,99,21,1,25,7179,1741,37305,34091,Low,0
4188,Jan,Operations,2,23986,84,26,5,15,3046,2999,34091,27503,High,0
4189,Nov,Sales,3,44722,83,25,5,21,233,2095,27503,48322,High,0
4190,Aug,IT,11,46494,97,20,1,38,7849,2167,48322,62190,Low,1
4191,Aug,HR,1,44763,80,26,6,12,5168,2794,62190,50434,High,1
4192,Mar,Sales,13,29429,100,23,0,21,5404,248,50434,40307,Low,0
4193,Dec,HR,8,30604,84,21,4,1,5889,2131,40307,34305,High,0
4194,Oct,IT,1,47552,95,26,2,13,7022,1590,34305,56920,Low,0
4195,Jun,HR,14,24399,89,20,3,5,1096,2871,56920,24370,Medium,0
4196,Mar,Operations,9,47113,98,23,1,12,5564,2357,24370,52915,Low,0
4197,Dec,Sales,8,23468,96,25,1,23,516,1196,52915,28339,Low,0
4198,Oct,Sales,14,30086,98,25,1,6,5895,2678,28339,35473,Low,0
4199,Jun,IT,9,40575,81,23,5,8,1174,2032,35473,41809,High,1
4200,Sep,Finance,10,47985,100,24,0,4,1282,2669,41809,48325,Low,0
4201,Mar,Operations,11,49006,81,24,5,2,416,2048,48325,47147,High,1
4202,Dec,Operations,0,23965,82,26,5,29,7395,340,47147,38008,High,1
4203,Oct,Sales,15,43169,86,23,4,32,6882,653,38008,57117,Medium,0
4204,Nov,Finance,14,36177,94,21,2,17,5860,324,57117,46762,Low,0
4205,Apr,HR,2,24121,91,22,2,11,4464,1272,46762,30471,Low,0
4206,Jan,Finance,15,32112,81,26,5,25,370,408,30471,38192,High,1
4207,Sep,Operations,8,44774,85,23,4,19,7486,1968,38192,54420,Medium,0
4208,Sep,IT,15,29319,98,26,1,20,2601,1084,54420,35334,Low,0
4209,May,Sales,8,18738,91,26,3,37,3826,2425,35334,28817,Low,1
4210,May,IT,8,44385,99,22,1,23,6093,107,28817,56467,Low,0
4211,Jan,Finance,0,24449,80,26,6,26,5897,2920,56467,34607,High,1
4212,Mar,Operations,8,27786,91,21,2,27,5136,1344,34607,37595,Low,0
4213,Jan,HR,13,33164,92,22,2,9,4007,645,37595,38655,Low,0
4214,Oct,Finance,14,47029,87,23,3,31,1082,2555,38655,53621,Medium,0
4215,May,IT,14,41390,83,22,4,8,4177,1569,53621,46052,High,0
4216,Apr,HR,4,42530,85,21,4,39,5171,1143,46052,56134,Medium,1
4217,Apr,Finance,3,31324,83,20,4,18,921,2232,56134,34289,High,0
4218,Apr,Operations,11,35724,97,20,1,14,7743,439,34289,47276,Low,0
4219,Oct,HR,4,34504,89,25,3,20,1621,94,47276,41420,Medium,0
4220,May,Sales,4,41249,82,25,5,11,6522,1760,41420,48862,High,1
4221,Aug,Sales,4,27669,90,25,3,21,4793,357,48862,37413,Low,0
4222,Oct,Finance,6,25261,84,23,4,18,2577,1067,37413,31353,High,0
4223,May,Sales,14,18612,97,25,1,10,2568,85,31353,23156,Low,0
4224,Aug,Operations,11,26937,86,26,4,33,928,2019,23156,33452,Medium,0
4225,Sep,IT,13,41536,93,26,2,14,6817,1127,33452,51088,Low,0
4226,Nov,Sales,9,27511,95,23,2,25,948,2505,51088,32349,Low,0
4227,Aug,Operations,9,36995,95,25,2,17,7080,2700,32349,46415,Low,0
4228,Nov,Sales,10,24007,82,22,4,12,262,1844,46415,25757,High,1
4229,Apr,Finance,0,33550,83,20,4,22,3570,2186,25757,40489,High,0
4230,Jan,Operations,9,44370,89,22,3,11,7811,2462,40489,51726,Medium,0
4231,Jan,Sales,2,30606,98,26,1,24,5952,359,51726,42879,Low,0
4232,Mar,Finance,11,40297,89,22,3,23,7619,2338,42879,51534,Medium,0
4233,Feb,Sales,7,28773,85,21,4,39,857,550,51534,38457,Medium,1
4234,Feb,Finance,13,35852,98,23,1,15,3663,2707,38457,41290,Low,0
4235,Feb,Finance,2,35496,83,20,4,0,5740,491,41290,40852,High,0
4236,Sep,IT,1,45832,92,26,3,30,7284,1423,40852,58854,Low,0
4237,Jun,Operations,15,49417,92,23,2,5,2770,79,58854,53083,Low,0
4238,Apr,IT,5,34283,88,25,3,17,7772,2374,53083,43807,Medium,0
4239,Jun,HR,10,45258,87,20,3,4,1710,2064,43807,45657,Medium,0
4240,Jul,Sales,11,32511,80,20,4,0,4907,1805,45657,35288,High,1
4241,Mar,HR,10,30472,92,22,2,36,2456,2649,35288,39354,Low,1
4242,Oct,Operations,13,36960,89,25,3,15,5664,833,39354,45655,Medium,0
4243,Aug,Operations,1,38626,91,20,2,9,1965,1338,45655,41874,Low,0
4244,Sep,IT,14,24808,95,22,2,15,5376,1740,41874,32128,Low,0
4245,Dec,Operations,6,24334,80,24,5,19,7763,824,32128,35601,High,1
4246,Feb,IT,7,44199,86,24,4,11,7436,1842,35601,53243,Medium,0
4247,Jul,Operations,0,31331,81,25,5,22,1883,1515,53243,37243,High,1
4248,Oct,Sales,4,41130,86,22,4,18,3370,550,37243,48262,Medium,0
4249,Mar,Sales,6,40144,82,21,4,26,803,2699,48262,45471,High,1
4250,Jul,Sales,0,30954,95,21,2,12,3899,2676,45471,35078,Low,0
4251,Sep,Finance,8,20979,87,26,4,12,373,2345,35078,22790,Medium,0
4252,Dec,IT,5,18435,96,23,1,38,6045,2714,22790,31882,Low,1
4253,Jun,Operations,8,37372,89,20,3,18,7642,1885,31882,47888,Medium,0
4254,Aug,Operations,13,29415,81,21,4,38,3765,439,47888,42593,High,1
4255,Feb,IT,2,37639,100,25,0,1,5578,1056,42593,42598,Low,0
4256,Aug,Finance,15,35148,100,26,0,11,3214,2840,42598,39022,Low,0
4257,Jan,IT,15,34927,81,24,5,30,2909,769,39022,44014,High,1
4258,Dec,Operations,0,42995,85,24,4,32,1796,1842,44014,50727,Medium,0
4259,Sep,IT,2,39030,100,22,0,17,4040,1098,50727,45962,Low,0
4260,May,Finance,6,23027,87,26,4,23,1288,208,45962,29067,Medium,0
4261,Jun,Finance,10,32781,98,21,1,27,5849,1758,29067,43214,Low,0
4262,Dec,Finance,13,33880,100,24,0,30,7018,1097,43214,47628,Low,0
4263,Dec,IT,4,32365,96,21,1,32,7156,825,47628,47046,Low,0
4264,Dec,Operations,4,40530,82,20,4,26,3721,2778,47046,48306,High,1
4265,Nov,Sales,1,26076,83,26,5,25,3613,2811,48306,33232,High,0
4266,Jan,HR,1,22434,95,23,2,36,5440,280,33232,36579,Low,1
4267,Sep,Operations,8,24326,96,21,1,11,5648,2638,36579,30729,Low,0
4268,Jul,IT,5,23100,97,23,1,15,7163,459,30729,32831,Low,0
4269,Dec,Sales,14,43832,95,23,2,20,682,879,32831,49299,Low,0
4270,Mar,Sales,13,24404,93,23,2,35,4731,898,49299,37358,Low,0
4271,Feb,Operations,6,45406,97,24,1,19,1325,2629,37358,49189,Low,0
4272,May,Sales,13,36004,99,24,1,40,204,1650,49189,44009,Low,1
4273,Feb,Operations,1,36206,90,26,3,12,4883,1715,44009,42530,Low,0
4274,Jul,IT,4,31843,96,20,1,9,4556,275,42530,37950,Low,0
4275,Mar,IT,6,18912,92,24,2,33,7778,393,37950,35329,Low,0
4276,Jun,Operations,0,48492,82,23,5,27,5845,309,35329,61060,High,1
4277,Jun,Sales,14,18368,87,26,4,38,2875,2163,61060,29294,Medium,1
4278,Mar,Finance,5,43983,90,26,3,8,2665,571,29294,48438,Low,0
4279,Aug,IT,4,38690,84,24,4,34,7450,243,48438,55057,High,0
4280,Jul,Operations,12,37943,83,21,4,4,2522,810,55057,40361,High,0
4281,Apr,Sales,3,23079,91,21,2,31,7063,449,40361,37093,Low,0
4282,Jan,Sales,8,37925,90,22,3,8,3038,180,37093,42361,Low,0
4283,Mar,HR,3,39806,98,22,1,6,4914,1805,42361,44957,Low,0
4284,Jul,IT,12,21042,91,22,2,38,413,1204,44957,30546,Low,1
4285,Nov,Finance,1,35884,94,25,2,2,6815,194,30546,42950,Low,0
4286,Oct,Operations,0,38434,90,20,2,9,874,605,42950,40203,Low,0
4287,Mar,Sales,5,41807,100,26,0,11,6804,424,40203,50519,Low,0
4288,Oct,HR,0,45418,95,21,2,13,1416,2245,50519,47627,Low,0
4289,Aug,Sales,12,21551,84,26,5,34,3349,916,47627,32152,High,0
4290,Apr,HR,13,38336,93,25,2,3,1425,1120,32152,39980,Low,0
4291,Mar,Operations,10,47966,100,23,0,3,6526,1426,39980,53246,Low,0
4292,Dec,HR,0,44528,98,20,1,34,7013,2160,53246,58314,Low,0
4293,Aug,Finance,8,24527,96,24,1,31,1754,1260,58314,33462,Low,0
4294,Jul,IT,14,40684,83,22,4,21,903,1481,33462,45386,High,0
4295,Sep,IT,3,23769,81,24,5,36,3813,2155,45386,34684,High,1
4296,Feb,HR,1,18508,95,21,2,31,760,1649,34684,25280,Low,0
4297,Aug,Operations,1,37286,82,23,5,19,1356,2506,25280,41402,High,1
4298,Aug,Sales,0,21496,85,24,4,12,835,875,41402,23908,Medium,0
4299,Aug,Sales,15,21422,91,20,2,36,2868,519,23908,32209,Low,1
4300,Oct,HR,12,42103,97,21,1,1,624,407,32209,41789,Low,0
4301,Jun,Sales,2,49463,91,22,2,31,1911,2258,41789,56210,Low,0
4302,Dec,Operations,12,18813,81,21,4,16,929,1979,56210,21945,High,1
4303,May,Operations,7,29489,96,22,1,22,1330,2830,21945,34120,Low,0
4304,Jul,HR,0,24675,83,21,4,33,3211,1690,34120,34279,High,0
4305,May,Sales,0,49915,83,25,5,1,6507,2258,34279,54777,High,0
4306,Aug,HR,5,34628,85,20,3,33,5619,465,54777,48195,Medium,0
4307,Jun,IT,11,20799,80,25,5,12,5350,1661,48195,27912,High,1
4308,Dec,Operations,14,35182,100,20,0,8,721,1932,27912,35326,Low,0
4309,Nov,HR,6,22517,95,21,2,23,4798,2047,35326,30880,Low,0
4310,Jan,Finance,0,49801,85,23,4,17,472,761,30880,53818,Medium,0
4311,Jul,Sales,12,34836,94,23,2,25,7103,1683,53818,46467,Low,0
4312,Mar,HR,4,18052,94,23,2,27,5515,1204,46467,28859,Low,0
4313,Oct,Operations,9,32917,84,25,4,40,6710,2503,28859,46726,High,1
4314,Aug,HR,4,46244,88,25,3,2,4906,2901,46726,48385,Medium,0
4315,Feb,IT,2,44625,93,26,2,40,1407,1224,48385,54115,Low,1
4316,Dec,IT,5,39000,83,22,4,7,7682,1983,54115,47153,High,0
4317,Jan,Finance,12,27548,95,25,2,24,4582,221,47153,37871,Low,0
4318,Sep,IT,8,22715,87,20,3,12,405,426,37871,25283,Medium,0
4319,Feb,Sales,12,40497,94,24,2,20,23,2018,25283,42840,Low,0
4320,Nov,IT,2,41592,89,25,3,24,6971,1692,42840,52143,Medium,0
4321,Jan,Finance,4,21400,94,23,2,31,7454,557,52143,35775,Low,0
4322,Jan,Sales,7,42766,98,26,1,18,6255,1850,35775,51927,Low,0
4323,Sep,Finance,10,25846,87,25,4,38,7301,252,51927,42889,Medium,1
4324,Apr,HR,9,24446,97,20,1,9,6726,2641,42889,31346,Low,0
4325,Apr,HR,11,28839,89,22,3,15,2578,2676,31346,32825,Medium,0
4326,Dec,IT,8,41102,97,20,1,26,1188,1690,32825,47551,Low,0
4327,Feb,HR,1,36205,82,24,5,26,2739,73,47551,45356,High,1
4328,Apr,Finance,2,44541,95,23,2,33,1390,2897,45356,50850,Low,0
4329,Sep,Sales,7,45636,90,20,2,30,4105,655,50850,56031,Low,0
4330,Apr,HR,8,19061,96,20,1,21,2209,1488,56031,25195,Low,0
4331,Dec,HR,1,37050,92,24,2,13,879,1328,25195,39751,Low,0
4332,May,IT,9,29640,83,24,5,14,4107,1066,39751,36507,High,0
4333,May,Sales,7,19278,94,26,2,35,2947,576,36507,30875,Low,0
4334,Jul,Sales,4,31373,81,20,4,34,6468,2597,30875,43409,High,1
4335,Jun,Finance,2,41996,96,23,1,20,3233,2642,43409,46803,Low,0
4336,Dec,Sales,3,30570,83,24,5,7,1083,643,46803,32611,High,0
4337,Apr,Operations,6,42389,99,23,1,14,6326,2989,32611,49438,Low,0
4338,Dec,Sales,1,49916,90,26,3,21,5622,139,49438,60251,Low,0
4339,Nov,Operations,9,40447,80,23,5,38,5384,544,60251,54445,High,1
4340,Aug,IT,0,27374,90,26,3,25,2679,501,54445,35539,Low,0
4341,Oct,IT,12,21999,98,26,1,0,7326,445,35539,28898,Low,0
4342,Jul,Sales,5,23716,80,23,5,35,1987,401,28898,33912,High,1
4343,Dec,Operations,15,39909,89,25,3,32,7357,1671,33912,54388,Medium,0
4344,Jul,Operations,3,35350,95,26,2,18,2891,2531,54388,40514,Low,0
4345,Feb,Sales,2,29043,85,23,4,16,191,1307,40514,32369,Medium,0
4346,Oct,Finance,15,49211,83,20,4,36,1022,833,32369,58960,High,1
4347,Jun,HR,1,46753,90,20,2,39,299,51,58960,55980,Low,1
4348,May,HR,12,44350,85,21,4,32,6989,2458,55980,57006,Medium,0
4349,Mar,Operations,6,40425,84,26,5,35,4046,2979,57006,49603,High,0
4350,Dec,HR,7,24396,82,21,4,13,2416,2804,49603,27037,High,1
4351,Sep,Finance,13,45293,84,22,4,37,6610,556,27037,60593,High,1
4352,Aug,Sales,7,20401,90,24,3,33,429,2422,60593,26301,Low,0
4353,Feb,Finance,8,24931,91,22,2,25,1163,1573,26301,30402,Low,0
4354,Aug,Operations,7,30450,100,21,0,2,3012,2250,30402,30990,Low,0
4355,Nov,HR,1,28410,86,20,3,39,7712,2594,30990,42582,Medium,1
4356,Feb,Sales,11,33008,85,20,3,28,1628,1873,42582,39190,Medium,0
4357,Sep,IT,3,45343,92,23,2,3,7427,2750,39190,51283,Low,0
4358,Apr,Sales,2,23616,99,20,1,0,6548,262,51283,30505,Low,0
4359,Jan,Operations,12,31614,93,25,2,6,1805,517,30505,34521,Low,0
4360,Jun,Finance,13,34496,83,21,4,40,3596,2030,34521,45833,High,1
4361,Feb,HR,9,42370,100,26,0,1,2692,46,45833,44930,Low,0
4362,Jun,IT,4,30978,83,26,5,8,824,1524,44930,32212,High,0
4363,Dec,Finance,6,25995,95,21,2,6,1339,613,32212,28812,Low,0
4364,Mar,HR,10,39841,92,26,3,31,6839,872,28812,53703,Low,0
4365,Jul,IT,11,45240,93,22,2,0,2761,2170,53703,45388,Low,0
4366,Aug,Operations,3,39931,85,26,4,19,4180,1661,45388,46441,Medium,0
4367,Jan,Finance,4,23127,83,25,5,38,7474,431,46441,40410,High,1
4368,Feb,IT,14,19576,95,24,2,9,2784,410,40410,24669,Low,0
4369,Apr,Finance,1,34927,98,20,1,8,2636,2797,24669,37112,Low,0
4370,Apr,Sales,8,45504,84,22,4,30,5186,2394,37112,56386,High,0
4371,May,Sales,3,31618,100,25,0,2,2720,1503,56386,33173,Low,0
4372,Dec,Operations,15,40243,97,25,1,1,620,573,33173,39791,Low,0
4373,Sep,IT,2,48105,82,20,4,26,3664,1917,39791,56725,High,1
4374,Sep,Finance,5,22901,94,25,2,10,424,2281,56725,23628,Low,0
4375,Dec,Operations,4,22573,90,24,3,3,3406,266,23628,26956,Low,0
4376,Jul,Finance,2,18728,100,25,0,16,127,493,26956,23022,Low,0
4377,May,Operations,15,27009,98,20,1,34,1256,2658,23022,33347,Low,0
4378,Aug,IT,8,21218,97,20,1,4,2704,100,33347,24140,Low,0
4379,Nov,Operations,13,34944,96,24,1,9,1280,823,24140,37389,Low,0
4380,May,IT,1,28548,95,21,2,39,3988,487,37389,41377,Low,1
4381,Nov,Sales,10,45573,81,24,5,40,2808,2176,41377,56142,High,1
4382,Jan,Sales,13,33588,99,21,1,32,4667,1621,56142,44784,Low,0
4383,Oct,HR,3,27560,86,22,4,25,5987,1273,44784,38338,Medium,0
4384,Jan,HR,3,18292,85,23,4,24,4415,747,38338,28012,Medium,0
4385,Oct,Sales,5,21169,88,21,3,31,7436,2167,28012,33854,Medium,0
4386,Aug,Finance,15,33625,87,26,4,26,4325,712,33854,43191,Medium,0
4387,Oct,Finance,13,37363,81,23,5,11,7454,2348,43191,44460,High,1
4388,Nov,Operations,14,36566,90,25,3,32,5231,2885,44460,46621,Low,0
4389,Jan,HR,10,34780,80,23,5,18,6806,21,46621,45869,High,1
4390,Mar,IT,0,34776,86,21,3,30,1609,2471,45869,41541,Medium,0
4391,Oct,Finance,1,34725,86,22,4,32,5531,2445,41541,46313,Medium,0
4392,Jun,Finance,1,37472,93,22,2,27,34,147,46313,43616,Low,0
4393,Oct,IT,14,26428,87,26,4,11,4649,753,43616,32833,Medium,0
4394,Nov,HR,10,34912,85,23,4,32,2636,429,32833,45537,Medium,0
4395,Nov,Finance,9,41598,84,24,4,34,7074,662,45537,56571,High,0
4396,Mar,Sales,10,22563,84,26,5,9,3699,2921,56571,25690,High,0
4397,Mar,IT,12,43130,93,25,2,30,3700,1882,25690,52683,Low,0
4398,Sep,IT,13,18845,81,23,5,39,493,520,52683,28290,High,1
4399,Jul,Finance,7,37896,89,21,3,12,4235,2688,28290,42602,Medium,0
4400,Jan,Sales,5,36145,84,23,4,37,3881,718,42602,48166,High,1
4401,Oct,Sales,3,37668,98,23,1,8,4354,2094,48166,42019,Low,0
4402,Jan,IT,13,24488,100,23,0,12,1632,1093,42019,27657,Low,0
4403,Aug,IT,9,20484,94,26,2,33,3160,780,27657,30931,Low,0
4404,May,IT,1,37892,89,21,3,32,5662,1686,30931,49287,Medium,0
4405,Jun,Operations,14,20143,91,24,3,1,4421,1026,49287,23954,Low,0
4406,Feb,Operations,14,26293,88,21,3,23,3669,1196,23954,34488,Medium,0
4407,Nov,HR,0,43823,82,21,4,24,6448,832,34488,55560,High,1
4408,Aug,Finance,0,47741,96,26,2,24,4527,1862,55560,56722,Low,0
4409,Jun,Operations,2,28229,86,21,3,29,3948,2875,56722,35826,Medium,0
4410,Feb,Finance,11,45020,91,21,2,33,3314,2148,35826,55006,Low,0
4411,May,Finance,8,45649,86,21,3,4,871,1280,55006,45677,Medium,0
4412,Apr,Operations,5,28907,89,22,3,32,192,1155,45677,35998,Medium,0
4413,Sep,Finance,2,37769,97,26,1,40,7271,1461,35998,53701,Low,1
4414,Dec,IT,10,30259,94,24,2,16,1816,1663,53701,34950,Low,0
4415,Jul,Finance,0,19329,85,20,3,18,3586,1946,34950,24792,Medium,0
4416,Jul,HR,10,39419,81,21,4,35,5719,2279,24792,51404,High,1
4417,Jul,HR,2,31156,86,23,4,32,1002,2167,51404,38704,Medium,0
4418,Aug,IT,6,19413,81,22,5,21,180,1073,38704,24109,High,1
4419,Aug,IT,14,27766,82,25,5,37,2392,2869,24109,37254,High,1
4420,Feb,Sales,3,49408,87,24,4,4,6839,662,37254,56451,Medium,0
4421,Mar,Operations,14,44596,94,24,2,17,6786,2477,56451,52533,Low,0
4422,Sep,Finance,13,42623,91,24,3,18,2675,516,52533,49578,Low,0
4423,Sep,Operations,0,38663,97,20,1,3,1868,100,49578,41275,Low,0
4424,Mar,HR,11,22615,83,20,4,6,3403,2525,41275,25234,High,0
4425,May,HR,13,21365,81,23,5,12,62,2630,25234,21553,High,1
4426,Aug,HR,5,48869,86,26,4,26,1467,2514,21553,54240,Medium,0
4427,Mar,Operations,13,30043,98,21,1,31,7797,2979,54240,42115,Low,0
4428,May,Finance,15,25419,84,26,5,11,950,1287,42115,27120,High,0
4429,Jan,Finance,9,28086,100,23,0,29,4680,1302,27120,38321,Low,0
4430,Oct,Sales,9,22722,80,25,5,0,2040,2171,38321,23102,High,1
4431,Dec,HR,9,28230,82,20,4,16,4910,2008,23102,34984,High,1
4432,Nov,Finance,13,30802,81,20,4,37,6002,872,34984,45628,High,1
4433,Jul,HR,8,33076,84,20,4,8,4742,2882,45628,37679,High,0
4434,Dec,Sales,12,28030,93,20,2,24,7658,1566,37679,40286,Low,0
4435,Oct,HR,3,20847,97,24,1,22,7248,144,40286,34091,Low,0
4436,May,IT,7,19590,82,26,5,36,5072,1022,34091,32430,High,1
4437,Jun,Operations,1,35846,87,25,4,23,4209,506,32430,45660,Medium,0
4438,Oct,HR,1,36362,90,26,3,39,1417,469,45660,47324,Low,1
4439,Jan,Sales,7,32186,88,24,3,2,6386,2251,47324,36681,Medium,0
4440,Jul,IT,14,25409,94,22,2,13,6647,862,36681,34562,Low,0
4441,Jan,Operations,1,33849,94,25,2,10,4279,2898,34562,37124,Low,0
4442,Apr,Operations,11,46334,91,24,3,5,2921,483,37124,50456,Low,0
4443,Jan,HR,11,21690,84,22,4,27,917,2463,50456,26656,High,0
4444,Jun,Operations,8,34189,92,20,2,33,1221,813,26656,42077,Low,0
4445,Jan,Finance,1,20992,98,20,1,19,4283,343,42077,29156,Low,0
4446,Jan,HR,3,41790,97,25,1,13,6913,672,29156,50769,Low,0
4447,Dec,Sales,10,26571,89,24,3,18,371,1366,50769,29637,Medium,0
4448,May,HR,6,25017,93,21,2,36,4387,411,29637,37792,Low,1
4449,Dec,IT,4,43048,89,21,3,12,7422,1601,37792,51118,Medium,0
4450,Jan,HR,10,28584,100,23,0,7,7169,864,51118,36447,Low,0
4451,May,HR,12,46850,97,23,1,17,3932,1729,36447,54099,Low,0
4452,May,Sales,5,21978,95,25,2,24,6523,433,54099,33967,Low,0
4453,Jun,IT,6,45796,81,21,4,15,2254,379,33967,50966,High,1
4454,Apr,HR,4,31601,91,22,2,32,3138,369,50966,42920,Low,0
4455,Dec,Finance,8,47422,88,20,3,23,7390,1389,42920,59965,Medium,0
4456,Jun,IT,9,33690,92,20,2,26,3372,1901,59965,41152,Low,0
4457,Sep,Finance,4,44220,86,20,3,13,4455,338,41152,51856,Medium,0
4458,Jul,Operations,9,45257,98,20,1,29,110,560,51856,51597,Low,0
4459,Oct,Operations,11,35041,81,23,5,22,4775,1016,51597,44503,High,1
4460,Oct,Finance,7,40909,82,22,4,20,6802,2465,44503,51022,High,1
4461,Nov,Operations,7,33570,99,26,1,28,2737,2861,51022,41108,Low,0
4462,Jan,Finance,5,31568,95,24,2,13,3794,2931,41108,35895,Low,0
4463,Nov,IT,12,26497,86,22,4,30,5722,2108,35895,37518,Medium,0
4464,Jun,Sales,7,40314,95,24,2,6,4998,68,37518,47345,Low,0
4465,Mar,Operations,15,31380,82,26,5,30,4178,1936,47345,41036,High,1
4466,May,Sales,4,37676,90,25,3,23,1434,342,41036,44222,Low,0
4467,Jul,IT,0,24761,98,20,1,32,1419,1021,44222,33758,Low,0
4468,Mar,Finance,6,43203,89,26,3,30,457,398,33758,50008,Medium,0
4469,May,IT,1,25400,98,20,1,17,2922,1039,50008,31835,Low,0
4470,May,Finance,12,40020,91,22,2,36,3080,2799,31835,48538,Low,1
4471,Oct,Sales,12,36219,95,23,2,19,3217,722,48538,43561,Low,0
4472,May,Operations,13,24108,87,22,3,21,2311,2278,43561,29790,Medium,0
4473,May,IT,15,41717,86,20,3,3,2966,15,29790,46174,Medium,0
4474,Sep,Finance,8,32206,91,25,3,27,1892,890,46174,40524,Low,0
4475,Oct,IT,8,40644,84,21,4,29,2253,2060,40524,48752,High,0
4476,May,Finance,12,21053,95,26,2,36,6110,2832,48752,32842,Low,1
4477,Aug,Finance,1,47574,87,26,4,9,1724,744,32842,50575,Medium,0
4478,Dec,HR,7,24322,86,23,4,9,7324,703,50575,32393,Medium,0
4479,Jun,Operations,13,21078,93,20,2,14,6937,2422,32393,29043,Low,0
4480,Jun,IT,4,20813,93,23,2,24,1042,939,29043,26796,Low,0
4481,Jun,Operations,3,19365,87,22,3,39,4743,2755,26796,31702,Medium,1
4482,Jan,Finance,9,48669,82,21,4,12,4069,2858,31702,52860,High,1
4483,Feb,HR,6,40823,97,25,1,15,7528,2385,52860,49800,Low,0
4484,Oct,HR,14,48262,94,24,2,24,4485,2864,49800,55755,Low,0
4485,Mar,Finance,0,25500,89,21,3,18,6064,1322,55755,35228,Medium,0
4486,Apr,Operations,2,25770,91,26,3,9,5344,1236,35228,32405,Low,0
4487,Dec,Sales,1,36522,89,26,3,11,6507,604,32405,44699,Medium,0
4488,Dec,Finance,11,45113,81,20,4,12,7072,149,44699,55631,High,1
4489,Mar,IT,12,26553,95,25,2,28,525,1966,55631,32294,Low,0
4490,Jan,HR,9,30662,88,24,3,38,7805,112,32294,48040,Medium,1
4491,Jul,Sales,13,23320,95,26,2,36,6330,1663,48040,36878,Low,1
4492,Feb,HR,15,25021,80,20,4,37,6515,961,36878,40068,High,1
4493,Jul,IT,12,26023,82,25,5,17,1651,2860,40068,28638,High,1
4494,Sep,IT,15,19967,88,23,3,8,4524,709,28638,25262,Medium,0
4495,Dec,IT,4,20408,100,23,0,7,227,1866,25262,21280,Low,0
4496,Jan,HR,2,40610,82,25,5,22,1026,501,21280,47200,High,1
4497,Apr,HR,7,26030,94,21,2,30,3763,2858,47200,34492,Low,0
4498,May,Finance,11,37903,80,24,5,4,4868,577,34492,43358,High,1
4499,Aug,HR,2,46137,89,23,3,32,5276,1134,43358,58939,Medium,0
4500,Jan,HR,8,32099,96,25,1,27,2222,1730,58939,39353,Low,0
4501,May,HR,14,19897,88,24,3,13,3846,1476,39353,26265,Medium,0
4502,Jan,Finance,6,31981,97,24,1,31,6533,33,26265,45936,Low,0
4503,Jul,IT,13,31746,96,26,2,20,4860,735,45936,40136,Low,0
4504,Dec,HR,2,38367,83,21,4,19,7694,2396,40136,47756,High,0
4505,Apr,Finance,0,30486,81,24,5,36,5911,2762,47756,41961,High,1
4506,Oct,HR,11,35775,86,26,4,10,2060,666,41961,39202,Medium,0
4507,May,Sales,14,47620,90,20,2,29,6762,884,39202,61090,Low,0
4508,Sep,Operations,7,20705,99,26,1,14,1415,792,61090,24300,Low,0
4509,Dec,Sales,4,37969,92,26,3,40,494,2871,24300,45563,Low,1
4510,Jul,Sales,2,33587,81,22,5,40,4219,2225,45563,46365,High,1
4511,Jan,Finance,4,30532,96,22,1,11,906,706,46365,33255,Low,0
4512,Feb,Sales,5,24882,92,25,2,28,7742,2457,33255,37938,Low,0
4513,Aug,Sales,14,31299,87,26,4,7,6286,729,37938,38547,Medium,0
4514,Jan,HR,11,35336,100,23,0,18,430,1619,38547,39445,Low,0
4515,Oct,HR,4,42984,87,24,4,29,4869,72,39445,55288,Medium,0
4516,Nov,Sales,2,46169,93,21,2,20,5455,1528,55288,54974,Low,0
4517,Sep,Finance,13,47647,82,23,5,17,5274,48,54974,56836,High,1
4518,Jul,Operations,3,41172,86,25,4,24,2078,2423,56836,46443,Medium,0
4519,Aug,Sales,10,48009,82,23,5,34,7535,2469,46443,62177,High,1
4520,Dec,Sales,8,24589,85,25,4,11,4955,2148,62177,29484,Medium,0
4521,Apr,Finance,9,18778,87,20,3,34,317,926,29484,26851,Medium,0
4522,Mar,IT,4,48686,80,21,5,5,7458,1228,26851,56591,High,1
4523,Sep,Operations,1,39872,82,26,5,21,6186,1779,56591,49077,High,1
4524,May,Sales,6,24349,95,21,2,15,803,2998,49077,25695,Low,0
4525,May,Finance,13,20911,81,24,5,36,1825,579,25695,31451,High,1
4526,Sep,HR,4,31170,84,22,4,32,4798,508,31451,43491,High,0
4527,Aug,HR,5,46077,83,21,4,31,484,89,43491,54329,High,0
4528,Jan,Sales,8,36666,92,24,2,2,1488,36,54329,38131,Low,0
4529,Aug,Sales,5,33018,87,20,3,1,3425,288,38131,35821,Medium,0
4530,Nov,HR,14,25326,91,26,3,29,927,513,35821,32195,Low,0
4531,Feb,Operations,7,32059,88,24,3,3,7044,354,32195,40054,Medium,0
4532,Feb,IT,10,28469,100,21,0,36,7412,2042,40054,42334,Low,1
4533,Jul,HR,7,48474,85,21,4,31,1554,1478,42334,56825,Medium,0
4534,Mar,Sales,5,19179,95,23,2,28,533,724,56825,26469,Low,0
4535,Feb,Finance,4,46854,84,20,4,9,6886,592,26469,55493,High,0
4536,Feb,IT,15,27480,88,26,4,0,1089,689,55493,27512,Medium,0
4537,Jun,HR,7,37160,97,23,1,9,4332,2921,27512,40182,Low,0
4538,Feb,Finance,15,40542,100,20,0,17,5803,2989,40182,48385,Low,0
4539,Mar,Finance,7,43394,95,24,2,30,1807,614,48385,52268,Low,0
4540,Aug,Finance,13,24894,89,24,3,15,6123,2990,52268,32517,Medium,0
4541,Aug,Operations,8,19376,91,26,3,12,7833,630,32517,30067,Low,0
4542,Oct,Sales,6,43540,80,22,5,0,5785,220,30067,49181,High,1
4543,Sep,Operations,7,35539,98,26,1,15,3483,1267,49181,41901,Low,0
4544,Feb,Sales,15,38941,89,23,3,7,7558,1521,41901,46778,Medium,0
4545,Sep,Operations,0,34139,90,26,3,22,5816,2063,46778,42713,Low,0
4546,Mar,Finance,12,27379,95,24,2,37,4926,735,42713,41126,Low,1
4547,Dec,Operations,0,46954,87,24,4,33,3808,2966,41126,55837,Medium,0
4548,Sep,Finance,11,39753,87,22,3,18,7332,1246,55837,49931,Medium,0
4549,Sep,Sales,15,39635,97,23,1,4,48,394,49931,40711,Low,0
4550,Sep,Finance,4,43376,86,20,3,20,7986,1656,40711,53997,Medium,0
4551,Apr,HR,14,27011,86,21,3,38,579,740,53997,35974,Medium,1
4552,Dec,HR,8,39806,87,25,4,37,2550,1473,35974,49444,Medium,1
4553,Oct,HR,12,35230,80,21,5,0,546,927,49444,34921,High,1
4554,Apr,Finance,4,30897,93,21,2,22,7493,1356,34921,42798,Low,0
4555,Jul,IT,0,36466,92,22,2,23,7210,1317,42798,48099,Low,0
4556,Aug,HR,7,23205,97,22,1,18,3423,788,48099,30066,Low,0
4557,Jun,Finance,10,48545,95,23,2,36,412,1133,30066,56292,Low,1
4558,Nov,IT,0,46898,83,25,5,19,2709,2917,56292,51731,High,0
4559,Nov,Sales,6,26430,98,24,1,28,6049,351,51731,39912,Low,0
4560,May,IT,15,48285,81,23,5,36,4757,2916,39912,58792,High,1
4561,Apr,Sales,11,37150,97,24,1,22,4724,201,58792,47488,Low,0
4562,Feb,Sales,5,43162,93,26,2,23,1582,60,47488,50899,Low,0
4563,Apr,IT,0,28228,89,22,3,37,7536,1915,50899,43488,Medium,1
4564,Sep,IT,6,45326,100,21,0,37,703,1156,43488,54097,Low,1
4565,Sep,HR,15,37520,89,21,3,23,916,2422,54097,42316,Medium,0
4566,Jan,IT,4,35308,89,21,3,19,7392,1005,42316,47128,Medium,0
4567,Oct,IT,14,43929,83,21,4,3,6294,1140,47128,50270,High,0
4568,Aug,HR,14,27914,91,22,2,27,3963,829,50270,37218,Low,0
4569,Jan,Finance,6,28722,100,22,0,35,3117,605,37218,39466,Low,0
4570,Jul,HR,14,28190,99,25,1,27,2123,654,39466,36832,Low,0
4571,Sep,Sales,12,42165,87,22,3,13,3493,1980,36832,47196,Medium,0
4572,Aug,IT,13,45921,92,26,3,6,1601,1493,47196,47481,Low,0
4573,Jul,HR,8,39851,87,24,4,24,4876,2766,47481,47511,Medium,0
4574,Aug,Finance,6,31771,92,24,2,32,4313,2117,47511,42474,Low,0
4575,Oct,Sales,6,28318,90,23,3,12,6253,1002,42474,36396,Low,0
4576,Dec,Operations,7,46643,98,20,1,8,6900,952,36396,55247,Low,0
4577,Nov,HR,13,38637,80,25,5,27,3690,2934,55247,46010,High,1
4578,Mar,Sales,14,29245,96,25,1,11,739,2377,46010,30167,Low,0
4579,Jan,IT,6,38219,80,25,5,12,1509,745,30167,41304,High,1
4580,Jun,IT,6,43176,96,21,1,16,2815,2180,41304,47057,Low,0
4581,Sep,HR,6,41401,81,22,5,28,5165,2250,47057,51148,High,1
4582,Dec,Operations,10,18597,100,21,0,10,5877,2202,51148,25071,Low,0
4583,Jun,Sales,2,24965,89,20,3,23,4206,2041,25071,32998,Medium,0
4584,Aug,Operations,14,49336,92,22,2,16,2221,2408,32998,52933,Low,0
4585,Jul,Operations,13,38290,85,23,4,10,5716,278,52933,46709,Medium,0
4586,Sep,IT,10,22508,96,25,1,3,2392,2310,46709,23166,Low,0
4587,Apr,Finance,8,40929,98,24,1,4,3744,561,23166,45493,Low,0
4588,Sep,HR,15,26892,98,25,1,27,5430,804,45493,38651,Low,0
4589,Jan,Finance,9,48457,98,22,1,7,6357,1300,38651,54533,Low,0
4590,Oct,Finance,11,19919,99,26,1,6,2710,1060,54533,22512,Low,0
4591,Apr,Finance,13,28251,92,22,2,36,7843,641,22512,44034,Low,1
4592,Jul,Sales,3,42385,82,25,5,22,5041,2945,44034,49535,High,1
4593,Sep,Finance,13,33623,100,22,0,36,1626,553,49535,43118,Low,1
4594,Jun,IT,10,47728,98,21,1,0,7191,203,43118,55259,Low,0
4595,Jun,Finance,7,22563,97,22,1,5,2012,748,55259,25146,Low,0
4596,Sep,HR,0,48547,95,22,2,10,5288,135,25146,56925,Low,0
4597,Feb,HR,15,37994,82,20,4,29,5399,517,56925,50143,High,1
4598,Feb,IT,9,32132,97,25,1,10,4320,130,50143,38671,Low,0
4599,Nov,HR,2,39695,92,21,2,4,5896,77,38671,47234,Low,0
4600,Aug,HR,6,42465,85,20,3,35,2549,737,47234,53195,Medium,0
4601,Feb,Operations,5,45828,98,20,1,14,6342,615,53195,54836,Low,0
4602,Mar,HR,9,33700,100,20,0,11,7845,678,54836,43776,Low,0
4603,Jul,Finance,12,19535,96,21,1,39,1221,1120,43776,29627,Low,1
4604,Dec,HR,10,24930,99,25,1,23,7904,2514,29627,35708,Low,0
4605,Sep,Finance,0,29522,88,21,3,14,5375,2495,35708,36639,Medium,0
4606,Mar,IT,3,41555,88,24,3,18,4953,1983,36639,49739,Medium,0
4607,Jan,Finance,3,21019,95,22,2,34,956,1644,49739,28519,Low,0
4608,Dec,Finance,14,25805,93,23,2,22,1995,1240,28519,31612,Low,0
4609,Feb,Sales,8,18372,91,22,2,5,7096,1483,31612,25376,Low,0
4610,Nov,HR,6,26123,86,23,4,30,1548,698,25376,35136,Medium,0
4611,Sep,Operations,0,39664,87,21,3,24,2993,1490,35136,47067,Medium,0
4612,Jun,Finance,15,47681,97,20,1,37,5048,746,47067,61339,Low,1
4613,Nov,Operations,10,46201,88,22,3,26,4164,1996,61339,54655,Medium,0
4614,Nov,Operations,14,27892,84,24,4,13,6411,777,54655,37509,High,0
4615,Jul,Finance,2,29237,91,23,3,0,6029,1257,37509,34572,Low,0
4616,Oct,IT,4,29371,99,23,1,38,3149,1157,34572,40895,Low,1
4617,Oct,Sales,7,25566,81,25,5,26,7336,1065,40895,38971,High,1
4618,Mar,Sales,8,41645,93,24,2,3,5435,871,38971,47568,Low,0
4619,Nov,Sales,3,21277,82,21,4,35,6164,1995,47568,33440,High,1
4620,Oct,Finance,10,49805,84,25,4,34,2378,265,33440,60996,High,0
4621,Apr,Sales,3,48437,84,20,4,14,2128,371,60996,53189,High,0
4622,Aug,IT,10,18661,86,24,4,15,1158,981,53189,22506,Medium,0
4623,Apr,Operations,10,41885,83,23,4,24,2399,2391,22506,47182,High,0
4624,Jan,HR,9,32692,92,22,2,5,6224,379,47182,40333,Low,0
4625,Mar,Sales,3,39795,99,20,1,11,3021,1992,40333,43394,Low,0
4626,Jun,Sales,10,46962,93,21,2,25,7335,2681,43394,57526,Low,0
4627,Aug,HR,7,36801,82,22,4,2,4269,2880,57526,38744,High,1
4628,Dec,HR,4,33064,90,23,3,11,5670,577,38744,40416,Low,0
4629,Jul,HR,10,22629,85,25,4,5,7436,1583,40416,29635,Medium,0
4630,May,Sales,11,19880,87,20,3,23,4178,1733,29635,27763,Medium,0
4631,Mar,IT,6,29568,80,24,5,15,1863,694,27763,34619,High,1
4632,Jul,IT,7,39373,87,26,4,2,5496,2372,34619,43225,Medium,0
4633,Aug,IT,14,45516,93,21,2,14,5039,2789,43225,51431,Low,0
4634,Apr,IT,12,21015,96,26,2,15,2320,2028,51431,25148,Low,0
4635,Feb,HR,4,40402,88,22,3,22,1774,2284,25148,44726,Medium,0
4636,Oct,IT,12,27892,87,20,3,11,3824,2559,44726,31442,Medium,0
4637,Apr,Sales,7,45605,88,20,3,16,2897,1576,31442,50684,Medium,0
4638,Nov,Operations,1,19953,88,24,3,37,2122,496,50684,31407,Medium,1
4639,Apr,Sales,2,39764,88,21,3,5,4288,2990,31407,42692,Medium,0
4640,Apr,Operations,14,36421,93,21,2,39,3724,2105,42692,47859,Low,1
4641,Sep,Operations,4,45809,86,26,4,28,4471,2774,47859,54986,Medium,0
4642,Jun,Sales,3,27743,92,22,2,7,806,2067,54986,27920,Low,0
4643,Aug,Operations,10,48398,87,21,3,12,3320,181,27920,54733,Medium,0
4644,Sep,Sales,15,27090,88,20,3,37,4114,2719,54733,37029,Medium,1
4645,Aug,Operations,6,37255,86,21,3,0,2493,2191,37029,38149,Medium,0
4646,Dec,Operations,15,18298,88,20,3,4,7056,420,38149,25936,Medium,0
4647,Feb,Sales,13,35953,94,26,2,16,4569,89,25936,44296,Low,0
4648,Nov,HR,6,39047,95,25,2,5,6473,860,44296,46627,Low,0
4649,Jan,Finance,14,27101,95,25,2,23,3063,578,46627,34977,Low,0
4650,Jul,IT,1,43617,92,24,2,26,7712,1768,34977,56505,Low,0
4651,Oct,Sales,9,22950,93,26,2,39,4690,1412,56505,36162,Low,1
4652,Nov,Finance,6,25053,88,20,3,28,7609,2455,36162,36883,Medium,0
4653,Aug,HR,5,34676,92,24,2,11,3280,1723,36883,39484,Low,0
4654,Jul,Operations,3,33034,98,23,1,26,7172,2585,39484,43674,Low,0
4655,Dec,Finance,0,47256,81,22,5,38,7902,2706,43674,61914,High,1
4656,Oct,HR,12,35614,95,24,2,37,530,2846,61914,41935,Low,1
4657,Dec,Finance,3,20940,83,25,5,24,6496,831,41935,32493,High,0
4658,Feb,Finance,7,25632,80,22,5,8,3581,2619,32493,28754,High,1
4659,Jun,Finance,12,41713,89,26,3,1,6323,1565,28754,46912,Medium,0
4660,Jul,Operations,8,36745,90,23,3,16,197,644,46912,40976,Low,0
4661,Apr,Operations,14,40046,84,24,4,34,6911,756,40976,54640,High,0
4662,Aug,Finance,14,48713,89,25,3,25,5163,889,54640,59203,Medium,0
4663,May,HR,1,39744,89,24,3,6,2698,255,59203,43982,Medium,0
4664,Sep,Finance,10,47704,83,25,5,32,5947,2878,43982,58023,High,0
4665,Nov,Operations,10,26101,89,22,3,20,6390,1679,58023,36058,Medium,0
4666,Jul,HR,13,31510,92,21,2,15,6909,1779,36058,40290,Low,0
4667,Dec,Sales,7,47838,92,20,2,23,5441,1093,40290,58136,Low,0
4668,Sep,Operations,0,23871,84,25,4,37,5143,2306,58136,35400,High,1
4669,Jun,Finance,14,23051,88,20,3,25,35,2086,35400,27872,Medium,0
4670,Jan,Sales,4,18626,82,26,5,18,2721,1132,27872,24002,High,1
4671,May,Operations,6,27746,87,24,4,37,3173,1458,24002,38207,Medium,1
4672,Mar,IT,12,32072,92,24,2,38,4174,1744,38207,44147,Low,1
4673,May,IT,14,36481,96,25,1,13,6246,2799,44147,43621,Low,0
4674,Apr,Sales,0,49346,100,26,0,8,6336,2184,43621,55558,Low,0
4675,Nov,Sales,0,37056,91,21,2,7,2503,2162,55558,38858,Low,0
4676,Dec,HR,3,21448,86,26,4,34,2829,302,38858,32789,Medium,0
4677,Nov,Sales,6,38406,94,25,2,14,4328,594,32789,46145,Low,0
4678,Mar,Operations,5,19633,91,22,2,9,501,144,46145,22126,Low,0
4679,Aug,HR,5,18796,86,23,4,34,6005,2948,22126,29923,Medium,0
4680,Mar,HR,0,31958,82,25,5,40,4442,983,29923,45394,High,1
4681,Dec,IT,15,24868,87,20,3,33,7687,2121,45394,38166,Medium,0
4682,Oct,Operations,2,38881,84,20,4,16,3221,1814,38166,43809,High,0
4683,Feb,Sales,1,29814,99,23,1,5,1594,2510,43809,30137,Low,0
4684,Feb,Sales,8,24140,87,23,3,12,1518,492,30137,27413,Medium,0
4685,Jan,Finance,3,41968,88,26,4,3,229,1255,27413,41274,Medium,0
4686,May,Sales,7,43448,95,21,2,5,5819,143,41274,50533,Low,0
4687,Mar,Sales,14,44862,83,21,4,16,4744,2041,50533,52261,High,0
4688,Jan,Finance,0,25078,84,20,4,11,970,2984,52261,25562,High,0
4689,Aug,Sales,4,41845,86,20,3,8,1970,1636,25562,43981,Medium,0
4690,Aug,Sales,8,25307,85,24,4,9,3970,376,43981,31395,Medium,0
4691,Feb,IT,7,36964,92,20,2,12,5813,936,31395,44162,Low,0
4692,Jan,IT,1,38541,84,25,4,14,6137,1823,44162,46268,High,0
4693,Feb,Sales,3,24332,94,24,2,12,894,142,46268,28224,Low,0
4694,Oct,Operations,11,37328,87,21,3,35,7620,1929,28224,51587,Medium,0
4695,Jan,IT,9,46086,85,22,4,28,2250,1550,51587,53253,Medium,0
4696,Aug,Sales,3,49250,94,23,2,33,7827,1390,53253,64207,Low,0
4697,Jul,IT,9,36649,94,21,2,18,6562,2123,64207,45345,Low,0
4698,Feb,Sales,5,40080,90,21,3,14,2635,2598,45345,43348,Low,0
4699,Jun,Finance,1,30876,93,20,2,29,4471,2318,43348,40861,Low,0
4700,May,IT,15,30738,90,22,3,10,1890,239,40861,35473,Low,0
4701,Sep,HR,3,25750,98,26,1,19,6314,359,35473,37138,Low,0
4702,Feb,HR,3,43246,100,26,0,20,541,2010,37138,46270,Low,0
4703,Jun,HR,13,47285,87,21,3,10,1943,92,46270,51133,Medium,0
4704,Mar,HR,9,26668,100,21,0,31,859,2181,51133,33193,Low,0
4705,May,Sales,12,26364,85,24,4,16,1868,2777,33193,29008,Medium,0
4706,Sep,IT,0,35592,81,24,5,14,2613,463,29008,41717,High,1
4707,Oct,HR,7,36843,81,23,5,18,4647,682,41717,45497,High,1
4708,May,IT,2,31330,100,23,0,33,7391,2885,45497,44375,Low,0
4709,Nov,HR,5,36257,99,24,1,9,6471,1507,44375,43850,Low,0
4710,Aug,Finance,0,30461,81,26,5,28,2478,925,43850,38616,High,1
4711,Jan,Finance,12,21060,91,24,3,35,3744,1216,38616,32816,Low,0
4712,Jul,Operations,13,46130,83,20,4,29,6092,1893,32816,58133,High,0
4713,Jun,Operations,15,31020,90,21,3,26,6109,2018,58133,42115,Low,0
4714,Aug,Operations,11,25480,98,25,1,9,558,1079,42115,27596,Low,0
4715,Jan,Finance,14,44771,82,26,5,37,4308,453,27596,58530,High,1
4716,Nov,Sales,4,24336,98,21,1,31,7732,1706,58530,38747,Low,0
4717,Dec,HR,14,37778,90,21,3,32,7754,205,38747,53315,Low,0
4718,Nov,Sales,6,22155,98,24,1,20,6459,1646,53315,32718,Low,0
4719,Jul,Operations,3,39813,89,24,3,26,3388,714,32718,48262,Medium,0
4720,May,Finance,15,41049,84,20,4,0,1597,2300,48262,40279,High,0
4721,Sep,HR,8,19578,94,26,2,26,4485,1518,40279,29590,Low,0
4722,Jan,Finance,9,19318,85,25,4,14,5958,1091,29590,27093,Medium,0
4723,Oct,Sales,6,29475,88,26,4,20,2864,1873,27093,35690,Medium,0
4724,Feb,Sales,15,48090,87,24,4,21,7042,2012,35690,58416,Medium,0
4725,May,Operations,11,18509,99,22,1,40,7553,1267,58416,34359,Low,1
4726,Oct,Finance,3,43222,86,22,4,24,6808,2958,34359,52337,Medium,0
4727,Nov,Finance,13,44947,94,26,2,22,692,2540,52337,49151,Low,0
4728,Oct,IT,15,39464,85,26,4,32,1290,703,49151,47799,Medium,0
4729,Jun,Sales,12,37741,88,25,3,9,5072,655,47799,44450,Medium,0
4730,Jul,IT,4,37768,88,21,3,18,2668,2477,44450,41771,Medium,0
4731,Aug,Operations,2,23870,88,25,3,21,1768,2277,41771,29008,Medium,0
4732,Mar,Finance,9,20414,83,25,5,3,5731,2821,29008,23298,High,0
4733,Sep,IT,15,22816,99,23,1,5,1464,1804,23298,23408,Low,0
4734,Aug,Operations,11,41604,86,20,3,2,2908,2208,23408,43068,Medium,0
4735,Jan,Operations,12,32417,81,24,5,13,934,2497,43068,34387,High,1
4736,Mar,IT,11,31377,83,25,5,3,7566,1711,34387,37855,High,0
4737,Aug,HR,11,44544,87,24,4,30,5943,2925,37855,54791,Medium,0
4738,Sep,Finance,6,24943,98,20,1,4,7503,235,54791,32691,Low,0
4739,Oct,Operations,15,23448,93,20,2,24,4000,690,32691,32529,Low,0
4740,Jun,Sales,12,21134,96,23,1,3,6160,2441,32529,24811,Low,0
4741,Jan,Finance,0,28348,82,21,4,24,2449,1217,24811,35699,High,1
4742,Jul,IT,0,28624,97,23,1,26,6783,1601,35699,40199,Low,0
4743,Jun,Finance,10,44925,81,21,4,29,35,827,40199,51667,High,1
4744,Aug,IT,8,23642,80,23,5,24,2353,1073,51667,31258,High,1
4745,Feb,Operations,7,47306,95,20,1,13,5700,2012,31258,54992,Low,0
4746,Jan,HR,8,22437,90,22,3,5,2303,952,54992,24787,Low,0
4747,Feb,Finance,2,23041,82,20,4,20,2310,2463,24787,28614,High,1
4748,Mar,Finance,11,42766,84,24,4,17,6108,568,28614,52310,High,0
4749,Nov,Finance,2,29031,89,20,3,39,2792,1472,52310,40497,Medium,1
4750,Nov,HR,4,20835,95,20,1,30,5483,2911,40497,30224,Low,0
4751,Apr,Operations,8,28823,96,26,2,3,5577,759,30224,34930,Low,0
4752,May,IT,10,20403,82,23,5,5,3062,1426,34930,22587,High,1
4753,Jun,IT,0,32983,92,25,2,30,5917,2605,22587,43944,Low,0
4754,Mar,IT,8,45125,81,22,5,15,1116,922,43944,49320,High,1
4755,Feb,Operations,7,30088,86,26,4,36,4346,2729,49320,40067,Medium,1
4756,Mar,Operations,9,22478,82,20,4,0,6086,2759,40067,25337,High,1
4757,Aug,Sales,10,40256,92,26,3,3,3998,2418,25337,42245,Low,0
4758,Feb,Finance,6,22699,98,25,1,18,2409,2637,42245,27350,Low,0
4759,May,HR,9,39028,100,21,0,37,4667,1332,27350,52382,Low,1
4760,Jan,HR,12,31168,87,24,4,14,2623,2746,52382,34731,Medium,0
4761,May,Finance,10,40155,96,21,1,21,2899,1178,34731,47389,Low,0
4762,Jan,HR,0,25206,82,20,4,22,6490,2305,47389,35540,High,1
4763,Feb,IT,4,22800,80,23,5,29,4225,1919,35540,32975,High,1
4764,Apr,IT,11,46035,92,21,2,40,483,1387,32975,55553,Low,1
4765,Nov,Sales,6,41829,99,22,1,13,4293,487,55553,48357,Low,0
4766,Jun,HR,3,26833,94,21,2,27,7930,1973,48357,39366,Low,0
4767,Nov,Operations,12,37349,84,23,4,40,3421,2150,39366,48437,High,1
4768,Sep,Operations,11,48163,85,21,4,40,6513,1730,48437,63314,Medium,1
4769,Mar,Finance,15,43157,96,23,1,0,7873,2203,63314,48759,Low,0
4770,Sep,HR,5,37761,82,22,4,1,6034,2093,48759,41467,High,1
4771,Sep,IT,11,33499,99,21,1,12,2810,1084,41467,38451,Low,0
4772,Jul,HR,10,32409,92,23,2,21,5324,1572,38451,41420,Low,0
4773,Jun,Finance,1,29322,99,22,1,35,6951,1406,41420,43725,Low,0
4774,Apr,IT,4,33658,82,25,5,22,5611,2215,43725,42681,High,1
4775,Jan,Sales,6,38102,84,24,4,37,380,495,42681,46532,High,1
4776,Oct,Operations,15,19184,90,23,3,34,950,60,46532,28918,Low,0
4777,May,Finance,11,39003,80,22,5,8,3338,2646,28918,41632,High,1
4778,Feb,Sales,10,33139,89,23,3,5,4654,993,41632,38070,Medium,0
4779,May,Operations,14,42516,95,21,2,32,5027,824,38070,55114,Low,0
4780,Nov,Sales,5,38356,97,25,1,9,4556,1568,55114,44211,Low,0
4781,Aug,Operations,14,33895,89,20,3,0,3721,1059,44211,37126,Medium,0
4782,Feb,Operations,4,29455,100,21,0,2,4895,1633,37126,33315,Low,0
4783,Apr,HR,1,36276,86,25,4,28,7048,2086,33315,48163,Medium,0
4784,Oct,HR,8,24986,82,24,5,19,21,1611,48163,27696,High,1
4785,Nov,Operations,12,30625,87,23,3,0,7043,87,27696,38241,Medium,0
4786,Apr,Operations,1,18995,86,23,4,20,862,1964,38241,22413,Medium,0
4787,Dec,Sales,1,34516,97,23,1,11,970,1210,22413,36547,Low,0
4788,Jun,Sales,2,47377,93,25,2,24,6914,548,36547,60354,Low,0
4789,Mar,Operations,9,23033,98,26,1,17,3175,2563,60354,27882,Low,0
4790,Feb,Finance,8,48794,87,21,3,29,7195,2255,27882,60586,Medium,0
4791,Nov,Operations,10,31563,85,23,4,39,3367,617,60586,43559,Medium,1
4792,Oct,Sales,6,48415,90,26,3,9,7797,1660,43559,57490,Low,0
4793,Mar,Sales,14,44195,81,21,4,32,6146,1739,57490,56609,High,1
4794,May,HR,14,36457,88,22,3,28,3905,900,56609,47127,Medium,0
4795,Jan,IT,14,22966,81,20,4,38,764,2296,47127,31481,High,1
4796,Dec,Operations,12,29310,100,22,0,7,7178,2688,31481,34879,Low,0
4797,Dec,Finance,6,28617,87,26,4,25,4863,1262,34879,37694,Medium,0
4798,Aug,HR,12,42653,87,22,3,13,2959,2841,37694,46636,Medium,0
4799,Dec,Operations,6,33426,88,24,3,34,7960,2979,46636,46468,Medium,0
4800,Jul,Operations,11,36322,92,24,2,22,5394,2211,46468,44551,Low,0
4801,Aug,IT,11,22832,96,20,1,27,7720,1093,44551,35884,Low,0
4802,Jul,Operations,1,34274,87,25,4,22,6969,26,35884,46022,Medium,0
4803,Apr,Finance,8,49355,93,26,2,14,1971,489,46022,54917,Low,0
4804,Apr,Finance,13,42932,89,24,3,6,4661,2250,54917,46315,Medium,0
4805,Nov,IT,5,34550,90,24,3,40,2429,2515,46315,44097,Low,1
4806,Feb,Operations,12,32225,98,24,1,39,1855,240,44097,43144,Low,1
4807,Jun,IT,12,24225,89,25,3,35,1912,395,43144,33934,Medium,0
4808,Oct,Finance,3,40376,88,25,3,30,3946,941,33934,50342,Medium,0
4809,Jan,IT,9,48092,81,25,5,1,5947,518,50342,53958,High,1
4810,Sep,Finance,3,32846,89,22,3,38,4063,2528,53958,43369,Medium,1
4811,Aug,Finance,2,23754,95,22,2,26,244,482,43369,30105,Low,0
4812,Apr,Operations,15,20176,93,22,2,28,4241,1266,30105,30133,Low,0
4813,Jun,HR,9,20205,96,20,1,26,3355,1809,30133,28282,Low,0
4814,Jan,Finance,14,41072,91,22,2,14,3967,2164,28282,45696,Low,0
4815,Sep,HR,10,18320,96,20,1,17,3635,1415,45696,24586,Low,0
4816,Feb,Operations,13,22370,90,21,3,3,3758,1616,24586,25102,Low,0
4817,Oct,Operations,6,46985,93,26,2,36,4898,2183,25102,59178,Low,1
4818,Dec,HR,6,38468,96,23,1,3,732,1362,59178,38475,Low,0
4819,Nov,Operations,3,43521,80,21,5,6,6922,2262,38475,50432,High,1
4820,Apr,Finance,4,44937,91,22,2,39,6367,1579,50432,60143,Low,1
4821,Mar,Sales,11,19902,91,23,3,8,7640,268,60143,29798,Low,0
4822,Oct,IT,7,25796,97,21,1,36,6918,1096,29798,40374,Low,1
4823,Jul,Sales,10,24608,81,24,5,37,6467,1835,40374,38772,High,1
4824,Sep,IT,10,47962,96,21,1,25,3050,2935,38772,54656,Low,0
4825,May,IT,15,32766,84,21,4,39,3010,2998,54656,41856,High,1
4826,Sep,IT,12,30267,87,24,4,3,4301,1065,41856,33607,Medium,0
4827,Jan,Operations,9,21916,100,23,0,31,2562,2607,33607,29221,Low,0
4828,Jan,HR,0,43657,97,21,1,31,251,1795,29221,50001,Low,0
4829,Dec,HR,6,48055,86,22,4,0,7334,1179,50001,54377,Medium,0
4830,Jul,Operations,13,48402,88,20,3,25,7992,2430,54377,60262,Medium,0
4831,Mar,Operations,14,30886,93,24,2,7,1574,2585,60262,31877,Low,0
4832,Apr,HR,3,37694,81,24,5,38,7632,2496,31877,52341,High,1
4833,Jun,Sales,15,48594,91,21,2,26,7490,2301,52341,59506,Low,0
4834,Dec,IT,7,18730,96,25,1,15,2278,493,59506,24695,Low,0
4835,Jan,IT,2,23702,98,24,1,23,7471,508,24695,36458,Low,0
4836,Jun,Operations,11,34367,95,25,2,18,2262,382,36458,41009,Low,0
4837,Oct,Sales,14,35054,90,20,2,16,3788,1741,41009,40527,Low,0
4838,Aug,Finance,1,31418,96,26,2,31,2840,2127,40527,40193,Low,0
4839,Mar,Finance,6,34407,89,25,3,38,2841,2928,40193,44419,Medium,1
4840,Jun,IT,4,31002,90,23,3,40,6761,663,44419,47359,Low,1
4841,Mar,HR,8,21560,80,21,5,31,6436,1525,47359,33482,High,1
4842,Jun,Operations,0,33606,92,26,3,20,2755,2213,33482,39799,Low,0
4843,Oct,Sales,5,34457,99,24,1,5,7237,1171,39799,41053,Low,0
4844,Oct,HR,7,38363,84,24,4,29,977,1871,41053,44477,High,0
4845,Mar,HR,4,47202,97,22,1,39,6258,250,44477,63622,Low,1
4846,Jun,Finance,2,20510,88,22,3,16,719,718,63622,25105,Medium,0
4847,Dec,Operations,15,39510,90,21,3,21,155,2873,25105,42402,Low,0
4848,Dec,IT,3,35371,98,21,1,11,794,44,42402,38555,Low,0
4849,Jun,Operations,6,32283,87,21,3,24,1397,1519,38555,37430,Medium,0
4850,Jun,Finance,0,25237,94,25,2,28,2516,908,37430,33664,Low,0
4851,Aug,HR,13,47233,92,25,2,19,5204,2669,33664,54231,Low,0
4852,Oct,Operations,14,24801,82,23,5,9,6392,1449,54231,32053,High,1
4853,Jul,Operations,15,42214,96,24,1,14,2424,2626,32053,44921,Low,0
4854,Jun,IT,10,26612,93,24,2,0,4147,1825,44921,29148,Low,0
4855,Nov,HR,5,39449,84,22,4,38,7802,746,29148,55747,High,1
4856,Jul,HR,4,35903,88,25,3,15,6696,2632,55747,44256,Medium,0
4857,Sep,Operations,9,48554,99,20,1,5,2630,2655,44256,50504,Low,0
4858,Jul,HR,8,21983,94,25,2,40,4164,1653,50504,34404,Low,1
4859,Jun,Operations,10,27104,92,26,3,13,1802,42,34404,32581,Low,0
4860,Feb,Operations,13,44106,88,24,3,23,930,1461,32581,49677,Medium,0
4861,Jun,HR,11,40685,97,21,1,16,4796,2436,49677,47251,Low,0
4862,Feb,Operations,15,46648,95,24,2,12,7846,1067,47251,56693,Low,0
4863,Sep,IT,7,36572,81,20,4,28,84,578,56693,42501,High,1
4864,May,IT,15,34131,94,25,2,36,5297,2019,42501,46331,Low,1
4865,Jan,IT,0,31038,94,20,2,31,944,1299,46331,38637,Low,0
4866,Feb,HR,15,45122,81,22,5,39,7145,1746,38637,60456,High,1
4867,Aug,HR,3,28969,87,23,3,29,5906,1692,60456,40699,Medium,0
4868,Feb,Sales,3,21539,87,24,4,14,805,1558,40699,24573,Medium,0
4869,Nov,Finance,14,31585,99,24,1,15,2803,889,24573,37662,Low,0
4870,May,Finance,1,48547,86,26,4,19,7539,1105,37662,59874,Medium,0
4871,Jul,Finance,11,33205,99,25,1,11,2156,1683,59874,37165,Low,0
4872,Mar,IT,7,26551,87,26,4,5,1140,1806,37165,27848,Medium,0
4873,Mar,Operations,4,25848,81,24,5,36,6514,1817,27848,38842,High,1
4874,Jan,Sales,2,24571,96,20,1,2,492,1420,38842,23649,Low,0
4875,Feb,Sales,11,20288,85,21,4,9,1304,157,23649,23718,Medium,0
4876,Oct,HR,8,30748,90,25,3,34,6749,2115,23718,44413,Low,0
4877,Mar,Sales,15,30585,88,20,3,22,3051,2621,44413,36713,Medium,0
4878,Oct,Finance,1,38731,90,22,3,31,1472,1860,36713,46471,Low,0
4879,Oct,Sales,2,45377,99,22,1,24,1010,72,46471,52859,Low,0
4880,Jun,Finance,4,23793,98,20,1,22,7354,2510,52859,34141,Low,0
4881,Nov,IT,10,43365,93,26,2,26,2204,2794,34141,49479,Low,0
4882,Jun,Finance,15,37081,80,23,5,38,4900,1451,49479,50030,High,1
4883,Jun,IT,9,46320,85,23,4,7,5531,495,50030,52872,Medium,0
4884,Apr,Sales,5,28093,94,23,2,13,4362,445,52872,35480,Low,0
4885,Jun,IT,6,42950,85,23,4,23,1293,1243,35480,48626,Medium,0
4886,Feb,Finance,11,35645,89,21,3,37,3566,311,48626,48118,Medium,1
4887,Nov,IT,14,30116,83,25,5,9,3721,1100,48118,35467,High,0
4888,Apr,Sales,14,26270,96,22,1,29,7553,2535,35467,38545,Low,0
4889,Jan,Operations,13,35511,94,24,2,16,487,154,38545,40357,Low,0
4890,Nov,HR,13,49097,83,25,5,17,3979,1509,40357,55964,High,0
4891,Aug,Finance,12,28746,94,21,2,31,5175,1339,55964,39894,Low,0
4892,Sep,IT,6,36879,94,22,2,15,454,12,39894,41115,Low,0
4893,Mar,Operations,10,34363,80,24,5,26,89,1307,41115,39738,High,1
4894,Jan,IT,2,45675,84,26,5,10,3226,755,39738,51157,High,0
4895,Sep,IT,9,19986,90,20,2,14,7756,2857,51157,28899,Low,0
4896,Oct,HR,0,29190,88,22,3,26,4401,2113,28899,37394,Medium,0
4897,Nov,IT,5,21067,80,25,5,18,2671,2500,37394,26429,High,1
4898,Nov,HR,7,46629,81,26,5,9,3992,1360,26429,50720,High,1
4899,Sep,Finance,3,24452,89,20,3,34,1247,945,50720,32933,Medium,0
4900,Nov,IT,12,47667,90,21,3,9,3098,987,32933,52088,Low,0
4901,Jun,Sales,4,29034,80,24,5,17,5734,1825,52088,37058,High,1
4902,Apr,Sales,2,30867,99,21,1,12,1847,15,37058,34924,Low,0
4903,Jun,Finance,3,45792,85,20,3,38,2457,1846,34924,55120,Medium,1
4904,Nov,Sales,4,22998,94,25,2,24,5064,1769,55120,31788,Low,0
4905,Dec,HR,9,20726,98,25,1,19,4609,447,31788,28854,Low,0
4906,Jan,IT,2,20717,91,20,2,7,1091,1109,28854,21906,Low,0
4907,Oct,HR,11,45577,87,20,3,9,7073,383,21906,54869,Medium,0
4908,Apr,IT,4,28127,86,20,3,26,7555,2815,54869,39853,Medium,0
4909,Nov,Finance,15,19024,86,21,3,26,7407,1434,39853,32096,Medium,0
4910,May,IT,7,45788,98,20,1,29,415,1458,32096,51783,Low,0
4911,Oct,Sales,5,22727,82,22,4,6,7098,87,51783,31772,High,1
4912,Jul,IT,5,30943,84,26,5,16,1256,1687,31772,34580,High,0
4913,Jul,Operations,14,23979,97,24,1,38,6797,151,34580,39429,Low,1
4914,Dec,Sales,9,40958,86,25,4,3,3986,1571,39429,44615,Medium,0
4915,Jan,Finance,0,47918,87,25,4,34,4084,2388,44615,58204,Medium,0
4916,Feb,Finance,8,46923,94,24,2,22,100,2784,58204,49537,Low,0
4917,Jan,Sales,13,29980,97,22,1,35,3086,1995,49537,39792,Low,0
4918,Jan,Operations,11,40978,84,25,4,16,6488,253,39792,51012,High,0
4919,Mar,Sales,10,48537,84,26,5,29,7090,2334,51012,60237,High,0
4920,Jan,Sales,12,47588,99,23,1,8,5043,1949,60237,52154,Low,0
4921,Nov,Finance,5,25815,99,26,1,26,3404,459,52154,34547,Low,0
4922,Nov,Sales,12,33826,91,22,2,5,6087,1386,34547,40282,Low,0
4923,Apr,Operations,15,18296,93,22,2,38,6911,1351,40282,32678,Low,1
4924,Nov,Operations,0,22082,91,20,2,33,1271,486,32678,31202,Low,0
4925,Oct,Operations,4,34432,94,20,2,36,3892,2392,31202,45680,Low,1
4926,Sep,IT,8,20100,81,24,5,29,1870,2109,45680,27174,High,1
4927,May,HR,13,40022,84,22,4,6,961,250,27174,42110,High,0
4928,Apr,IT,14,25512,100,20,0,19,6340,453,42110,36863,Low,0
4929,Jun,Operations,9,39812,92,20,2,36,4926,434,36863,52961,Low,1
4930,Sep,IT,4,37390,82,23,5,33,4392,396,52961,49539,High,1
4931,Jan,Sales,11,44611,82,20,4,20,376,699,49539,48986,High,1
4932,Aug,IT,9,36624,92,22,2,27,7487,522,48986,50889,Low,0
4933,Jun,Finance,1,27704,99,20,1,39,27,2847,50889,33843,Low,1
4934,Jan,IT,3,19810,82,26,5,14,1672,1051,33843,23174,High,1
4935,Sep,Sales,3,45995,93,25,2,6,1821,1593,23174,47697,Low,0
4936,Oct,Finance,7,25532,82,24,5,17,420,935,47697,28878,High,1
4937,Sep,IT,14,38822,83,25,5,40,2523,883,28878,50219,High,1
4938,Dec,IT,8,37767,82,25,5,26,1113,1769,50219,43447,High,1
4939,Apr,Finance,15,19996,80,20,4,10,7183,1048,43447,29172,High,1
4940,Jan,Sales,3,25742,92,23,2,11,1533,2106,29172,28068,Low,0
4941,Apr,IT,0,45877,86,21,3,21,6865,2301,28068,55789,Medium,0
4942,Sep,Operations,13,36040,94,21,2,20,3880,2463,55789,41901,Low,0
4943,Oct,HR,10,25411,82,21,4,7,5863,1877,41901,31802,High,1
4944,Aug,Finance,7,38234,96,23,1,38,7210,1410,31802,54016,Low,1
4945,Jan,IT,7,39323,93,20,2,6,3850,641,54016,44700,Low,0
4946,Nov,Sales,13,41608,93,25,2,18,3093,2258,44700,47716,Low,0
4947,Apr,HR,15,47350,95,24,2,19,1405,1048,47716,53059,Low,0
4948,Jul,Sales,4,46050,98,25,1,4,7507,1452,53059,53701,Low,0
4949,May,Operations,11,21009,95,22,2,16,7230,33,53701,31563,Low,0
4950,Apr,Finance,6,28948,93,20,2,11,559,1509,31563,30087,Low,0
4951,Jan,IT,3,27632,96,21,1,9,71,764,30087,29287,Low,0
4952,Dec,HR,6,49013,82,21,4,8,1167,2430,29287,49523,High,1
4953,Aug,HR,13,47881,89,20,3,18,7675,1891,49523,58861,Medium,0
4954,Nov,HR,7,42465,89,21,3,27,3169,1770,58861,50804,Medium,0
4955,Jan,IT,7,39042,83,25,5,24,2355,1485,50804,46708,High,0
4956,May,HR,5,45112,89,24,3,35,7079,476,46708,60102,Medium,0
4957,Apr,Sales,15,19280,84,25,4,29,5850,1242,60102,31098,High,0
4958,Apr,Sales,12,48074,96,26,2,9,6812,2577,31098,54440,Low,0
4959,Sep,Sales,6,49405,96,25,1,16,4276,2661,54440,55797,Low,0
4960,Dec,Operations,2,45742,80,21,5,29,5280,2966,55797,55822,High,1
4961,Jan,Sales,12,22120,92,26,3,24,1732,1444,55822,28956,Low,0
4962,May,Finance,12,33785,99,23,1,34,543,1596,28956,40807,Low,0
4963,Sep,Finance,3,22418,100,25,0,37,1174,1993,40807,30485,Low,1
4964,Nov,Sales,15,37252,81,21,4,13,1505,1469,30485,40338,High,1
4965,Dec,Sales,15,46483,83,20,4,13,2138,2586,40338,49239,High,0
4966,Apr,Operations,14,42775,81,22,5,28,5091,2960,49239,51786,High,1
4967,Dec,IT,10,25872,99,26,1,12,5929,2809,51786,31458,Low,0
4968,May,Operations,13,18413,100,26,0,5,3337,2312,31458,20733,Low,0
4969,Sep,Operations,4,23155,91,25,3,40,2583,2260,20733,33994,Low,1
4970,Mar,Operations,3,32934,81,26,5,6,6662,1590,33994,39517,High,1
4971,Mar,IT,7,24708,100,25,0,10,3928,1403,39517,30333,Low,0
4972,Dec,IT,1,40962,82,23,5,24,1961,2153,30333,46792,High,1
4973,Apr,Finance,11,24905,99,25,1,21,3215,2934,46792,29842,Low,0
4974,Sep,Finance,4,18749,93,25,2,30,3134,1298,29842,28733,Low,0
4975,Nov,Sales,13,27644,99,24,1,3,3636,2776,28733,28996,Low,0
4976,Aug,HR,12,33491,88,22,3,39,391,729,28996,43012,Medium,1
4977,Jan,IT,13,30247,92,24,2,28,1802,1353,43012,38121,Low,0
4978,Jan,Finance,3,22813,86,20,3,11,7275,52,38121,32405,Medium,0
4979,Mar,Operations,4,21274,94,22,2,15,4841,1964,32405,27516,Low,0
4980,Jul,Operations,9,32281,85,23,4,7,2625,444,27516,36559,Medium,0
4981,Oct,Operations,7,30531,93,23,2,11,385,2975,36559,30212,Low,0
4982,Jan,IT,6,26563,95,24,2,2,4270,34,30212,30659,Low,0
4983,Apr,Finance,3,32781,97,26,1,21,3510,1708,30659,39865,Low,0
4984,Dec,Operations,3,37326,89,26,3,22,592,2040,39865,41171,Medium,0
4985,Sep,HR,14,36590,87,24,4,20,4976,780,41171,46412,Medium,0
4986,Aug,Finance,5,35476,98,25,1,35,2220,2615,46412,44265,Low,0
4987,Dec,Operations,9,31730,97,20,1,2,2783,170,44265,34546,Low,0
4988,Jan,IT,3,45770,95,21,2,15,6217,1813,34546,54388,Low,0
4989,Jan,HR,4,31465,81,20,4,15,7059,2877,54388,39419,High,1
4990,May,Operations,10,32170,96,26,2,36,4093,1788,39419,43429,Low,1
4991,Dec,Sales,11,22441,96,26,2,39,3950,2731,43429,32796,Low,1
4992,Aug,Finance,6,40510,94,26,2,39,1084,2100,32796,49171,Low,1
4993,Nov,IT,15,36276,87,22,3,22,4292,1622,49171,44648,Medium,0
4994,Feb,Finance,9,49279,85,21,4,21,5536,1821,44648,59034,Medium,0
4995,Feb,Sales,1,38749,80,20,4,8,2889,1677,59034,42623,High,1
4996,Jul,Finance,5,30298,82,25,5,25,5145,1417,42623,40502,High,1
4997,Aug,IT,1,25154,89,25,3,25,6147,289,40502,37901,Medium,0
4998,Oct,Finance,8,24383,91,20,2,6,4251,2290,37901,27080,Low,0
4999,Sep,Finance,10,32705,86,21,3,37,5948,1215,27080,47057,Medium,1
5000,Feb,Finance,15,31819,96,20,1,14,166,755,47057,34528,Low,0
